amount,transaction_frequency,account_age,transaction_hour,previous_average_amount,failed_attempts,location_change,is_new_beneficiary,is_fraud
1838.9770607033201,2,1082,8,2764.9352324094893,0,0,0,0
656.4314054122286,2,253,1,806.0413182262906,0,0,0,0
62.2482027673526,2,139,22,81.28354973629563,0,0,0,0
195.7894136481492,2,400,13,293.57019865382756,0,0,0,0
401.7272011405383,5,545,8,301.3782206019853,0,0,0,0
674.5357479281288,2,1241,8,775.393266162387,0,0,0,0
139.5999696934573,5,306,16,106.00244361952373,0,0,0,0
108.92623813792315,1,845,15,83.33535721368712,0,0,0,0
204.29340792294883,2,1162,0,195.45224601907293,0,0,1,0
34.63961576861537,5,1267,7,53.005958312358004,0,0,0,0
74.90093135462092,4,1033,18,51.23434167024465,0,0,0,0
238.17616314847376,4,632,15,203.9569979521256,0,0,0,0
107.76587067479774,2,1051,13,100.34606041636863,0,0,0,0
47.240337835681984,6,481,15,63.940593828382035,0,0,0,0
435.8870078799411,1,1604,17,592.5003045988019,0,0,0,0
378.77382445856784,2,379,13,313.58790675597305,0,0,0,0
81.8877608047514,2,388,8,105.45497295372876,0,0,0,0
154.6437780043019,2,1433,6,102.07082560516386,0,0,0,0
116.3830229483394,3,1642,21,151.53082059871258,0,0,0,0
151.7784222307735,2,643,20,203.0208704740391,0,0,1,0
180.08073116398825,3,1469,14,196.0973418629424,0,0,0,0
393.08663951393237,2,1412,14,368.79022527341937,0,0,0,0
1211.2088602215347,2,279,15,852.0194274068784,0,0,0,0
66.9502806441221,3,447,21,55.78439225501797,0,0,1,0
233.44460114864586,5,487,10,157.67042030790842,0,0,0,0
32.15098366711963,6,1194,11,37.610951559150415,0,0,0,0
596.48614743679,4,909,15,836.0677420926412,0,0,0,0
174.55373471997643,6,1607,7,246.59890267286883,0,0,0,0
731.0244070555414,4,700,11,1097.6875678287588,0,0,0,0
37.82617412731952,3,803,15,29.371456766665847,0,0,0,0
104.69009535441955,3,1333,10,103.45240103000187,1,0,0,0
217.5707102379434,2,730,7,183.61159981310792,0,0,1,0
236.15432428228658,3,1649,18,296.519165553892,0,0,0,0
85.99113617823419,3,664,15,63.45266605200156,0,0,0,0
177.16166516530984,3,846,14,149.43390453442305,0,0,0,0
186.69494121114843,2,384,23,232.78851378493158,0,1,0,0
18.526884964459484,2,339,8,24.12496164131489,0,0,0,0
37.48431251016385,1,76,11,23.9241230355433,0,0,0,0
17294.465472695138,6,286,0,1000.3231120586912,0,1,1,1
257.23583051665486,3,132,9,397.5184578311689,0,0,0,0
707.5277187252997,2,502,17,508.45639536461186,0,0,0,0
376.400562299573,5,1144,15,320.23370121795955,0,0,0,0
75.3413379649437,1,270,10,52.569857157903094,0,0,0,0
309.1936811142489,4,1140,15,347.55772005191,0,0,0,0
549.5591031367234,6,986,14,536.0233108371501,0,0,0,0
192448.66127508914,13,385,2,368.4748370899823,1,1,1,1
91.65648025259235,5,1581,16,67.05222546682775,0,0,1,0
254.16402215915159,1,919,17,288.00382043208964,0,0,1,0
58.833324010111745,2,434,9,77.71968122871777,0,0,0,0
280.96935744965987,4,1221,15,381.57043024506845,0,0,0,0
6811.887988453552,10,743,15,964.2409231637473,2,1,1,1
179.45523563838728,4,1737,12,163.22407454192177,0,0,0,0
27.876039267238657,6,1645,9,43.36691658501523,0,0,0,0
58244.78115806237,9,386,8,1105.381086604124,2,0,1,1
376.5366275666362,2,1395,17,552.532257886264,0,0,1,0
412.3638303510106,6,1253,6,606.5001459315838,0,0,0,0
408.6221219485751,3,1068,17,329.7932651257714,0,1,0,0
1182.174797804368,2,350,4,1645.531900802282,0,0,0,0
40897.45359662699,4,756,13,232.84653280216742,1,1,1,1
191593.23913121657,11,1049,1,1127.2274501255642,3,0,1,1
24.562425955974522,4,1656,9,37.20670924990614,0,0,1,0
131.5729830246734,4,1014,6,82.80852698418427,0,0,0,0
17.167959448077752,2,1506,17,22.844731620644943,0,0,1,0
561.7411692992015,1,245,10,569.3333978548546,0,0,0,0
302.2152273403035,2,614,3,369.06768511157736,0,1,0,0
1050.1560407968084,2,1430,7,1177.4750795129723,0,0,0,0
323.5555349765638,5,557,5,449.6139199445475,0,0,0,0
292.83020436276405,5,190,12,364.8330254508891,0,0,0,0
250.8104111246243,2,184,11,275.7512888421986,0,0,0,0
92.10425716635132,1,128,3,74.66160703813124,0,0,0,0
220.66289955527114,2,1188,11,351.53345315176136,0,0,0,0
60.164705059177905,2,1179,15,58.5887015895617,0,0,0,0
407.7769671746399,2,761,8,366.75925731131997,0,0,1,0
180.36678521379324,2,654,17,153.35826342014897,0,0,0,0
57825.12250470638,6,1065,10,852.4565830619176,0,1,1,1
128.84353885793496,3,1581,18,199.02357907310923,1,0,0,0
47.80007692110602,2,1214,15,72.4815531731674,0,0,0,0
327.56839762482707,3,353,10,501.03496893754823,0,0,0,0
334.2697630411708,2,1753,21,313.0502021621782,0,0,0,0
452.10059290122695,2,139,21,684.9652500279251,0,0,0,0
3172.2671210568606,11,983,5,964.6138984372807,2,1,1,1
58.16018586458171,3,1053,14,38.96565706416439,0,0,0,0
289.5192234221451,4,812,14,201.732976703775,0,0,0,0
49.837765851163944,4,972,10,34.48466867087936,0,0,0,0
27.33044890090868,2,283,12,21.385054296976225,0,0,0,0
214.1872420386214,2,1130,3,188.18321386314176,0,0,0,0
33.38256045309038,5,469,13,33.93879815263343,0,0,0,0
128.17238443947664,3,415,14,119.1824516235635,0,0,0,0
165592.19334770198,10,12,1,730.5907991586254,2,0,1,1
96.44551869708074,6,1719,20,122.2002392859217,0,0,0,0
96.54424855168608,3,853,11,141.0363110292847,0,0,0,0
155.78354477051352,1,1452,13,153.82283306024306,0,0,0,0
2500.0,9,804,0,717.8984928398341,0,1,1,1
530.5879228166386,2,931,15,587.7551163232863,0,0,0,0
292.4799095470142,3,605,17,461.6005785035217,0,1,0,0
343.66299178623916,4,997,9,341.2849979966681,0,0,0,0
188.19775351310378,3,318,11,265.77999586409055,0,0,1,0
3480.654170762257,7,1,4,271.5087424708033,3,1,1,1
39.55859408917784,5,637,17,51.98501520306277,0,0,0,0
92.68777314217097,4,1544,16,116.17288650436561,0,0,0,0
96.81898319032906,3,1360,16,145.50950684691747,0,0,0,0
956.434696214839,6,253,16,862.7532498052528,0,0,0,0
221.34727301725144,4,1320,9,223.38235715053426,0,0,0,0
34247.01835076027,10,21,23,717.5605436366246,1,1,1,1
71.20047864294432,2,980,11,109.17420423932498,0,0,0,0
142.3412193515707,4,1774,17,203.97203960324643,0,0,0,0
7639.728734606931,8,534,5,845.1680244106674,1,0,1,1
512.915113696828,1,1624,18,377.8892852286756,0,0,0,0
192.70861447674076,1,794,9,170.62093124253133,0,0,0,0
136.81869346608647,2,1095,14,194.61706292635614,0,0,0,0
174.46482565718776,4,540,18,124.00602371358995,0,0,0,0
528.0107909343394,4,696,19,434.4488992385127,0,0,0,0
2500.0,9,917,4,104.16131786673495,1,1,1,1
122.55102873625253,4,118,10,181.80876453392997,0,0,0,0
163.95415552284658,3,461,18,154.91146361003922,0,0,0,0
5315.8763363638345,8,18,21,314.00580276826776,2,0,1,1
64.66938964055603,4,1783,9,98.0243019265205,0,0,0,0
660.2092053086543,3,1322,17,1007.3738145983459,0,0,1,0
99.51408856584317,4,546,20,141.87756854477993,0,0,0,0
29.57727402371409,1,1410,10,34.12218701535148,0,0,0,0
32458.292114377997,6,11,3,1144.537450577983,2,0,1,1
159.02270788109442,4,1394,15,252.00534386413577,0,0,0,0
7399.79740378595,8,3,18,99.38076686961894,0,1,1,1
2500.0,10,336,1,834.4959282973289,0,0,1,1
84.5811279741369,5,551,11,80.10129207929968,0,0,0,0
3855.154402666612,9,13,8,231.04938047378707,2,1,1,1
22.480098364479815,3,570,16,23.746107210578092,0,0,0,0
573.6076468370162,1,96,20,476.86636151063675,0,1,0,0
178.63709188849737,2,105,15,281.6455359797582,0,0,1,0
158.86614639098212,4,244,5,189.20180675569435,0,0,0,0
27.50171159436034,2,1321,12,43.66920715139119,0,0,0,0
347.0695845247232,3,587,21,511.1608631203513,0,0,1,0
294.89455492908075,3,1235,0,397.7502692282564,0,0,0,0
19.340182002370682,4,1176,12,24.86746776742185,0,1,1,0
87.3027291832897,2,61,5,78.795403899299,0,0,0,0
69.18169095125319,4,188,16,86.57668956106154,0,0,0,0
29.24872452253124,6,515,14,34.64217564683033,0,1,0,0
304.63845903538305,2,189,17,407.8666062864167,0,0,1,0
1002.7274723566115,1,847,9,700.9189430489411,0,0,0,0
377.59102098994566,2,492,5,392.9675319778242,0,0,0,0
80.1451881883355,1,1606,10,78.86470459036441,0,0,0,0
62820.9196064841,13,855,23,145.4518717863669,1,1,1,1
69.47369572697161,6,882,16,90.06667526654238,0,0,0,0
96.48514137657831,2,1095,6,67.29625470860083,0,1,0,0
79.92692225060715,1,764,6,50.02716083269213,0,0,0,0
27.188540447534276,2,684,6,28.944075447684757,0,0,0,0
2500.0,9,27,17,605.6952699945924,0,1,1,1
17.743765525368637,3,349,23,16.11055835560334,0,0,0,0
50.462700580824446,6,410,16,42.78309189051436,0,0,0,0
72.26618051340661,2,1527,7,109.89777715101717,0,0,1,0
41539.74295043103,7,25,1,186.61105685786856,3,0,1,1
355.5746062841821,4,1588,16,389.6211437061259,0,0,0,0
555.5629781003787,3,577,4,793.456080587319,0,0,0,0
124.10671160609172,2,1500,13,181.40443990250395,0,0,0,0
592.9905905477947,4,1121,19,531.1235116367815,0,0,0,0
232.2516034338155,6,506,2,173.14199297875615,0,0,0,0
249.42422138547997,3,708,14,380.4219859573105,0,0,0,0
238.01621567256382,3,290,19,308.9641026525043,0,0,0,0
477.89422709616895,2,1789,8,661.8172804807165,0,0,1,0
186.2965039294998,3,1617,19,268.06636752042056,0,0,0,0
33.476529149409394,4,1307,6,42.57744768259834,0,0,0,0
40.34178687125488,1,1702,10,52.3204892590124,0,0,0,0
374.3813147778645,2,1437,18,551.3133187513818,0,0,1,0
228.69218218609166,2,1286,8,333.30060859097665,0,0,0,0
2500.0,7,316,11,1103.380673007042,1,1,1,1
8898.301824154647,4,24,3,575.7920378975736,2,1,1,1
82.24294639034245,2,1214,10,61.761342891608955,0,0,0,0
273.083010102566,3,552,17,254.65946384204423,0,0,0,0
2892.8624575138156,7,6,2,281.4334670239478,2,1,1,1
134.57818742436123,3,747,13,186.8892677979736,0,0,0,0
379.4226911900132,2,1609,0,232.81461418726806,0,0,1,0
700.2597179162485,2,748,12,432.9741096054578,0,0,0,0
399.3189013659082,6,176,22,391.25343035350846,0,0,0,0
20.41001284154929,3,143,10,16.322716293738146,0,0,0,0
56.82760702779201,2,1118,8,54.40972681612586,0,0,1,0
2500.0,11,79,4,444.2033017555431,1,1,1,1
153.44765245377192,2,849,15,141.27359802109217,0,0,0,0
158.38151866179686,2,522,14,232.08805988542866,0,0,0,0
160.46081207548272,6,648,13,150.215987386858,0,1,0,0
192.0755706526542,4,1577,18,178.68889341357996,0,0,0,0
336.35303235262256,3,1308,13,385.12474695910237,0,0,0,0
57.680983312240635,1,828,11,91.12625840426062,0,0,0,0
3717.546793314966,9,27,12,693.0845569489612,2,1,1,1
72.50328227653058,5,344,13,64.409454968505,0,0,0,0
95.33863712126605,3,180,6,83.39829975994833,1,0,0,0
194.4641257250239,3,781,15,204.11167970772618,1,0,0,0
311.50330146122405,2,530,21,236.54577700046343,0,0,1,0
84912.21626795793,12,1079,3,842.6732388198034,1,1,0,1
566.6654431071341,1,1648,8,348.66207653430433,0,0,0,0
180.29831858270364,3,1249,14,172.92370132304666,0,0,0,0
539.7280872442658,3,566,11,770.6626138258925,0,0,0,0
569.9837685632406,2,701,23,605.0834503689139,0,0,0,0
501.97112580579955,2,395,14,770.2902405071118,0,0,0,0
667.4274926699592,6,373,10,907.7000314337356,0,0,0,0
97.87125640673257,2,265,11,93.08523136189517,0,0,0,0
317.7707330197241,2,195,7,345.6430686694558,1,0,1,0
69.70624023258068,5,1568,11,110.86217616158538,0,0,0,0
192.01249571816106,3,485,11,174.45446787920633,0,0,0,0
150.02776071012678,2,337,13,133.536107113325,0,0,0,0
520.4337445147715,2,951,15,485.18447035135284,0,0,1,0
108.33105109723176,3,1261,3,157.96209129811558,0,0,0,0
132.71430196176243,1,330,12,178.28301925200904,0,0,0,0
64.75308578973397,4,745,11,88.14292950025222,0,1,0,0
534.3006668235831,5,1241,7,330.13305610160916,0,0,0,0
160.77331605483297,2,1779,7,143.11555786795483,0,1,1,0
931.2644197047216,2,648,11,1265.0470611815333,0,0,0,0
308.6407143832703,3,1560,13,351.0412667837888,0,0,1,0
19.170876402831773,2,302,4,23.793178516273706,0,0,0,0
326.2498591237974,1,1562,14,378.4084759316963,0,0,1,0
148.9992254209272,2,1732,20,142.88856797230827,0,0,0,0
691.5938238588514,3,135,10,561.5723066811164,0,0,0,0
359.90866906864807,2,656,5,221.88030356372323,0,0,0,0
176.03821890023232,2,1238,13,191.43545547792755,0,0,0,0
412.2546068240604,3,1214,7,577.6798642484242,0,0,0,0
217.700947361593,1,1023,12,309.234085682823,0,0,0,0
24.86642819692038,3,496,6,17.613913747730102,0,0,0,0
104.8282005291647,5,651,7,83.86913777105576,0,0,0,0
19.944180193695786,6,1695,5,28.372659191591673,0,0,0,0
489.87068897196474,3,1555,7,530.2438257950738,0,0,0,0
120.39629823002934,3,239,17,181.67716935085804,0,0,0,0
418.8137202716837,2,112,15,507.678545298612,0,0,0,0
1116.003203010973,4,1668,7,1425.5170965552577,0,0,0,0
100.2176855148373,4,585,9,70.48034558575787,0,0,0,0
273.08406163255944,4,1387,13,318.6452022769872,0,0,0,0
281.34911961452474,1,1419,15,396.98880710744805,0,0,0,0
686.5320913504091,3,408,9,1039.3351588893356,0,1,1,0
359.80786009345263,1,798,17,284.19952396824664,0,0,0,0
117.49354908039409,4,858,12,121.96520638800256,0,0,0,0
2500.0,6,435,15,927.2156026863154,0,1,0,1
374.4297547788256,4,271,7,471.3237345946961,0,0,1,0
279.32773898670507,2,1741,22,282.80989936246726,0,0,0,0
253.55668667673723,6,1790,3,303.2102171526627,0,0,0,0
192.74429340939315,3,1623,12,266.1447035262017,0,0,0,0
1082.8973913387997,3,147,10,1600.2257534228586,0,0,0,0
110.46095538962977,2,88,22,145.45037576442203,0,0,0,0
118.3206198266346,3,1756,14,152.95512257200068,0,0,0,0
781.1870045703134,3,491,12,820.9552455632119,0,0,1,0
22.882807374011612,1,913,16,25.252856228896334,0,0,1,0
544.114656022014,4,1688,9,414.9677709188055,0,0,1,0
247.59854314410913,3,220,14,191.79502637550632,0,1,0,0
467.8366279595076,2,1249,9,613.0985017462697,0,0,0,0
36.86255331659801,1,361,14,29.363227610092896,0,0,0,0
29806.99468445641,9,15,15,118.91979553470202,1,1,1,1
137.9546016468165,2,849,20,94.64156513394632,0,1,0,0
87.78954916739148,3,125,7,110.96560244652316,0,0,1,0
595.1905912635929,3,1278,7,498.3218300252543,0,0,1,0
2500.0,6,13,0,484.22055930818175,2,0,1,1
32.75956440105039,2,1689,6,50.9597103090641,0,0,0,0
151.88184656495,3,868,7,216.04545335657374,0,0,1,0
22.879414482890137,2,1497,10,35.02438978851568,0,0,0,0
882.0107213595633,4,1215,1,1249.0476475609232,0,0,0,0
17.74281088891142,3,1338,11,15.336633301728973,0,0,0,0
116.13713317237065,1,1570,10,105.16355091570313,0,0,0,0
56.62837502437104,2,426,14,59.90412500638077,0,0,0,0
252.9704027339216,3,297,2,276.2897931228166,0,0,1,0
104.17404401641602,6,1533,17,69.23763741765924,0,0,1,0
788.9190881883197,2,1082,13,1212.4300668696276,0,0,0,0
89.57793555201151,6,636,19,95.04114569990797,0,0,0,0
323.31191504718976,3,1501,14,372.1889659691858,0,0,0,0
55.00336712902882,2,318,8,76.94867033255213,0,0,0,0
193.53536165482663,3,1271,9,151.56925617490313,0,0,0,0
92.01279812908139,2,1763,15,135.67416495321464,0,0,0,0
50.45314430105309,1,551,12,42.05531623216632,0,0,0,0
103.73021040697977,3,853,23,123.538462769,0,0,0,0
97.72184806865101,2,1635,8,144.5662256491796,0,0,0,0
65540.46511034673,8,1104,6,995.3783396887711,0,1,0,1
692.3053678835677,2,1354,12,779.2714850510213,0,0,0,0
283.3403182190221,3,624,10,177.2597475183396,0,0,0,0
372.42929766678964,5,1626,6,316.5357710613442,0,0,0,0
80.81909121047899,6,116,13,100.15318037226636,0,0,0,0
59.993453105602256,3,377,18,49.351044765504845,0,1,0,0
98.41143113744324,5,1686,19,110.40795968433314,0,0,0,0
95.23108792952443,6,1167,16,100.60743411803412,0,0,1,0
27.41379400881211,4,1743,6,20.347456768495135,0,0,0,0
252.7477512845653,2,906,10,323.483611877586,0,0,0,0
489.3537336176717,5,846,9,430.5521811790075,0,0,1,0
54.4203813640162,2,31,18,39.82864169077306,0,0,0,0
7862.189153623795,7,9,0,1117.5857679292828,3,1,1,1
247.20079207707323,2,685,3,280.5730032248977,0,0,0,0
99.58894143119942,3,151,11,133.86175905529254,0,0,0,0
38.541858797966455,3,369,13,44.615688497176905,0,0,0,0
403.751454146419,5,1615,11,315.79368754257797,0,0,0,0
41.37342394284184,2,959,12,63.18532920856731,0,0,1,0
3502.6773832708777,11,8,10,341.9219560458346,0,1,1,1
648.1828829688714,2,743,12,511.46972709363627,0,0,1,0
350.19980511135515,3,61,14,441.1004846286248,0,0,0,0
307.91948742205926,2,1641,21,313.3990494166522,0,0,0,0
2500.0,9,11,6,979.799117533892,0,1,1,1
144.52950661024386,6,1225,12,116.15941494650768,0,0,0,0
49.7967836108368,1,859,17,33.400578668943524,0,0,0,0
152.9254388681019,2,987,19,165.0479245468702,0,0,0,0
18.822017135507416,1,1029,17,19.825628647386257,0,0,0,0
419.2408761838356,2,1450,10,486.97589678358287,0,0,0,0
306.9793906051159,2,873,8,195.53459461630078,0,0,0,0
123.56551443088715,4,1359,10,140.97455202116853,0,0,1,0
318.94226568427746,3,1523,21,349.22008392013765,0,0,0,0
275.1115132806377,3,177,13,432.1965585586057,0,0,1,0
111.65568901347429,6,424,17,149.18149926282766,0,1,0,0
166.6517370455274,6,66,16,243.39728459198267,0,0,0,0
12540.076548433293,9,1,12,382.94671849132743,1,1,1,1
9594.468248730307,7,17,4,1047.2621055215895,3,0,1,1
8033.568148075794,9,25,6,247.88090931297958,1,1,1,1
2016.5445589452554,4,1241,8,2089.6957997063455,0,0,0,0
2500.0,10,27,1,877.2607437282261,0,1,1,1
168530.80233229842,10,1052,14,77.27161836205761,1,0,1,1
800.3008568238338,1,1211,14,623.0781081237423,0,0,0,0
17289.0541672749,13,28,10,897.0450814669827,3,0,1,1
495.33736329385965,6,55,6,299.87896900111576,0,0,0,0
2627.7607569801935,11,16,5,121.25436427856813,3,0,0,1
213.42502459723946,1,714,14,249.74511651320415,0,1,1,0
134.49546689028767,3,190,15,195.5664170812196,0,0,0,0
210.76684162871112,2,1117,9,248.12162311208468,0,0,1,0
410.6848250252278,5,738,9,492.4274189701995,0,0,0,0
139.88131509961983,4,724,16,85.07543851019194,0,0,0,0
504.56606771789296,3,220,15,600.7195273941938,0,0,0,0
584.282710012471,5,479,19,771.6376702779307,0,0,0,0
53.07882352746739,2,1439,8,55.69008785012693,0,0,0,0
47.095659755895475,4,479,16,47.08792759047578,0,0,0,0
2500.0,7,24,3,915.4749772920982,0,1,1,1
99.60887133635318,3,452,17,138.42431230692827,0,0,0,0
207.79885334589142,6,1638,12,250.20418804123295,0,0,0,0
3446.10856668533,12,582,20,1110.0647805547148,3,1,1,1
250.02472914336695,4,1425,9,226.19592045813872,0,0,0,0
103.24017393836313,3,698,11,102.50651339184186,0,0,0,0
2500.0,5,9,3,183.9132502411442,1,0,1,1
274.0779312220932,2,40,13,189.00923792327458,0,0,1,0
340.27686705842876,3,1799,6,346.57330592816305,0,0,0,0
58.18479073517588,4,298,6,46.14674217656794,0,0,0,0
91.695787294158,3,1083,13,55.61087076531214,0,0,1,0
238.04821260389298,3,584,13,166.26417447574804,0,0,0,0
92.46068147468962,2,1025,3,58.23002055642225,0,0,0,0
66.87348215502128,3,393,12,101.51985829796895,0,0,0,0
190.87446008942572,3,662,10,207.25689667895466,0,0,0,0
92.77086670990737,1,184,12,80.71724512469292,0,0,0,0
99.17962214865987,1,1352,9,64.29378770967149,0,0,0,0
744.7938826273004,2,1155,8,517.5340812736931,0,0,0,0
369.09400095208787,4,570,10,355.9424006080135,0,0,1,0
5941.604677962049,8,24,2,547.9269237403928,2,1,1,1
622.5610795134493,1,1713,18,989.8182691105104,0,0,0,0
230.33684445182266,2,425,15,158.70470312114654,0,0,0,0
75.92312677321408,4,365,14,78.82309788065943,0,0,0,0
450.837117163035,1,496,18,372.05054031877467,0,1,0,0
100.64092191675778,3,277,13,100.53120735242989,0,0,1,0
193.52772397730715,3,50,16,119.03149756882743,0,0,0,0
287.7172683583524,3,1729,19,233.38054037758894,0,0,0,0
760.3573688102541,2,242,19,861.8318891148124,0,1,1,0
19205.096823456683,6,117,10,465.87212612624677,0,1,1,1
83.47220857335034,3,229,9,53.5814704464008,0,0,0,0
332.34446726682455,3,1740,5,418.62180956922947,0,0,0,0
75.82061594459368,2,767,16,86.41838041359708,0,0,0,0
625.8231838132032,2,1018,8,835.6402530005522,0,0,0,0
159.7427859623753,1,1548,7,140.1499665328456,0,0,0,0
30.89432389118995,2,628,8,44.24693681505286,0,0,0,0
653.3734761884182,3,1646,16,835.4238532869688,0,0,0,0
247.5849883094133,1,1037,16,358.2009075740219,0,0,1,0
175.09948628155556,4,1146,9,249.25807339649776,0,0,0,0
25.792639811011842,1,806,10,37.95356726247964,0,0,0,0
139.59666934699487,3,859,13,89.76721269163947,0,0,0,0
164.37646142082914,4,1092,18,148.27303277162386,0,0,0,0
207.24715821329178,3,663,9,245.55955361028347,0,0,0,0
382.7224220185656,3,361,15,307.27401295774223,0,0,0,0
33807.45767110593,6,19,1,861.8508991204851,2,1,1,1
6882.517414657642,11,19,12,982.6290922190449,2,1,1,1
240.04237764223433,1,402,12,351.7392971859691,0,0,0,0
372.1099304944139,4,522,7,514.6159858317297,0,0,0,0
204.8234297848152,3,1683,8,285.05298514522616,0,0,0,0
894.2947558516487,4,795,13,1288.755205280302,0,0,0,0
37215.75390402571,3,29,15,1000.5568378726693,0,1,1,1
11.516350148096835,3,1272,12,15.921018889667407,0,0,0,0
81.87634376856364,3,1421,7,92.42700069186175,0,0,0,0
851.8288647468369,2,725,13,1314.4068516272607,0,0,1,0
63.150243167282675,1,948,6,86.61068578997822,0,0,0,0
561.6219338712652,5,378,9,799.6491027081779,0,0,1,0
109.4691519157784,3,1081,19,173.58024367388057,0,0,1,0
344.78378059312604,3,54,9,502.7788199633454,0,0,1,0
280.09420411815614,3,1744,13,285.6045035398448,0,0,0,0
144.3367133737001,3,1563,4,209.89895011554734,0,0,0,0
242.98859356529812,5,1569,6,231.15101969533097,0,0,0,0
58.74640917031067,2,576,6,56.697421255695346,0,0,0,0
1303.1548865978505,2,231,16,1290.95146249567,0,0,0,0
8732.603151468491,9,26,4,360.7020123728291,2,1,1,1
688.5777761854896,4,971,17,815.983068740328,0,0,0,0
299.2447037361778,4,1665,14,406.7146300483503,0,0,1,0
512.5454365404805,2,982,15,796.865697165152,0,0,0,0
285.3490792930767,3,996,19,197.91424527792395,0,0,1,0
17477.991495505474,8,368,4,453.6196745429203,1,1,1,1
298.1692000346409,2,950,11,433.2646535472221,0,0,0,0
2500.0,5,15,17,550.9513230418984,3,1,1,1
119.99774647059442,3,1276,6,128.03432641690054,0,0,0,0
726.390176245193,6,1372,17,771.9627408138507,0,0,0,0
6352.607951162541,9,27,8,1077.0830334877442,1,1,1,1
168.97662708612702,3,663,7,167.8803804796094,0,0,1,0
56.86460269277205,2,1091,11,71.29479408273791,0,0,0,0
156.92388577555548,2,33,10,148.79048045199693,0,0,0,0
333.74014072917106,2,841,15,533.4381500240279,0,0,0,0
102.53874745734971,5,393,8,149.4640310234405,0,0,0,0
171.83701106449686,6,1473,14,164.38807768060303,0,1,0,0
29.957679100207642,6,611,17,36.012853565166175,0,0,0,0
8429.461949708957,6,832,1,725.5563921357829,1,1,1,1
761.4636408229411,3,1091,10,1106.0513395378123,0,0,0,0
15126.877969810394,13,1117,16,1058.9796756409442,1,0,1,1
12343.738469901142,10,889,14,258.1316429553906,0,1,1,1
1216.9849835079594,4,1687,7,1192.3625962426327,0,0,0,0
70.66535648320934,5,1301,15,44.863100328951695,0,0,0,0
143.66423365503348,3,254,4,97.85704788822568,0,0,0,0
59.468962765486914,3,783,16,75.74200698239022,0,0,1,0
37.18020390964656,3,1275,16,41.47410341406536,0,1,0,0
543.651832998278,6,425,13,775.3747840587176,0,0,1,0
13304.885714654032,9,894,14,1103.7415253903393,1,1,1,1
462.1517028282213,2,1605,13,364.0354471676346,0,0,0,0
493.2981528460623,1,1652,12,691.7808654183506,0,0,0,0
43.744464295256314,2,1762,17,56.54152311702292,0,0,0,0
193.37458635739537,1,768,12,280.60754425369055,0,1,0,0
198.0689941089101,1,1076,8,217.4589423202327,0,0,0,0
247.7232060782326,3,235,7,372.7326938254696,0,0,0,0
24.949798914129566,6,1144,12,27.781774623858766,0,0,0,0
125.26400373425732,1,164,1,122.25585623385449,0,0,0,0
192.6424188037824,3,1380,14,236.52199210236375,0,0,0,0
306.8460285972965,6,200,8,311.87322722097304,0,0,0,0
437.40230365275113,3,611,8,295.18475117531756,0,0,0,0
14602.678024787578,10,8,5,156.43264336331112,3,1,1,1
166.06869569408087,2,326,17,248.2714560426964,0,0,0,0
4365.844060148658,10,3,1,1152.3708065937562,0,1,1,1
472.1431441299519,4,154,7,379.07496900867096,0,0,1,0
19771.46732609243,8,36,2,509.1098501296072,2,0,0,1
708.0725907285015,4,886,11,902.0552395784878,0,0,0,0
13.063654363556623,4,1224,14,10.474272132662152,0,0,0,0
86.12578601575542,3,1055,14,66.29296138786009,0,0,0,0
238.4563415434178,4,174,13,288.38273118019845,0,0,0,0
47.35012780699264,4,1543,20,33.60434040381412,0,0,0,0
245.04680896106424,6,738,6,156.7607966797514,0,0,0,0
19750.63147016308,7,24,6,170.86068929866158,0,1,1,1
193.7635521506795,3,1392,15,254.4321849522572,0,0,0,0
2500.0,11,864,2,487.12199538290724,1,1,1,1
130.07766512809502,2,414,18,207.20754262761128,0,0,1,0
127.32212606019498,3,1402,13,87.78986755167996,0,0,0,0
417.8190683816336,2,656,7,446.9429410295361,0,0,0,0
386.85109633692014,1,596,8,370.3166477455216,0,0,0,0
230.96825570242933,5,669,20,241.08489712988086,0,0,0,0
8061.161426246049,11,471,8,615.8015333168925,1,0,0,1
37.18647474365248,5,72,12,52.369644910124286,0,1,1,0
269.6477462710666,1,1428,20,371.306188565558,0,0,0,0
24.02083463444209,3,330,21,15.051149572035577,0,0,0,0
1671.0559703711801,1,1538,19,1377.755197633621,0,0,1,0
186.58343554469684,3,1129,23,202.38667680275518,0,0,0,0
760.333099311117,5,1510,10,990.825143914561,0,0,0,0
449.9561466353723,1,254,10,681.384616214291,0,0,0,0
31211.821772744108,13,329,3,555.3689134404237,0,1,1,1
117.6983707575244,3,1300,1,124.08795511759413,0,0,0,0
241.5884220903974,2,369,16,285.5792127665782,0,0,0,0
840.4765149433616,3,205,15,748.8493251351,1,0,0,0
92.66613544900041,2,138,15,98.67750787804867,0,0,1,0
586.3074247260736,4,559,9,692.0272164446756,0,0,0,0
234.3720191470187,2,1449,10,259.793918394994,0,0,0,0
20.03937670500003,2,497,12,27.054258437454394,0,0,0,0
348.34821866606035,3,1327,16,465.781252336297,0,0,0,0
42.55149531365961,3,264,8,49.881068736375994,0,0,0,0
723.2740291843731,4,1408,1,486.11562141673664,0,0,1,0
40.1925658180195,1,1531,2,33.486083265893726,0,0,0,0
152.73884471499377,3,612,20,177.42913590849702,0,0,1,0
344.3772379163914,2,1113,15,335.4589870282909,0,0,0,0
100762.90656365798,9,1076,0,1106.2937990166395,3,1,1,1
303.6486605376205,2,969,13,341.01949871309296,0,0,1,0
159.47026839888645,3,1796,11,176.65264656087294,0,0,0,0
78.03828926696082,3,357,19,80.73384601064149,0,0,0,0
261.98130804056393,4,934,18,340.70884106561306,0,0,0,0
409.32682250799047,3,940,2,349.9703650054497,1,0,0,0
453.9067162231647,1,1666,21,319.0704416510237,0,0,0,0
375.7086295166707,2,1179,20,308.09186862145333,0,0,0,0
506.5256485225726,3,1730,13,739.7027819848238,0,0,1,0
22.802925919403677,4,251,11,34.30651624649232,0,0,0,0
262.90646317271967,3,1413,13,304.92943484046145,0,1,1,0
130.14459143139146,5,1200,17,128.31131361900793,1,1,0,0
15363.307332095019,9,15,2,479.9889123822984,1,1,1,1
322.8994653173834,5,522,7,218.21343645547563,0,0,0,0
12795.600632381464,6,432,21,307.7479540849441,3,1,1,1
27.608360711632873,4,689,12,20.465330106532107,0,0,0,0
99.49719207324613,3,64,9,72.0907055305629,0,0,0,0
287.6686739678602,3,659,16,373.23163691795963,1,0,0,0
859.9662241744775,2,1760,7,1092.4299991159523,0,0,0,0
729.2722589731239,2,1239,13,785.3523965476353,1,0,0,0
86.0458083148175,3,1191,14,110.87035034996795,0,0,1,0
184.72870540033546,6,347,20,244.12579559225946,0,0,0,0
112.87540283541074,3,403,2,161.36116445553327,0,0,1,0
50.273599053630626,4,1629,8,42.64604088997693,0,0,0,0
120.49673421849344,3,935,13,106.21268186243636,0,0,0,0
27.797126565661262,4,1175,8,26.02445955400349,0,0,0,0
9242.56572995573,10,14,1,620.1721990057737,0,1,1,1
27.883919235107477,5,838,8,39.37044553742883,0,0,0,0
14.631570259859803,2,1219,18,10.382989568017518,0,0,0,0
29.165343988613735,2,1461,9,32.53786310095137,0,0,0,0
370.59125227723956,1,1009,17,500.7978299513776,0,0,0,0
94.64603951134183,5,906,9,80.10206956426418,0,0,1,0
292.7611123210227,2,1327,14,236.48150246214746,0,0,1,0
177.14837302593418,6,482,9,260.0721842339652,0,0,0,0
114.24222016304999,2,928,8,155.0667450271935,1,0,0,0
86.26615182878857,2,1152,5,107.62842440331504,0,0,0,0
32.966580557728726,3,610,6,25.27626373098412,0,1,0,0
394.3536505629306,2,37,8,578.9938756483584,0,0,0,0
35.73922961195331,2,662,12,32.81433623394542,0,0,0,0
85.16509486359604,5,281,15,59.29975356380217,0,0,0,0
245.06119022787263,1,1760,8,152.84530999573897,0,0,0,0
442.1687938524844,4,1765,12,340.021039188669,0,0,1,0
209.99411537949914,3,128,9,159.08318526054165,0,0,0,0
14.569045101624308,3,233,16,20.83588515170823,0,0,0,0
47.92979310131013,2,1104,17,46.643284915667046,0,0,0,0
7479.117880865815,6,339,1,896.752614477418,0,1,1,1
102.57815725027685,2,238,17,79.7553296601607,0,0,0,0
30.018835826095685,2,855,13,29.795996944350094,0,1,0,0
17.7145794334763,3,268,22,26.25760733114999,0,0,0,0
168.38124907533827,6,515,19,110.22577089281396,0,0,0,0
143.41658348977552,2,887,20,99.33191343783218,0,0,0,0
988.6558831735513,4,67,12,638.2949279795039,0,0,0,0
66.30367719110288,2,663,5,99.91250030955385,0,0,1,0
139.23049826899867,2,534,5,221.16678980070355,0,0,0,0
76.22920848346101,3,43,10,93.46194978095956,1,0,0,0
193.1345772322663,3,1160,10,233.02788046220346,0,1,1,0
12.088686531311215,3,920,9,14.496913572951836,0,0,0,0
20.4074399485863,1,1411,17,28.110039919684137,0,0,0,0
1204.7093945062454,3,685,9,1212.9069396349357,0,0,0,0
29.003272063846804,6,1792,9,26.249932720626894,0,0,0,0
584.6793689002366,2,1402,8,927.1962834744397,0,0,1,0
246.7897344473642,2,472,14,252.04758395986636,0,0,0,0
334.62285585505356,3,774,19,427.3632964832971,1,0,1,0
31.96388041715127,2,1716,14,25.75844177204743,1,0,0,0
52461.58372538623,11,5,21,172.6176408362302,1,0,1,1
46245.80468036813,8,9,1,389.39201384633645,3,1,1,1
492.07968213309255,6,939,4,473.06855806039874,0,0,1,0
530.1277655956187,6,1144,22,734.7618546691668,0,0,0,0
78.7852887186101,5,820,16,113.6286769466515,0,0,0,0
4481.427486787893,10,935,3,881.2942566892935,2,0,1,1
90.71427914476628,3,1568,11,59.416523094107674,0,0,1,0
19303.476618114386,9,6,15,1185.7638298884883,3,1,1,1
36838.48643284131,14,17,1,196.19565462183127,2,1,1,1
137.505979882072,3,1492,10,156.45215706384948,0,0,0,0
157.43014995925958,3,1675,20,101.95333430113834,0,0,1,0
468.8381226028783,3,1531,17,701.4861842850574,0,0,0,0
15.681397369385028,3,434,6,16.733378641823556,0,0,0,0
108.00657760908646,4,1288,15,120.59414984596052,0,0,1,0
22.76569906042595,1,1681,13,32.6370976235467,1,0,0,0
5882.714653838849,14,27,1,418.17587631410066,2,1,1,1
447.56200391194915,2,1737,13,703.3309626010703,1,0,0,0
224.7446926888458,3,954,12,210.95199133837866,0,0,0,0
364.95086887031766,3,849,21,582.6629752928228,0,0,1,0
410.8431307557813,2,645,15,418.0864184722924,0,0,0,0
300.75954727668994,1,696,9,451.6601404529593,0,0,0,0
438.7933774616421,5,1660,12,577.5336218027181,0,0,0,0
18629.04967692573,9,575,11,540.1155036622185,2,1,1,1
27.114875329201745,3,72,18,39.8872103565583,0,0,0,0
655.562167838919,2,160,17,450.2331566499254,0,0,1,0
2569.067362613115,10,27,4,511.6575273924372,0,1,1,1
60.07290232655405,3,1207,7,41.73144870558026,0,0,0,0
44.906909424855,3,1347,6,46.20065438111776,0,0,0,0
197.47593405066385,1,52,5,126.01509575689643,0,0,0,0
52.011440107388125,3,1279,16,41.448430937306334,0,0,0,0
206.3751770594812,3,221,11,205.59568421158957,0,0,0,0
158.69634966710618,1,1092,10,110.28477662311168,0,0,0,0
142.87604297066542,5,1559,14,143.6239350447626,0,0,0,0
166.50185418298548,2,740,6,171.98308358510968,0,1,1,0
39.33594990668963,4,122,16,36.86549282259117,0,0,0,0
129.97183092182283,1,355,7,160.96397212285905,0,0,0,0
2500.0,6,1063,20,795.8496701488027,3,0,1,1
338.91729352122417,4,296,12,259.4168191232384,1,0,0,0
255.66233526611907,2,584,19,295.14893627939597,0,0,0,0
333.08409217257355,3,1158,8,327.9870722729471,0,0,0,0
10.30108470849595,5,1029,17,15.425061505898306,0,0,0,0
115.84866083235372,2,321,16,101.58365815345628,0,0,0,0
73.27051693296335,4,944,15,47.203252707916796,0,0,0,0
306.5667526893701,3,1522,17,369.0720594460555,0,0,0,0
10.46862492412132,2,1149,7,13.430969680124255,0,0,0,0
122.42430478917686,6,1443,5,80.7600853007583,0,0,1,0
27915.86800314052,6,1147,16,58.07697344307036,1,1,1,1
218148.74460362043,8,10,1,520.845261722172,2,1,1,1
10.235965140975729,4,1312,12,12.429955577934106,0,0,0,0
11.072737702992374,3,171,22,13.192846578334883,0,0,1,0
369.0681944992937,4,214,16,468.65205657291693,0,0,0,0
82.58748088232461,2,1149,17,111.71669928669941,0,0,0,0
138.49397846861012,2,145,9,160.97079130115176,0,0,0,0
67.43428839545959,3,1422,19,61.307125441947484,0,0,0,0
851.327052507603,1,1140,16,1159.4746323892145,0,0,0,0
2516.225863679353,8,27,5,163.81369452120322,3,1,1,1
2500.0,7,2,8,112.91949220307407,2,1,1,1
33.48214724995691,2,991,12,27.74408950821675,0,0,0,0
409.8694637476827,3,761,12,494.2792531362988,0,0,0,0
1101.068867055042,5,1469,18,830.6099897769781,0,0,1,0
31.212187645078014,2,291,12,39.554479628384634,0,0,0,0
92.98817666701235,5,1160,12,81.73293244168073,0,0,0,0
15.106172822156331,3,1535,21,9.419065761663266,0,0,0,0
65.70106444594408,5,261,12,100.01000223097085,0,0,0,0
39.05588218067861,3,1245,14,58.675734790227395,0,0,1,0
3149.820418638515,9,4,14,612.2556058975788,2,1,0,1
528.8729282097123,3,1788,18,784.9323639754017,0,0,0,0
13851.767612661435,12,359,5,510.0908784262257,2,1,1,1
281.84855109041706,3,642,11,224.9907330487702,0,0,1,0
55.86702260530331,2,540,21,33.59029787225954,0,0,1,0
442.0868585554682,2,624,8,492.05843194176873,0,0,0,0
190.50728875828193,4,1042,9,270.07125111594524,0,0,0,0
367.36113627603993,2,1115,12,519.8426939266124,0,0,0,0
121.50338682318188,1,83,14,154.92006710271812,0,0,0,0
60.05075082256819,2,1573,18,40.45609862564897,0,0,0,0
129.40308750019057,1,1755,20,113.33132397950347,0,0,0,0
130.1616155959083,3,1436,15,160.68114023469514,0,0,1,0
12089.016894458797,10,1,13,815.0939635760802,1,1,1,1
316.8756063983308,3,196,13,359.4194357592972,0,0,0,0
160.83336072096725,3,1240,14,244.8214135053794,0,0,1,0
667.5439263961403,4,864,13,785.8788974554135,0,1,0,0
232.16556510172452,2,403,1,158.91497239126514,0,0,0,0
450.7482541095925,1,1412,9,678.8040985373952,0,0,0,0
105.51639386620788,4,721,4,94.10916751156857,0,0,1,0
31.90813114588273,1,814,19,34.95122820700634,0,0,1,0
1036.4242805704346,3,1656,12,1103.0008436359021,0,0,0,0
35.99843236692806,3,1441,15,46.37570947429631,0,0,0,0
410.43379501247824,5,689,17,512.6058535651046,0,0,0,0
720.6485763819602,4,344,6,758.7186652130205,0,0,0,0
7496.895583000535,6,530,14,358.36517991761883,1,1,1,1
556.9073801246575,3,502,10,469.6150679033785,0,0,0,0
120.08345463259933,4,1713,14,164.29981399536427,0,0,1,0
280.2378361591665,3,522,17,333.82928031007407,0,0,0,0
176.18352056723015,3,1767,12,125.10264133916634,0,0,1,0
155.19431373411896,2,1421,14,238.96063662296328,0,0,1,0
1045.099259210327,2,754,14,882.5434521011618,0,0,0,0
169.05044711154636,3,901,12,175.49321434852695,0,1,0,0
99.09750597780176,3,1597,0,127.02763290966033,0,0,0,0
7292.8462353103,9,21,1,786.8841246387265,0,0,1,1
234.41815360379707,4,1449,17,165.78750053782582,0,0,0,0
271.2424272038795,4,115,8,376.54203614239344,0,0,0,0
90.11119149797648,1,487,14,121.06948927293733,0,0,0,0
479.96401783216817,3,344,8,644.1798096876046,0,0,0,0
382.6046021680487,2,149,9,375.947443764414,0,0,1,0
221.4894857819639,3,289,8,169.0623682268946,0,0,0,0
591.3243261524894,3,787,2,864.6936470185296,0,0,0,0
170.76026345678903,4,1525,7,245.95952478824256,0,0,0,0
275.8902692073389,5,790,7,431.8344233708237,0,0,1,0
447.0144522864795,1,637,13,288.4829018752893,0,0,0,0
203.22728450872157,2,1184,11,314.86054520086566,0,0,0,0
11681.055139536616,12,16,5,477.0267891958094,0,0,1,1
186.26739273515489,2,1721,7,157.57728237157497,0,0,1,0
431.40567009554513,2,76,14,406.7961284004527,0,0,0,0
142.39354470188746,3,412,16,220.39011842405364,0,1,0,0
486.7664019494227,1,902,10,410.13585050842164,0,0,0,0
11526.380928577571,16,505,3,804.1212545518453,1,0,1,1
602.281279536371,6,1662,15,486.6124603351919,0,0,0,0
147.34250993316206,3,1411,9,115.31753658445415,0,0,0,0
42.28681461040688,3,776,13,57.903947573761684,0,0,0,0
39.148040030962704,1,38,2,35.54624950959889,0,0,0,0
519.6105413099087,4,1457,20,570.0542510410351,0,0,0,0
203.49137115956117,4,644,7,283.4390036105801,0,0,0,0
30.426138863707777,2,1092,18,27.031957743663735,0,0,1,0
21.134483084081502,1,540,12,14.271420285890711,0,0,0,0
246.88948965574008,2,1443,11,311.2000299317414,0,0,0,0
93.27327289123775,1,1526,18,107.7884525888767,1,0,0,0
621.1539904591591,1,120,20,793.3865394444981,0,0,0,0
24.666609436404244,3,1467,7,20.582939845789507,0,0,0,0
27.472214624030748,3,1099,10,43.00225152399078,0,0,0,0
150.52324458787228,4,1046,20,98.23183321416111,0,0,0,0
132.6123284406283,1,1583,9,112.1444940030886,0,0,0,0
203.2242676158998,3,379,17,181.4609357089188,0,1,0,0
269.01508719019864,1,1217,10,407.0797283574523,0,0,0,0
438.17913466494593,5,1122,13,460.0068119826925,0,0,1,0
26.185201164706697,3,714,11,18.85243773541387,0,0,0,0
779.8643773335995,2,744,18,1218.2602623111454,0,0,0,0
1004.2414339455054,3,714,16,767.3057283980448,0,0,0,0
176.99920677261977,4,1483,18,238.55223091059713,0,0,0,0
10350.263593008433,8,14,18,246.94456038448925,3,0,0,1
41.94497440848049,3,78,16,41.718011600489675,0,0,0,0
210.35988115897314,4,624,11,133.37890639106425,0,0,1,0
12109.517319770184,12,28,3,600.0293077875624,1,1,1,1
606.5864661029435,5,1033,14,547.7938927465287,0,0,1,0
58.71235830752315,6,496,12,51.35911594875562,0,0,0,0
123.21868158570167,4,102,12,134.05943212503175,0,0,0,0
272.5892572019445,3,765,11,271.6848292116133,1,0,0,0
128.23621200450418,2,1726,23,154.2015546658075,0,0,0,0
99.19269531325953,4,1134,9,151.5793719856396,0,0,0,0
115.85338362349071,2,127,17,84.30204674468902,0,0,0,0
96.05574813848537,2,1598,8,120.82899935692062,0,0,0,0
136.93654815574683,2,216,19,203.83837075970098,0,0,0,0
25238.744002425963,4,323,16,588.0256553285401,0,1,1,1
48.82288663090335,6,1017,15,62.53751709040425,0,0,0,0
500000.0,5,21,2,417.51178211403527,1,0,1,1
12.943918153620507,2,1195,14,12.42343897725807,0,0,0,0
531.7334288856351,2,422,9,728.9467692412792,0,0,0,0
143.14479379483035,1,1249,15,203.342577406819,0,0,0,0
90.40978881067785,4,1194,6,120.17876858314216,0,0,0,0
4684.502976016223,14,19,2,519.9164686651834,1,1,1,1
97.9344953075247,2,699,9,133.59982161350217,0,0,0,0
14.53026573587119,4,207,2,19.70977396994708,0,0,0,0
114.56820129225801,3,1446,0,94.29853644568767,0,1,0,0
181.4036452340105,3,946,10,153.9635191930264,0,0,1,0
57.89811204781274,5,1439,10,74.14081939155271,0,0,0,0
53.375056056713184,2,879,11,62.475805871547415,0,0,0,0
282.91733033440113,5,1566,10,282.77618278496914,0,0,0,0
182.19543476222302,3,1000,11,145.25938289976858,0,0,0,0
88.52762620442014,2,712,15,55.465372027352885,0,0,1,0
92.1725901001239,3,287,5,63.35425033075232,0,0,1,0
100.87134034943074,5,844,13,70.11712835308967,0,0,0,0
35.15255281570025,1,1478,16,32.00891561803987,0,0,0,0
125.46467263390342,3,1706,17,129.76702992941492,0,0,0,0
316.9986016010481,3,822,15,395.25904883533065,1,0,0,0
1553.2627230336177,4,651,9,1591.24293457922,0,1,0,0
129.4928024749037,4,541,17,188.3167260803963,0,0,1,0
304.12459498118795,3,733,12,249.10027450513135,0,0,0,0
18.266728337496428,2,1322,4,12.399876078543558,0,0,0,0
330.67010438627614,3,410,4,338.02438384123604,0,0,0,0
123.18676867622874,3,1589,9,182.80542560103237,0,0,0,0
135.35959980019675,4,1041,9,160.25580124730186,0,0,0,0
366.8154475987896,6,408,16,378.28461412544124,0,0,0,0
590.1211558749417,5,312,11,672.1973841417329,0,0,0,0
373.6594139774948,3,1124,7,238.24784576348762,0,0,0,0
22238.46933132214,8,14,1,1156.508099026178,1,1,1,1
853.8205019711688,2,98,21,1338.0285120902424,0,0,0,0
191.75536725246081,4,467,18,255.15646206241485,0,0,0,0
686.799187770077,3,63,14,788.0551098618371,0,0,0,0
189.11707443492983,1,1047,13,248.2615551752966,0,0,0,0
19.28559181743784,3,245,11,16.924888511424943,0,0,0,0
10.013207081922083,6,773,7,9.288667782055496,0,0,0,0
160.0672765908212,1,1369,8,162.95696238972326,0,0,0,0
21.35272712714191,2,1747,8,16.581735413185818,0,0,0,0
185.0012961785826,5,1293,14,174.00625263672816,0,0,0,0
236.7451609093164,6,1126,18,216.0524030845398,0,0,0,0
3973.0425188995437,9,27,12,125.30358552809044,0,1,1,1
295.02532243887686,4,34,7,460.61926732352583,0,0,0,0
64.44528224103789,5,899,13,72.9819284411695,0,0,0,0
177.59978883190044,3,119,20,116.50387287552684,0,0,0,0
52.90139623703788,4,39,11,77.55754130437263,0,0,1,0
272.193453575692,2,566,10,322.39160422800035,0,0,0,0
626.5657454859877,2,1541,3,529.6123856229074,0,1,0,0
124.83927909161542,2,645,14,122.99690073753555,0,0,0,0
703.2511492142428,2,538,6,691.7291296492484,0,0,0,0
52.498890257602284,3,1189,15,80.48654452259318,0,0,0,0
182450.07590099217,11,4,13,711.5637218014457,3,0,1,1
246.50761800935877,3,450,9,178.12930347843502,0,0,0,0
1076.4665997008246,2,950,10,758.2521250402493,0,0,0,0
400.1003610393354,3,692,10,571.9415303071225,0,0,0,0
108.86207571315005,2,624,15,117.17494483821602,0,0,1,0
54.488511213109284,2,94,3,83.8510037236892,0,0,0,0
24.672882055079878,1,723,14,31.113780655087933,0,0,0,0
182.11432606317612,2,935,12,111.1067189555978,0,0,1,0
116.90521538901405,2,676,15,99.52681626952476,0,0,0,0
767.5933853287517,4,1111,13,1028.8144504913193,0,0,0,0
273.65827315194304,2,693,5,249.97199823042774,0,0,0,0
12410.218869432094,9,1016,16,844.7136835258002,0,1,1,1
23.986585695841065,2,970,19,16.20913863977369,0,0,1,0
49.634158625013725,1,951,5,64.47212610323676,0,0,0,0
135.41538503964455,4,1043,13,123.60722319594385,0,0,0,0
62.117510824931756,1,636,8,83.51652617864218,0,1,0,0
83.59399082515085,3,1770,17,106.08497248079352,0,0,0,0
228.8186244424414,3,294,12,238.80629799973786,0,0,0,0
5616.823040837267,7,27,9,142.34697620936797,0,1,1,1
278.9262640116367,3,1124,6,301.60373618017945,0,0,1,0
131.33468437476492,1,1585,10,132.29580250995227,0,0,0,0
58.0267046350493,2,233,14,46.35079647174133,0,0,0,0
188.3298594901125,3,1137,6,185.19260523983846,0,0,0,0
275.93054128331414,6,1562,10,367.8216992506764,0,0,0,0
109.71664839599055,1,324,8,96.39063209802649,0,0,0,0
26.620227773990347,5,1118,11,41.474706139388,0,1,0,0
12.584436696019612,4,1488,1,11.109291636709205,0,1,0,0
57.13404501332263,6,1165,17,75.68060255147684,0,0,0,0
144.53248182447825,2,1779,13,223.02670143679498,0,0,0,0
424.54686743340307,4,91,20,455.64457537599526,0,0,0,0
414.77156744464264,3,1014,4,542.0489290125357,0,0,0,0
71.86353954513848,4,293,10,88.25456885948539,0,0,1,0
36.246791361749295,4,1493,8,32.73476677325431,1,0,0,0
20310.39845877727,8,35,2,773.5443347716293,0,1,1,1
381.40345132996595,4,1649,18,419.6886608986632,0,0,0,0
177.0525801433896,3,1728,6,241.33946815276227,0,0,0,0
416.30683922665406,2,489,6,339.5122374533158,0,0,0,0
30.81651471667425,5,369,13,36.76727757229932,0,0,0,0
88.95397856731945,4,203,12,78.1013880973512,0,0,1,0
198.56985254848652,2,1608,8,213.73386559307016,0,0,0,0
5296.451179669407,9,1187,1,751.279228741738,0,1,0,1
484.8100713798517,3,346,8,684.8028237493742,0,0,0,0
9779.668221269883,6,10,16,392.79071209810667,0,1,1,1
12.469040424813375,2,1345,10,10.790062717233845,0,0,0,0
299.3619905589415,4,1628,11,478.5286202975273,0,0,1,0
43.53998035497862,1,772,18,26.326667938596284,1,0,0,0
615.7343286421423,4,1409,12,619.813125781849,0,0,0,0
27.699977992515738,5,106,12,26.79771083159052,0,0,0,0
2500.0,14,635,18,202.1268985503965,1,1,1,1
75.21075777751615,6,1353,18,119.17576254282018,0,0,0,0
95.20390334408219,1,404,23,69.23873076472557,0,0,1,0
124.63182879708474,4,254,17,116.89154926686756,0,0,0,0
80.7492360651752,3,527,12,97.13210894415872,0,0,0,0
512.6683919087293,5,1618,11,683.7545358123389,0,0,0,0
83.51183704266964,5,604,14,119.07956683009415,0,0,0,0
420.8880713589965,1,606,18,375.6372580796401,0,0,0,0
213.97832981192755,4,175,0,137.96251370208438,0,0,0,0
785.609598449539,5,1688,7,990.4453341891698,0,0,0,0
297.21871814429176,1,254,15,381.91194533401176,0,0,0,0
184.9649804727858,3,235,7,136.99972334607082,0,0,0,0
45.24379147899539,4,263,13,32.63906374429874,0,0,0,0
30.023837722111598,3,363,6,21.951688282140996,0,0,1,0
271.41068830074215,4,1221,10,199.6359604629867,0,0,0,0
371.54059912564657,3,1328,10,472.7484115717137,0,0,0,0
144.91571048618923,3,1027,17,180.7261869495037,0,0,0,0
34.474915454935044,6,111,19,52.3410490962806,0,0,0,0
104.66322392921438,4,891,16,75.51699912954668,1,0,0,0
304.47365957907215,3,452,11,378.72672688716926,0,0,0,0
285.6051844951765,4,1409,15,252.4153105402904,0,0,1,0
314.766226845505,1,1129,17,408.62393004745064,0,0,0,0
543.9602273608386,3,1123,17,356.59037253853467,0,0,0,0
294.56213156831404,4,970,0,367.05540200072994,0,0,0,0
407.94930894527874,4,1656,14,634.8286575245785,0,0,0,0
178.87383839099365,2,1366,9,273.20214768218125,0,0,0,0
819.4274105704569,4,1412,8,1121.768702999946,0,0,0,0
81.1323096554458,3,82,16,128.71806762713388,0,0,0,0
177.95224140099194,4,469,4,209.6537321434768,0,0,0,0
169.05278409309983,4,296,14,195.00337203823617,1,0,0,0
209.9957401050749,6,341,8,326.38386070085585,0,0,1,0
16209.535248868506,7,16,16,1110.8017711692248,0,0,1,1
257.44874300519234,5,1011,14,377.5578143406371,0,0,0,0
110.22563343791482,3,1011,7,88.80550345801309,0,0,0,0
55.690597314199636,3,870,9,41.07696666697222,0,0,0,0
298.022936182774,6,1265,12,179.44598305410048,0,0,0,0
20.61702461160855,1,696,4,19.585161154180664,0,0,0,0
252.44439229958644,4,578,15,331.7706183070028,0,0,1,0
434.52418480589046,3,769,8,410.42510485228075,0,0,1,0
35.26628619983654,1,805,15,44.5694171213254,0,0,0,0
5257.692333373508,10,18,5,945.5460051950831,3,0,1,1
51.779402602472246,4,1257,19,75.35782710364103,1,0,0,0
209.7528124984028,4,1543,12,145.77021052824315,0,0,1,0
38.05722157022203,2,630,9,50.26102303360924,0,0,1,0
98.78551203399087,3,661,10,108.20025459772377,0,0,0,0
1037.5773269076437,4,1187,20,1557.8750671206417,0,0,0,0
264.39125443252567,5,1097,21,352.33140569055365,0,0,0,0
91.02697677128548,2,595,8,97.51878595166194,0,0,0,0
154.6024618095193,2,48,8,182.9306990220664,0,0,0,0
48.360465308396236,3,1201,17,74.00723572167098,0,0,0,0
398.116999847057,4,474,12,277.36419370353383,0,0,0,0
533.7280125583858,4,1762,13,396.66737569690827,0,0,0,0
203.09064336163493,3,1096,9,217.08256725586702,0,0,1,0
381.7344259534304,3,890,13,418.1901469311855,0,0,0,0
65.59246861066082,1,324,17,57.80458798757651,0,0,0,0
936.3575938696197,1,432,11,1284.5383992211946,0,0,0,0
318.37493285391344,4,1361,9,257.9288006440029,0,0,0,0
64.94790961900516,1,1292,9,50.93493473154338,0,0,0,0
416.74895149849453,2,42,16,501.7537885679097,0,0,0,0
11850.776420424125,13,842,15,221.7959915954796,1,1,1,1
297.552261345453,4,1560,11,179.83433141462677,0,0,0,0
293.70270749451987,3,717,1,364.1842799017789,0,0,0,0
828.7683702622321,4,1225,7,1238.5302512503217,1,0,1,0
215.340715070213,4,650,16,185.19175118520616,0,0,1,0
800.5262714551815,2,557,17,492.51280367308726,0,0,0,0
30.426292145917476,4,1133,9,41.77077056482979,0,0,0,0
259.6087513013141,4,944,17,292.111492802184,0,0,0,0
106.28773462952168,4,1568,10,97.48963281094689,0,0,0,0
217.57695727982932,1,255,13,194.7419262397565,0,0,0,0
211.73240660506,2,95,12,225.63326421539645,0,0,0,0
5087.500532592945,4,4,4,704.9711750207789,2,1,1,1
20.062818759852142,2,707,7,26.155096821828888,0,0,0,0
15931.717488100867,7,496,3,646.550232355171,1,1,1,1
119.56645057694219,2,871,8,84.95872701462326,0,0,0,0
896.4191844407595,4,1142,7,608.9151372250954,0,0,0,0
66.77344115778044,2,726,13,86.31420107592946,0,0,0,0
47.51860470767888,4,302,11,67.37159631746367,0,0,0,0
300.6141662255043,2,594,12,417.7079864150752,0,0,0,0
328.2052960001183,4,495,14,283.0255981510041,0,0,1,0
233.08195719083486,3,572,17,208.88490377191616,0,0,0,0
661.5790442631004,3,1558,15,966.5958694445115,0,0,0,0
22.335073309988843,5,973,6,14.19345519901562,0,0,0,0
5752.518344736965,11,63,3,877.6220765448875,3,1,1,1
22351.367485122075,10,13,21,629.1295635537156,1,1,1,1
45.3438384243881,3,116,15,68.68935725897515,0,0,0,0
607.2152377723351,4,764,14,708.2677835051232,0,0,0,0
112.63411224832618,4,729,13,98.12694954626544,0,0,0,0
8580.376569607397,9,9,11,1104.8426024057314,2,0,1,1
141.1624849296101,2,201,17,176.46707972178302,0,0,0,0
35.494926925099875,2,1546,20,36.77217018060679,0,0,0,0
514.4107479389347,3,745,7,476.9450487879343,0,0,0,0
8589.07554622562,3,976,0,1071.2127909517483,2,0,1,1
152.46850813333637,1,139,19,217.41422591381726,0,0,0,0
53.99427171018873,3,1420,7,44.191628405381444,0,0,0,0
342.6327267274252,3,1721,21,311.835348168942,0,0,0,0
25.05907716473263,2,140,10,28.282883931885063,1,0,0,0
54.46321719182683,5,1008,15,60.03487794067459,0,0,0,0
87.85461680643114,5,929,7,80.73812435538304,0,0,0,0
152.19508962015647,1,1435,12,149.31929209554923,0,0,0,0
36.07816460633626,2,1611,14,40.55767692311894,0,0,1,0
235.04063321668139,4,421,12,349.5755505743368,0,0,1,0
155.29187951581156,4,1551,8,164.16390160391117,0,0,0,0
24.980975025953963,4,359,15,19.7329281713104,0,0,0,0
4168.793464416754,7,41,13,685.0122605405123,2,1,1,1
911.6553824031133,3,597,9,1045.201491849386,0,0,0,0
91.37468145536822,3,1437,18,57.25062009925728,0,0,0,0
2500.0,11,5,12,878.505993770873,1,1,1,1
250.9669121600637,2,490,3,211.35866695036697,0,0,0,0
345.0358690292628,6,1627,15,231.11417606757777,0,0,0,0
3343.1504228799045,9,26,3,987.8369928994706,2,1,1,1
35.967455915306914,2,221,20,42.63824032336326,0,0,0,0
60.169747187415844,4,1735,7,62.84723580662266,0,0,1,0
6590.1386664344545,5,23,16,247.04963542587387,1,0,1,1
446.61337410621945,2,1438,15,487.1058327769699,0,0,0,0
805.6135243503104,1,87,11,785.8645571283495,0,0,0,0
212.6628981603485,4,1368,15,323.5482276591835,0,0,0,0
265.7486576043582,1,1278,16,326.3495672461154,0,0,0,0
116.6506238792752,2,563,9,113.85982421255811,0,0,0,0
354.93482679243783,3,849,6,461.14727298683465,0,0,1,0
17.91779703594505,3,1289,11,14.989280140756946,0,0,0,0
268.1756469309493,3,796,20,354.117374775894,0,0,0,0
116.65500375253094,4,739,16,176.0205557711489,0,0,0,0
134.43357956093882,1,1455,9,184.08936438212737,0,0,0,0
12.773140005383466,3,610,6,8.566489288234179,0,0,0,0
538.5694469743706,3,553,6,571.0805744036261,0,0,0,0
470.40517362576196,4,824,13,690.5447069808469,0,0,0,0
108.07989763396486,6,1055,19,164.9635266909409,0,0,0,0
306.8363957442759,2,478,9,416.21446715080225,0,0,0,0
135.65374664613526,3,1463,17,103.02902078433831,0,0,0,0
139.2666831350041,4,143,17,142.27492978097064,0,0,0,0
269.10505127770585,2,631,9,380.17823664029385,0,0,1,0
596.2653807453604,1,40,6,784.2165633422027,0,0,0,0
37.60846811321716,2,880,5,56.76936225445654,0,1,0,0
56.740312994354106,2,85,11,79.79860633062802,0,0,1,0
46.74682957789853,2,1669,13,35.34905909388285,0,0,0,0
576.0606623215579,3,1762,11,783.4142253092675,0,0,0,0
182.735236289984,2,1565,13,135.81033628348558,0,0,0,0
456.2840337596324,3,1175,8,417.3472351558218,0,0,0,0
219.2637764816381,5,413,13,312.1303807717864,0,0,0,0
7543.245761391319,8,16,1,133.58532936143126,1,1,1,1
181.55054933587087,4,1129,18,166.29707921115227,0,0,0,0
7406.73785145446,8,19,3,491.28809846211,0,1,1,1
43.06321408813294,4,39,15,34.29323032752191,0,0,0,0
403.5714308360667,1,164,18,597.7327907106412,0,0,0,0
205.02193891994906,5,397,9,215.280259692911,0,0,0,0
132.82517305597682,3,1311,7,102.61309467765282,0,0,1,0
2532.8524508301325,12,14,14,800.6170287834499,0,1,1,1
145532.09116340452,9,1193,21,336.09131670962915,1,0,1,1
138.49878867161323,2,851,12,146.89411752987726,0,0,0,0
283.55340975399224,4,1194,10,272.13501852219935,0,0,1,0
54.3931359496274,1,704,0,71.99758228798525,0,0,0,0
207.65159079722514,2,1163,20,178.06757976065572,0,0,0,0
179.57540777569253,1,1073,12,113.79200911401855,0,0,0,0
40.78752615111242,4,33,12,62.70043195031606,0,0,0,0
118.01096974495415,3,1562,19,164.91898377551524,0,0,0,0
40.39721536420325,2,1071,14,50.306412238528,0,0,1,0
106.16340834625971,4,79,13,134.72036029991656,1,0,0,0
257.8243937483519,4,885,7,215.60392042897874,0,0,0,0
155.86405313408756,3,160,0,121.32081182034143,0,0,1,0
69.14599176515236,2,1330,9,96.66307456607342,0,0,0,0
88.18576209989558,2,388,12,66.96894962701893,0,0,0,0
413.3842001774148,3,661,15,582.3156177717544,0,0,0,0
111.76704019848438,1,1000,10,175.13761594233372,0,0,0,0
997.4226978339207,5,977,11,620.0404234672319,0,0,1,0
337.5641675810277,2,1368,6,508.6101867287759,0,0,0,0
85.21317600545657,5,1467,21,69.65974074879979,0,1,0,0
738.1859559066553,1,77,7,1094.1323057291777,0,0,0,0
627.6825467474945,2,209,17,451.7537113504795,0,0,0,0
29.64816862213777,6,1102,3,31.225174355978805,0,0,0,0
614.2043520407478,1,1145,10,686.4942347511927,0,0,0,0
350.01331805342113,2,992,15,344.81866516592834,0,0,0,0
206.4143846495148,2,1276,15,134.3150460976739,1,0,0,0
44.3073977212069,2,778,9,60.91645403057544,0,0,0,0
739.3441810772847,3,966,11,851.6326894798142,0,0,0,0
29150.257418718047,5,329,9,246.98523076368684,0,0,1,1
339.4728017714941,2,811,14,280.9727038096746,1,0,0,0
122.87378349687995,3,134,9,189.61452414464424,0,0,0,0
262.9323877318874,1,128,15,310.19413398626824,0,1,0,0
545.1513600855683,2,289,18,649.7669144073247,0,0,1,0
326.1480527799623,5,1089,7,293.7637348164133,0,0,0,0
11237.746376481227,8,8,5,359.6969664550171,2,0,1,1
23.267317601557657,5,846,12,21.468487044680668,0,0,0,0
219.1424641941375,2,45,16,275.34041489908856,0,0,0,0
310.11875591429526,3,670,13,406.42114919167693,0,0,0,0
148.95503124739298,3,607,21,150.11691963498546,0,0,1,0
53.21266591841328,3,1306,12,62.73905341511093,0,0,0,0
122.17413659693807,1,1223,8,73.97531203011229,0,0,1,0
39.77268586341291,5,1709,19,26.770862897191247,0,0,0,0
561.8308690866918,1,430,6,652.6585458825587,0,0,1,0
391.888655003559,2,1285,1,499.79450641577745,0,0,0,0
82.81532681577855,6,1186,6,98.6213669481752,0,0,0,0
136.0330489804451,5,798,18,103.0623573355833,0,1,0,0
48.57966759505715,1,1493,13,48.58368763950726,0,0,0,0
12.756049225958673,2,721,17,17.520661237845506,0,0,0,0
44.075459078918286,3,618,19,64.70808965633768,0,0,0,0
222.18643564782818,1,1331,23,140.9760389570175,0,0,1,0
534.8499404451302,5,1580,12,492.35078571926533,0,0,1,0
633.8141886429843,3,470,2,734.9529721864485,0,0,0,0
238.73612190363409,6,515,17,261.78763108361335,0,0,0,0
47.19232169525076,2,501,6,44.45235796212703,0,0,0,0
136.7060757522849,2,1631,22,211.1515214064353,0,0,0,0
100.34117648527746,2,162,10,149.69416866377625,0,0,0,0
438.25140178969326,3,360,17,317.70132914208375,0,0,0,0
231.55886581192897,2,1441,13,303.8499044307205,0,0,0,0
37.98603628935678,1,1172,14,49.81311017450025,0,0,1,0
21.65504601096362,3,1718,20,28.8788060675905,1,0,0,0
96.05369472595545,3,1157,10,125.99650591534156,0,0,0,0
254.39011078309446,2,687,13,268.7743082314045,0,0,0,0
333.6384635150967,2,1654,8,346.70236754173635,0,0,0,0
104.34917719877497,1,524,17,123.71441169944893,0,0,0,0
101.41220827174631,1,1154,2,81.38032830350981,0,1,0,0
191.70004098416408,4,1008,8,301.4686502873348,0,0,0,0
146.9210830903051,3,366,19,234.01002882226294,0,0,0,0
81.56860751030419,2,1798,17,118.18527517713211,0,0,1,0
44.00718528197407,2,1242,7,64.01839625398745,0,0,0,0
318.52211242657023,2,424,16,275.74659541705813,0,0,0,0
302.83356146913303,3,465,15,339.67246635446804,0,0,0,0
90.85118532702549,2,1291,8,81.55329337244235,0,0,0,0
545.8448234039469,3,1480,18,428.3778641750055,0,0,0,0
15118.637282045309,8,1,0,113.30537448740714,1,1,1,1
2500.0,6,13,1,467.6335091822051,0,1,0,1
179.62627734323857,4,151,4,283.07767725527845,0,0,0,0
139.7609981714332,6,371,10,136.52707390101247,0,0,1,0
34.02813182307544,2,1351,12,36.95198398804229,0,1,0,0
185.61625829601547,2,288,17,130.16542376602655,0,0,0,0
116.45269821776662,5,1768,13,96.99890777609659,0,0,0,0
402.04269496665546,5,784,17,536.0119423612605,0,0,0,0
219.67467034334712,4,233,9,226.8821292023242,0,0,0,0
23201.286653695315,8,21,9,1137.7844492141007,2,0,1,1
36.487494197820595,3,606,15,23.995476362290706,0,0,1,0
126.70501549590018,5,64,19,195.30681724643102,0,0,0,0
486.77436813196806,3,481,14,357.75461316581055,0,0,0,0
440.4549500458338,3,814,9,352.6244742847022,0,0,0,0
142.31555454278188,3,1444,13,119.12722673041792,0,0,0,0
290.314414266767,1,1328,16,261.348622594583,0,0,0,0
102.85118261895374,3,1221,15,82.78664679789959,0,0,1,0
88.89831160837389,3,1766,8,60.33659051733155,0,0,1,0
176.13793441693977,3,180,7,219.2316865340519,0,0,0,0
102.68350086414694,2,1765,18,144.86774029225398,0,0,0,0
328.3820486161215,3,936,17,473.98652315431536,0,0,0,0
248.47929868158306,6,165,9,158.46306072266546,0,0,0,0
449.4993607776752,3,1480,12,496.6526966189076,0,0,0,0
248.29120545758437,3,80,16,351.81774912210136,0,0,0,0
12.084879610730631,4,410,22,10.888473823346418,0,0,0,0
21.955835118372356,3,489,9,24.236782005364756,0,0,0,0
69.28714847284027,5,920,21,86.1247193452153,0,0,0,0
75.9741657353222,4,226,13,47.091062404286575,0,0,0,0
405.95417515932706,4,1269,15,552.1651792888041,0,0,0,0
479.14513346884394,3,744,9,658.8422625735202,0,0,0,0
74.20603676373942,2,106,12,94.37598220898943,0,0,0,0
883.2017831840566,2,416,10,833.9485412646292,1,1,0,0
183.26629196316404,4,1404,6,178.8190135983821,0,0,0,0
291.3335746255716,1,644,14,267.93411962655864,0,0,0,0
501.04436743600405,5,830,3,706.1116434140823,0,0,1,0
361.1582467137543,2,1150,17,266.12237057701714,0,0,0,0
254.6998259643327,3,1246,9,287.745404567022,0,1,0,0
475.1589793875369,4,1582,12,464.06148072082993,0,1,0,0
377.127226202324,3,726,19,495.099465786123,0,0,0,0
205.0506345566659,3,1251,21,201.74401762701225,0,0,0,0
63.39602618694387,3,795,18,78.25935488004413,0,0,1,0
167.66435994644135,2,99,9,136.21280689514822,0,0,0,0
465.27900933752716,4,725,18,317.51461828833266,1,0,0,0
172.03551533605508,4,1711,6,228.1949147600464,0,0,0,0
108.72549301256707,2,1130,12,72.3927237940975,0,0,0,0
8426.918355726828,9,207,21,861.4855916085318,0,1,1,1
230.3830441860879,5,1529,17,274.20706671251406,0,0,0,0
194.1550500756193,2,1089,13,280.7789316701326,0,0,0,0
205.27420896147348,1,561,13,164.54741802750775,0,0,0,0
383.12577498644157,3,300,7,508.9185734729683,0,0,1,0
347.5478611317135,3,705,9,390.42233315845505,1,0,0,0
14.561638164583531,2,54,11,11.984446035654404,0,0,0,0
143.79230672460912,6,604,8,198.83471831091865,0,0,1,0
183.42610154920968,4,1222,19,184.7476095992106,0,0,0,0
344.2399695061977,3,87,23,293.211420931231,0,0,0,0
303.2984618407196,5,1485,13,216.76793645386584,0,1,1,0
305.15271716099284,1,1406,1,323.1738236138769,0,0,0,0
138.48941053671408,3,208,12,93.59209574053233,0,0,0,0
62.15689396823171,4,1711,9,94.37231500232528,0,0,0,0
221.5031648093907,2,1407,13,217.46122617649883,0,0,1,0
687.3119558293279,6,344,14,585.0136946351905,0,0,0,0
3006.33441586912,5,63,0,1016.3307045387634,0,1,1,1
2500.0,10,8,1,204.44266762918815,1,1,1,1
206.18541877543353,4,879,17,178.37181795108015,0,0,0,0
241.77752507008216,4,1194,16,146.17662163672665,0,0,1,0
321.7386339981058,5,711,10,472.03985054092027,0,0,0,0
308.2491393105293,3,1564,17,462.5689662398632,0,0,1,0
192.91459282950817,3,1040,11,199.87099979215034,1,0,0,0
174.50877161621162,4,1522,7,219.47313875539095,0,0,0,0
113.98304263216323,2,745,8,131.58472575006698,1,0,0,0
316.58005611251906,3,624,17,218.0584626849671,0,0,0,0
278.72005011799354,3,1561,11,188.52516056231323,0,0,1,0
413.82816286187204,2,481,15,298.9866808222051,0,0,0,0
170.5760764541724,3,1184,20,195.98952696281555,0,0,1,0
914.3231275205804,3,46,11,808.0867384134261,0,0,0,0
23891.48157987467,5,12,3,727.9900802509443,1,1,0,1
179.47868635222727,2,1624,20,191.90756541713046,0,0,0,0
348.99972992874126,6,1538,9,280.4345233177333,0,0,0,0
77.53274149290007,6,1238,7,83.50555908112165,0,0,0,0
499.3312517013571,1,164,10,304.02455488174803,0,0,1,0
63.305535769435686,3,1770,11,64.93462907657984,0,0,0,0
43.85640290905151,2,1150,23,53.17494434391361,1,0,1,0
26.85689695477763,5,981,14,26.836814711969232,0,0,1,0
254.30811782514598,3,909,17,268.95982062511285,0,0,1,0
2500.0,4,29,1,976.9797945385831,0,0,0,1
159.04074346878463,1,328,9,156.8946012708277,0,0,0,0
2586.66563254416,10,216,15,185.61849920854465,0,1,1,1
11342.055317536713,5,774,4,457.29081379578525,1,1,1,1
161.97261249105878,4,791,7,177.2671681788282,0,0,0,0
2500.0,8,208,4,378.6840655979654,1,1,1,1
19.207592012888277,3,464,18,11.69171302746568,0,0,0,0
804.0209763761694,5,609,6,1183.7251396409765,0,0,0,0
130.36666767905584,2,610,12,201.09648928676106,0,0,0,0
5721.6782685227845,8,29,2,1193.528661847001,1,1,1,1
250.750458514638,2,463,21,162.33897622304863,0,0,0,0
7666.542094873432,12,1057,2,1145.3113925122545,1,1,0,1
463.51322658302803,2,453,7,725.2649476340737,0,0,0,0
272.105012471524,2,135,8,233.99209416448244,0,0,0,0
43.27264607941574,1,717,10,41.85825157833165,0,0,0,0
100.16182305939422,5,127,6,73.53845720853005,0,0,0,0
89.5551657255543,6,1750,17,135.89986517102548,0,1,0,0
24.961905710926523,2,666,9,17.175809170225,0,0,0,0
223.0354847156594,4,128,1,175.7859975421456,0,0,1,0
36.26408599550473,3,793,9,34.528894944748934,0,0,1,0
697.7090445722645,3,1624,19,1040.0075263458693,0,0,0,0
20.015314280681686,3,1354,14,20.306686751845238,0,0,0,0
79.2752557566004,6,828,7,89.04731869554087,0,0,0,0
30.491759868644934,4,1309,3,29.55157533820722,0,0,1,0
239.77053840681614,3,660,11,284.1607572662119,0,0,0,0
28.97242555346097,3,1763,7,46.33223862659008,0,0,0,0
283.3949209804183,4,1704,8,359.244136391226,1,0,0,0
111.33193209282102,4,1233,11,116.70256506229823,0,0,0,0
140.8866350621667,4,1694,6,106.30884285569533,0,0,0,0
385.3106351136564,3,1057,15,594.1127110396598,0,0,0,0
393.0327503048139,2,472,6,247.15825104413898,0,0,0,0
134.7403525445319,3,600,8,147.7906701266672,0,0,0,0
344.80589226797315,4,141,11,360.640158239782,0,0,1,0
1711.4378049723205,6,905,13,2482.2596543229456,0,0,1,0
2500.0,9,225,8,332.73982054173973,1,1,1,1
212.24448223593103,2,1635,13,169.52814892968485,0,0,1,0
38.57950479069156,2,297,8,30.260408490188,0,0,0,0
40.1110712592491,3,1187,20,50.738743521906386,0,0,0,0
5167.810374827412,11,15,4,272.4838763287545,3,1,1,1
280.94394036780926,6,217,18,357.6179366228173,0,0,0,0
7588.369243860156,8,151,21,385.1039256979124,2,1,1,1
503.5546963582066,3,143,10,656.7452918204632,0,1,0,0
119.45118898986405,5,1317,19,129.84759978525574,0,0,0,0
13.77802883786185,3,1271,19,18.101694782499916,0,0,0,0
8291.474928623127,7,108,4,159.00651932761457,3,0,1,1
190.20806082505507,2,1463,10,166.60309240353797,0,0,0,0
80.9567893849791,3,668,7,79.64815780474176,0,0,0,0
599.761025345793,3,1651,11,884.515664437592,0,0,0,0
225.2978218539312,5,1602,9,256.20778917201864,0,0,0,0
223.95216150023285,1,977,14,221.54322431593496,0,0,0,0
381.0363857601675,1,745,12,354.53651615205814,0,0,0,0
24.071885417007994,3,1075,11,27.028890081953165,0,0,0,0
306.83420538178046,5,1773,21,224.60677819541007,0,0,1,0
10.278178257945717,2,1691,20,8.818310423028034,0,0,0,0
44.09490763201771,3,1356,15,50.48428326695321,0,0,0,0
117.87664151134038,5,1391,22,124.39643929547732,0,0,0,0
18564.91854953981,8,19,20,693.8270112830984,1,0,1,1
225.85350665235867,4,1398,15,154.34724450118085,0,0,1,0
366.3230820411967,2,211,20,433.54223609938754,0,0,0,0
34505.618654596896,14,1085,2,349.59684219738233,0,1,1,1
576.4589647605809,5,1038,0,655.8226547763305,0,0,0,0
212.05762048283282,3,564,9,128.54220164877697,0,0,0,0
114.81820654748975,3,1051,8,155.90393032656252,0,0,0,0
10796.268830320896,6,884,11,351.83344621826325,3,1,1,1
218.47320902682605,2,116,12,243.48211049593382,0,0,0,0
126.80260013766905,4,381,10,87.97256577426101,0,0,0,0
575.3985339316671,3,1225,7,698.1771573999754,0,0,0,0
84.80091161401245,4,1575,10,65.88678462017019,0,0,0,0
16.74219407908295,2,1774,3,26.667388648880642,0,0,0,0
317.4257390635768,5,1587,17,424.9626454485199,0,0,0,0
421.6054264638479,5,685,9,352.7169339999957,0,0,0,0
87.76999087658864,3,1228,12,89.8656064267624,0,0,0,0
640.1959084547547,3,1226,20,468.6469274739942,0,0,0,0
259.76517250239544,5,1362,12,214.73397985893402,0,1,0,0
10884.529286454526,5,23,19,1127.032004168878,3,0,1,1
139.2113441949347,3,1491,23,179.09049489745962,0,0,0,0
132.26898557873756,3,1703,14,161.86152856373593,0,0,0,0
100.42327458447527,5,1199,8,101.4993698273607,0,0,1,0
158.77166388015274,3,398,23,107.42722215605473,0,0,0,0
13.489778141059407,6,421,10,14.30877132271463,0,0,0,0
50.2758563036524,4,882,18,70.0394541615469,0,0,0,0
96.29643299918035,4,382,21,124.59318922611017,0,0,0,0
7155.443516372712,12,21,10,831.5623559867635,2,0,1,1
175.67292088433538,2,76,18,108.40154434601781,0,0,0,0
553.2651350076878,2,394,14,460.45766706693377,0,1,1,0
118.83621241977929,6,1185,5,151.8323740955162,0,0,0,0
72.13657623448361,4,1797,20,62.48127343778257,0,0,0,0
396.29088943722167,3,1652,16,458.869187373222,0,0,0,0
533.1839030441597,3,379,10,751.5014965025283,1,0,1,0
339.46327336524024,2,1713,13,256.9457802330204,0,0,0,0
15.839030913819768,3,1317,13,15.36566050794906,0,0,0,0
418.6748275289982,6,385,16,336.11034295851647,0,0,0,0
175.0704457770642,2,771,9,269.1248050844791,0,0,1,0
181.2052214639488,4,1512,8,246.90459503946374,0,0,1,0
119.40345178104661,3,877,17,183.554561046723,0,0,0,0
270.05363045996364,3,226,8,265.1204210647943,0,0,0,0
188.62866635336107,2,1047,22,200.91668862863432,0,0,1,0
32.319435671123316,2,391,14,42.00496346882421,0,0,1,0
23.198819524943673,2,377,6,34.210746441379925,0,0,0,0
509.516983293926,4,681,15,505.2206816031302,0,1,0,0
4892.259170534993,7,13,22,137.07027722861858,3,0,1,1
65.6180338264268,2,1455,5,46.76903173401333,0,0,0,0
357.38629118971176,2,700,8,492.1130202335298,0,0,0,0
132.43645028066078,3,623,7,197.97144464420472,0,0,0,0
37.557381429955214,5,626,7,54.25004566554846,0,0,1,0
156.26928951382544,4,1432,10,96.24899710188274,0,0,0,0
37.58834965255322,4,1114,23,35.14679955492637,0,0,0,0
55.787584705764615,3,1330,11,79.54892052696471,0,0,0,0
353.3379277309371,4,1580,17,239.15312626349865,0,0,0,0
70.67143514473139,2,1401,8,106.1457841458552,0,0,0,0
40.40998520728055,1,357,20,62.19360548807545,0,0,0,0
164.815856595956,3,1402,11,255.735705145547,0,0,0,0
91.09084492315212,3,1553,8,59.71489566979341,0,0,0,0
358.32671522676077,6,695,12,306.0311290763416,0,0,0,0
68.40169602247096,4,650,16,90.85502147426102,0,0,0,0
246.18176678862446,4,1119,16,166.1965252532739,0,0,0,0
23.347386174792213,2,821,18,22.481207496551043,0,0,0,0
3935.8718773338637,12,1077,2,675.1546949465946,1,0,0,1
41.23837852422636,2,180,18,27.137767341956312,0,0,0,0
128.38317525821853,2,542,19,136.16821500558268,0,0,0,0
18484.55062577395,8,653,10,926.6948630910252,2,1,0,1
13440.605746368326,8,13,1,127.81546947111545,2,0,1,1
314.29482969982325,3,1796,12,213.26762448678238,0,0,0,0
221.77252875623643,4,1560,21,187.63890615291947,0,0,0,0
58.02782646392706,1,742,18,52.45300773077701,0,0,0,0
365.60283375937206,4,973,11,376.94934371870715,0,0,0,0
63.558220174632034,1,512,19,58.13470273940401,0,0,0,0
82.5261517749016,6,612,18,72.55626502866404,0,0,0,0
419.6066710912798,4,1434,8,524.2168394936781,0,0,0,0
284.80130926639583,2,324,3,293.35054591234245,0,0,0,0
263.6074368977897,4,125,5,193.1476362296952,0,0,0,0
6460.325582852211,12,7,3,1113.4814620107795,0,1,1,1
26.10638350642109,4,1460,11,32.70260803132358,0,0,0,0
610.7545212078319,2,808,14,798.1495049271997,0,0,0,0
209.1583028685458,2,1467,4,243.2769299392687,1,0,0,0
128.05653940208202,6,291,8,182.95188793074442,0,0,0,0
244.76136136871907,6,870,7,257.87020921849154,0,0,1,0
22.392828947537964,5,1146,17,31.049318037419287,0,0,0,0
192.8409799655682,5,513,11,307.35984504999465,0,0,0,0
5958.646883039284,9,1168,3,488.10247347965145,1,1,1,1
58.279568334958526,3,150,17,68.34375551698267,0,0,0,0
101.59935335512603,3,1750,14,66.50625269129634,0,1,1,0
295.2489551843101,2,1670,16,312.06569886839964,0,0,0,0
30.876612439540665,1,1673,13,20.83221062852313,0,0,0,0
155.49140601634093,5,396,17,136.96238924209703,0,0,0,0
330.36965532588874,3,413,7,290.6311852312963,0,0,0,0
56.238794443930445,4,1776,5,55.84413670259074,0,1,0,0
22.6377327030594,4,906,9,29.2602354212022,0,0,0,0
351.75311293010316,1,537,12,512.8047258761518,0,0,0,0
234.63737343317064,1,139,15,277.29878571782695,0,0,0,0
132.23967524527546,6,204,13,89.6844403979608,0,0,0,0
621.2877148849532,1,549,13,928.1924983919042,0,0,0,0
30.39423831720046,2,268,4,25.489207057758613,0,0,0,0
168.08859239573155,5,1561,9,242.76332711665984,0,0,0,0
21.55061195753614,2,845,23,26.99630107169735,0,0,0,0
186.42188889679147,4,952,7,272.7675430466723,1,0,0,0
46.3045080821409,3,247,19,38.38912705844576,0,0,0,0
120.30674988246754,2,713,15,110.08955065709102,0,0,0,0
111.89566155233868,4,1333,4,112.43067177769395,0,0,0,0
30.213704597942822,4,982,19,36.79866891507278,0,0,0,0
52.35672382391796,3,1394,8,67.53285506379228,0,0,0,0
89.55169436675322,2,986,9,102.52459779004968,0,0,0,0
39.21119881318393,3,1706,21,30.25818417928444,0,0,0,0
197.4715148294467,4,771,9,292.22723430453146,0,0,0,0
677.7163236348505,4,1749,8,1016.7774847683321,0,0,1,0
79.38465462860727,2,1174,23,111.83584767336049,0,0,0,0
271.21358828178086,3,78,13,402.9151817793837,0,0,0,0
686.4865429650572,3,172,19,780.0256828922616,0,0,0,0
185.0816710766123,4,708,9,238.2279205331908,0,0,1,0
121.20906197056959,2,392,10,177.59845518223017,0,0,0,0
370.46851638720693,3,1799,19,488.1420599840447,0,0,0,0
168.2767248163094,4,1346,4,181.26080770949957,0,0,0,0
306.1501278406757,5,681,12,235.31667310745925,0,0,0,0
92.76050290750536,3,698,12,100.59292248362615,0,0,0,0
153.74400983195432,4,871,12,172.0078263851441,0,0,0,0
542.1012420578625,1,1273,18,516.531141376875,0,0,0,0
137.98065983271215,4,198,12,114.72224146285328,0,0,0,0
45.54205219163986,6,779,10,38.37290993902172,0,0,1,0
247.9996844450816,3,933,9,230.37456788994902,0,0,0,0
524.1733806351741,5,434,16,440.86447403877514,0,0,1,0
136.16005757516024,1,1425,12,193.6268023404518,0,0,0,0
316.695476216639,6,195,3,231.017848422092,0,0,1,0
206.03311727159908,6,70,10,263.3827625793988,0,0,0,0
213.73672596387595,3,777,12,148.77296596231395,0,0,1,0
90.29421389212989,6,1571,15,112.40303435292107,0,0,0,0
199.88237558826722,2,774,21,319.789160688831,0,0,0,0
13.662869066417196,1,228,12,14.592861861814246,0,0,0,0
215.46106085912922,3,901,12,296.794364366664,0,0,1,0
142.24265067999636,5,1621,14,124.92848620611463,0,0,0,0
331.3389379890149,3,367,17,233.51174458915705,0,0,0,0
246.36221503704328,4,1299,6,205.32481653613974,0,0,1,0
76175.73904425206,10,14,4,874.3306339138198,0,1,1,1
39.67325534757114,2,1571,16,52.78931716514812,0,0,0,0
284.8487343084139,3,140,11,394.0847672643268,1,1,0,0
305.64240472217136,1,1251,6,354.41267060381836,0,0,0,0
23.423808201452673,2,1538,12,31.332856221162334,0,0,1,0
422.91445424839526,3,896,18,563.9571612224114,0,0,0,0
61.092225167378984,5,1777,7,83.29294984459074,0,0,0,0
3996.834838659779,6,934,3,129.67726502734413,1,1,1,1
166.0295735638223,3,1757,12,157.53324100195982,0,0,0,0
3496.380875951724,6,26,21,983.108328422447,1,1,1,1
110.2291827196325,3,392,6,173.32160627897457,0,0,0,0
113.33174322318129,3,415,14,168.7163138519488,0,0,0,0
59.161857747158024,2,241,8,75.2258728962961,0,0,0,0
263.61545587805404,2,335,13,194.6150746026246,0,0,0,0
258.32077648219723,1,64,7,186.29016721585776,0,0,0,0
492.6122502259,5,1071,7,371.54327806950135,0,1,1,0
135.46851539607388,2,1787,15,177.9694115634739,0,0,0,0
94.97183653041589,4,376,17,60.92401885664918,0,0,1,0
306.5294783335523,3,1542,6,472.93874391237756,0,0,0,0
216.7584721626645,3,1132,20,203.13404668070004,0,0,0,0
477.90239097479304,4,267,9,703.7391385765006,1,0,0,0
286.6475693621808,3,621,8,184.4930101959324,0,0,0,0
12.72420165379387,3,1744,15,11.243469304950736,0,0,0,0
622.1282844742918,3,192,7,401.16169743773213,0,0,0,0
2500.0,9,17,0,667.2730523082028,1,1,1,1
314.817662175789,1,1377,11,501.29223131362136,0,0,0,0
111.50539356754732,3,44,15,68.7788896889409,0,0,1,0
234.00435020642462,3,350,12,313.04381910076916,0,0,0,0
14915.674851353735,10,28,21,589.1975627483782,3,0,1,1
50.52290858531703,3,1039,15,78.63506239970883,0,0,1,0
38.98809354193384,2,724,20,39.15746206426001,0,0,0,0
482.7811979370513,5,1558,18,347.05768847234253,0,0,0,0
242.7110615014589,4,44,14,332.1439523280426,0,0,0,0
145.48592603112394,4,31,16,210.64511490290795,0,0,1,0
182.05973748684238,4,1578,9,207.29723898425496,0,0,0,0
531.2985874666526,3,1071,20,625.265001745075,0,0,0,0
75.31468947131472,2,370,8,114.0629753397683,0,0,0,0
217.86913413622972,2,1574,17,340.928564215638,0,0,0,0
368.94642887814666,1,693,12,424.1626744046356,0,0,0,0
286.1398996704459,5,533,8,374.5883185445913,0,0,1,0
19.934251653054453,2,1774,8,29.327819826796166,0,0,0,0
71.55631398523333,6,985,18,104.74257654531786,0,0,0,0
34101.530730283586,8,1066,5,115.63632382767626,0,1,1,1
1622.7779253671927,3,687,16,1688.0857123106098,0,0,1,0
4083.5769496584667,9,2,6,234.77229281538186,3,1,0,1
345.87287934616785,3,1218,16,314.8926331001318,0,1,0,0
2500.0,8,22,5,556.913083124964,1,1,1,1
503.05973141100793,2,87,13,666.4346136546606,0,0,0,0
732.7884752261657,2,1238,17,510.86631304625666,0,0,0,0
206.07059554444086,3,739,6,147.40387881644338,0,0,0,0
48.45001387711277,1,87,0,72.22909494540887,0,0,0,0
198.689498182114,3,1051,14,244.68071271523652,0,0,0,0
341.12493308772434,1,1143,11,317.11894891196323,0,0,0,0
158.22275315774314,4,1748,16,129.18678782852513,0,0,0,0
65.54215849922952,1,684,18,68.64109562576691,0,0,1,0
47.36501651687914,3,1193,18,52.21202939154903,0,0,0,0
64.92570254190673,2,668,11,62.19164670112642,0,1,0,0
836.8887448670918,3,280,20,1049.883671819736,0,0,1,0
68.96785702593519,4,35,19,62.82648812968607,0,0,1,0
437.5418753181825,1,280,11,334.4668893213364,0,0,0,0
74.29100296757096,3,1535,19,111.15308871714848,0,0,0,0
362.0708622107726,3,224,7,403.6125511739077,0,0,0,0
80.17498596416,5,1667,16,65.18229211716267,0,0,0,0
718.7391635385477,4,1061,17,681.4201861518051,0,0,1,0
48.2379247569277,4,80,4,41.96170571288771,0,0,0,0
114.80784960424744,5,407,12,183.45337054276482,0,0,0,0
398.5184991183994,3,199,18,398.7998555807276,0,0,0,0
39.28556898889032,2,1643,13,43.83000781440004,1,0,0,0
13.528412036288586,4,1526,6,17.16422890867327,1,0,0,0
189.44705103638026,2,1554,7,189.16617931637833,0,0,0,0
114.99312678359674,4,1781,3,177.93202637866816,0,0,0,0
564.4303072900022,3,726,7,416.74287743698864,0,0,0,0
383.29862690935704,3,1028,1,292.09429646711527,0,0,0,0
307.1948268932297,3,391,9,260.5686073378829,0,0,0,0
626.4546945178397,5,899,7,391.8494023895595,0,0,1,0
380.52525780793695,4,1659,8,572.9911743612016,0,0,0,0
960.9358329520934,6,1120,17,1520.4756337189185,1,0,0,0
334.5524387952973,1,606,17,263.2899579590213,0,0,0,0
293.5733095208559,2,1061,13,301.65547024034703,0,0,0,0
90093.76121955313,10,5,11,91.85681981162455,0,1,1,1
33.29638198318305,3,567,10,35.71557055353569,0,0,0,0
337.81031624430693,1,802,5,456.25539214038224,0,0,0,0
774.4879768964463,3,360,16,661.902549217591,0,0,0,0
224.23997656344548,2,1076,13,325.464169657653,0,0,0,0
403.5833608043685,4,848,10,372.4746992926388,0,0,0,0
20.18532563246222,1,787,13,23.21393341748681,0,0,0,0
1057.577384670594,1,823,11,700.2129434909812,0,1,1,0
29.72382624405876,3,1214,9,35.092456218715824,0,0,0,0
188.89616796681045,3,1669,1,136.20241036537615,0,0,0,0
244.56221918279311,5,1448,17,362.4396402630305,0,0,0,0
726.508845945049,3,140,6,911.4911457949185,0,0,0,0
398.60303282476593,1,1259,10,575.9831953872317,0,0,0,0
2966.1587965458675,13,279,2,1028.6450661646654,0,0,1,1
330.17348994419905,1,1378,13,375.95992973742113,0,0,0,0
22916.870906649947,10,336,10,180.78707236052466,1,1,1,1
358.40543115663127,2,568,15,445.0927983097263,1,0,0,0
567.107222610764,3,1770,17,428.3996788560132,0,0,0,0
515.6811191976351,2,1554,1,661.744457408879,0,0,0,0
45.26572271926735,4,307,11,38.85364134845828,0,1,1,0
36.199798549539686,3,861,14,38.28805860403348,0,0,0,0
246.7946087689188,3,982,14,252.95057638880846,0,0,0,0
17.186676493971007,4,671,10,18.18409958162596,0,0,1,0
54.08656180779315,6,794,7,45.70593486209727,0,0,0,0
17570.20933215205,9,21,21,718.9692216031613,3,0,1,1
8618.958431823541,6,11,4,887.7510297131927,1,0,1,1
380.80061000013194,3,738,18,593.4668555792493,0,0,0,0
82.35679427944244,5,1576,15,103.94612023528123,0,0,0,0
102.8777142181808,2,876,18,156.6283714767529,0,0,0,0
24.572999802696096,3,1686,9,20.190421042598846,0,0,1,0
161.72416871166283,2,1482,11,108.18882911435958,0,0,0,0
776.5541322687297,5,882,11,1189.4815377049729,0,0,0,0
18.497284060117305,1,1709,9,18.636828702092455,0,0,0,0
248.8539588081229,5,877,5,272.0621008120872,0,0,0,0
233.04021993086607,4,206,16,253.02845722512473,0,0,1,0
155.89703835569247,4,1342,11,93.9676505987664,0,0,0,0
355.9438208105787,4,889,10,492.94828681417374,0,0,0,0
119.15736219620803,2,173,12,105.9954908215183,0,0,0,0
10.805863338058657,3,1629,21,14.582089773296405,0,0,0,0
988.0740506459841,3,51,10,1410.376212360132,0,0,0,0
14.548377938840659,2,712,13,15.799057801113364,0,0,1,0
654.3689723705958,3,95,6,760.3428167498442,0,0,0,0
303.8031463867195,2,1224,10,207.88366327397787,0,0,0,0
466.4295277046107,3,1007,18,709.9868975321428,0,0,0,0
198.63594880171897,1,167,10,150.6781898523538,0,0,0,0
130.91658413257443,3,1464,13,120.90092872512433,0,0,0,0
56.23904289651474,4,414,9,88.41430192757286,0,0,0,0
351.0042919771426,4,1155,20,418.5371055274118,0,0,0,0
18031.939949078525,15,9,11,918.8131579500814,3,1,0,1
85.09025156586331,2,1335,9,51.09198498945402,0,0,1,0
15939.474267845144,11,423,3,811.0369187034278,0,1,1,1
790.7781348083679,2,40,15,728.3130726689242,0,0,1,0
30.733510802895356,3,1155,6,34.30148654001225,0,0,0,0
135.08762250909888,1,685,7,209.75779751447385,1,0,0,0
189.57960950115913,3,748,22,193.41835912704744,0,0,0,0
4570.922633235108,9,9,15,855.6370431580791,1,0,1,1
20.241662465731217,5,561,9,24.51665004132667,0,0,0,0
639.5392616294116,1,1191,14,479.92581901757893,0,0,0,0
2500.0,7,241,0,233.18933684563544,2,1,1,1
486.92965482294744,4,506,6,398.897384508329,0,0,0,0
214.20819144796377,3,62,13,220.6499184605119,0,0,0,0
302.66778090207674,3,475,10,256.34434553350695,0,0,0,0
444.45207646664386,2,727,7,450.5648555862411,0,0,1,0
133.27360405272339,5,1345,15,121.13722930226834,0,0,0,0
40138.45849050935,8,860,2,334.6776576169971,2,1,1,1
69.32070770233781,2,907,13,77.01753463047763,0,0,0,0
930.9484363826543,2,523,2,1360.4991678348044,0,0,1,0
58.28288332625362,3,532,10,77.61032754172788,0,0,0,0
463.05798269597653,3,1328,3,504.7812969947668,0,0,1,0
40.21398621766573,2,146,5,48.44984070952873,0,0,0,0
93.95363304641847,2,1723,20,78.21725637747798,0,0,0,0
192.55952157592282,4,421,7,203.35822263507913,0,0,0,0
700.9878252230185,2,1047,8,1012.2092136751073,0,0,0,0
69.4078580657039,3,322,6,77.37140165260158,0,0,1,0
9438.201366438307,11,27,5,1136.8024409482985,0,1,1,1
192.93944938261274,2,166,13,295.55228032534865,0,0,0,0
134.87682729211255,3,909,21,119.32205702475328,0,0,0,0
100.32131156887989,3,765,12,136.28741880662736,0,0,0,0
313.1941749820452,4,244,7,346.6132160520033,0,0,0,0
25470.6134301676,6,2,15,886.5918346204342,0,1,1,1
91183.8999146326,4,1009,3,751.7818391141637,0,1,1,1
644.5595189280094,2,1623,10,515.7713339684412,0,0,0,0
51.73491046976911,3,111,11,48.77910869191168,0,0,0,0
19373.378607518658,10,7,22,147.78627870691196,0,1,1,1
221.42529994321185,3,1711,7,312.4178463201395,0,0,0,0
616.907668052253,3,450,9,537.8711745169645,0,0,0,0
13.444220419403962,2,803,10,20.995656546932622,0,0,0,0
261.73942737338024,4,1090,9,232.71809303080246,0,0,0,0
437.4628464739137,4,168,14,299.7291971145458,0,0,0,0
28915.370290280414,9,223,4,1012.1844907895336,0,1,1,1
745.1719359700053,4,435,4,1048.8264509752917,0,0,1,0
255.7723954415275,3,1502,12,275.5049783678632,0,0,0,0
460.4127357630209,2,975,16,593.0948212810226,0,0,0,0
171.3733162867997,3,108,23,111.2597722701488,0,0,1,0
20.29021082475227,4,500,10,24.978185431663178,0,0,0,0
82.87399362224237,3,235,16,57.85862923402589,0,0,0,0
177.65321207863673,6,536,15,163.1730392742363,0,0,1,0
209.9224767974801,4,1259,9,322.8481569494029,0,0,0,0
168.83708880649442,4,971,6,229.76292271301563,0,0,0,0
238.2356384439883,3,1642,8,188.3608993307001,0,0,0,0
53108.13267882664,8,756,13,1195.273409792142,2,1,1,1
154.7160655081679,4,555,8,191.47595388644046,0,1,0,0
134.71835351600447,2,1557,11,172.71694688261482,0,0,0,0
44.50036643960241,4,1531,16,26.804334288484984,0,0,1,0
100.58215297530232,3,577,9,125.29977596308439,0,0,1,0
10134.689268476539,8,822,21,1181.0995443777565,1,0,1,1
36403.9265511647,5,9,11,466.96887740333807,1,1,1,1
86.79876236330712,4,34,15,109.29082010007126,0,0,0,0
244.45985700943334,2,1378,9,292.5298578333693,0,0,0,0
136.91066462645605,5,451,11,155.99632206337557,0,0,0,0
445.0533761559772,3,1027,17,283.1759986906976,0,0,0,0
59.81247972757751,2,351,22,38.00141026990823,0,0,1,0
286.52568469520645,3,666,19,393.9053415679996,0,0,0,0
25.587741691149912,3,930,20,27.62604234864681,0,0,0,0
2500.0,9,637,11,998.810427114945,3,1,1,1
49.829194435707876,3,232,14,78.43552020596489,0,0,1,0
321.7008906119644,6,952,7,410.65416753709854,0,0,0,0
140.39436140672012,5,117,7,126.30337890836796,0,0,0,0
537.9475926887353,1,998,10,676.8450117064157,0,0,0,0
101.95957910955066,3,1378,10,158.97797040021166,0,0,0,0
287.36549873142997,2,1467,14,365.04844689040306,0,0,0,0
349.05764692932195,2,1036,19,458.1520512082262,0,0,0,0
57.96693968648931,4,1362,9,36.49495162934287,0,0,0,0
175.89334925692685,4,733,17,128.12062247525552,0,0,1,0
224.7938906234795,2,212,13,227.11006987960562,0,0,0,0
314.8444063542309,4,1064,9,372.8624916274724,0,0,0,0
160.20536040616514,1,904,10,234.1725668336369,0,0,0,0
35.79753430043172,3,682,19,43.99374593482206,0,0,0,0
72.38881722263127,3,1461,16,99.7425166644244,0,0,1,0
63.47833045586202,1,1662,5,72.4063084287067,0,0,0,0
14096.517539491313,10,3,21,85.6534190613371,3,1,1,1
138.552509814575,6,1135,5,139.62490097156018,0,0,0,0
193.23297766301036,2,648,16,192.55409541122089,0,0,0,0
664.7482297601343,4,536,4,1056.760575350359,0,0,0,0
81.71253398370189,3,1258,11,125.64808577808682,0,0,1,0
132.74461962576208,2,326,11,150.60167972875865,0,0,0,0
108.90551155721249,2,1416,17,96.58758438233438,0,0,1,0
382.52803883838993,3,1546,9,611.4334924629411,0,0,1,0
317.2346344140545,5,811,11,293.9746166309548,0,0,0,0
25746.576293284736,6,111,3,1179.1907188486127,2,1,1,1
1070.1445106609028,5,415,8,1200.6296548968846,0,0,0,0
167.70708494091352,3,1309,21,249.32814889670837,0,0,0,0
29.462236141970568,3,142,7,30.645903269134227,0,0,0,0
110.19965261792855,3,316,1,79.87483367856407,0,0,0,0
44.19955727755259,3,1578,15,64.85103262560905,0,0,0,0
144.67960566594246,5,287,19,220.61089455458762,0,1,0,0
76.30806222686111,2,433,6,97.42024009717628,0,0,1,0
82.64890545249932,1,1329,16,112.56233557938003,0,0,0,0
651.961789886605,3,211,13,717.6969326592846,0,0,0,0
2500.0,10,1160,4,155.29580403516093,2,1,1,1
851.5950756099577,2,142,19,582.2716493223188,0,0,0,0
282.4164807731696,2,733,17,202.92650251210264,0,0,1,0
32.38771776597699,1,1081,10,27.861803869443342,0,0,0,0
40.48154252252543,2,939,16,44.38598354278736,0,0,0,0
184.83354555080865,3,371,9,158.05941596649996,0,0,0,0
45.81751422447566,3,1057,19,61.6439556699056,0,0,0,0
199.34646202140905,6,1009,14,156.64708399545125,0,0,1,0
345.8011156896872,2,945,13,278.5343508623141,0,0,0,0
357.18909900135617,1,839,14,219.13310961051732,0,0,0,0
316.3604020193723,4,1647,20,232.48966346727624,0,0,0,0
542.3789440274702,1,529,17,633.6231224116594,0,0,1,0
775.041643466087,4,419,6,848.6139695320145,0,0,0,0
16.066884127239117,3,672,11,15.223468696854647,0,0,0,0
307.66068319983543,4,1048,5,301.0937282846978,0,0,1,0
755.3645178911264,2,1517,7,550.4473221618431,0,0,0,0
2500.0,3,246,3,243.62292682635643,1,1,1,1
109.79747420744287,3,1445,6,91.55180495377276,0,0,1,0
278.75405133537964,3,770,17,255.0483619309211,0,0,0,0
2500.0,9,15,7,650.3795774144023,1,0,1,1
128.29663926231703,3,499,14,159.84392645136998,1,0,0,0
190.3228009291794,2,51,9,239.0154223280275,0,0,0,0
13640.74458246827,8,402,0,881.3436357665912,3,0,1,1
249.85552955746297,4,1230,17,233.41278358396576,0,0,0,0
745.1286212953771,1,1710,18,513.3632152197807,0,0,0,0
164.40733584134477,2,1137,16,211.02796715203922,1,0,0,0
4241.69188967376,10,1005,2,330.5815531622474,3,0,1,1
70.71193472138273,3,1734,15,112.9517784474398,0,0,1,0
285.47486507780377,5,502,10,418.96242035391225,0,0,0,0
181.41344255493388,5,210,12,197.2888681488601,0,0,0,0
716.5010002298736,5,46,8,929.5301221145922,0,0,0,0
54568.039994081184,7,1080,0,580.5279073620608,0,1,1,1
735.9641770479171,6,650,10,815.2675992117014,0,0,0,0
356.29948738324435,5,1211,16,219.5826406047435,0,0,0,0
59.516140195036144,4,1740,14,73.36803266108319,0,0,0,0
138.45488791357803,1,1171,12,216.87962900166886,0,0,0,0
43.4359372790846,1,952,14,45.906195945562374,0,0,0,0
14107.54149127666,7,69,16,114.50603509627057,3,1,1,1
25.367096465980545,4,1597,12,15.539769120458502,0,0,0,0
62.12531300250889,3,696,12,73.49896809499813,0,0,0,0
136.1476698795056,3,1336,8,90.97421474981016,0,0,0,0
510.6108219900933,2,1104,12,402.49299132176577,0,0,0,0
592.6845439243092,3,105,1,785.242934948695,0,0,0,0
53.68033975583178,4,560,1,57.19670199611713,0,0,0,0
60.90412506689293,1,1205,10,64.03995733751282,0,0,0,0
16.424723491265777,4,1265,10,11.529387970359634,1,0,0,0
47.31432232857739,3,1451,9,32.91679125223739,0,0,0,0
209.36532892384824,6,1142,11,296.75015777020707,0,0,0,0
81.35032871641216,3,1709,18,74.18769573446333,0,0,0,0
94.70964539800711,2,163,14,126.50840104639718,0,0,0,0
36.53287016702596,3,568,6,52.713081854639576,0,0,1,0
73.54266681014657,2,615,12,80.17391487582653,0,0,0,0
99.1435220680184,2,281,10,144.31790631831961,0,0,0,0
3674.734173160656,9,454,3,780.9206564861292,1,1,1,1
79.42320081516333,4,1634,15,97.77252077690248,0,0,0,0
838.4338690325513,6,1365,14,795.2346387387483,0,0,0,0
157.00474845334045,4,849,18,123.8722320078497,0,0,1,0
61.20178877749991,3,1181,16,43.0608237186155,0,0,0,0
632.3660252660217,2,533,13,731.8796806268856,0,0,1,0
44.22711237969582,2,567,19,44.77798132322929,0,0,0,0
95.14084210913545,4,1400,5,81.02802614931923,0,0,0,0
46.437611533063205,5,1150,16,53.940373696022675,0,0,0,0
618.195003741435,3,684,0,599.7891185280453,0,0,0,0
509.4345147066984,5,1365,22,333.61283355915197,0,0,0,0
192.4607524117804,3,756,6,230.7232271383704,0,0,0,0
270.6582316019379,1,540,18,177.08729006827164,0,1,0,0
7574.977686649984,8,428,13,778.6397432933052,1,0,0,1
113.48898567404316,1,1554,20,151.47427002073826,0,0,0,0
9339.542222531325,9,569,2,403.7866322880436,0,1,1,1
1108.8896043513323,2,719,6,718.1151011852985,0,0,0,0
379.87094406037784,3,345,8,278.98958266897694,0,0,0,0
610.7352962905361,2,436,8,778.1803222297814,0,0,0,0
282.530464787178,2,1033,18,180.13662377223625,0,0,0,0
367.85212018412074,6,1729,13,456.02371556447355,0,0,0,0
691.6480333301737,4,544,8,797.3091941508151,0,0,0,0
545.3188218177629,4,1518,12,677.7357561622802,0,0,0,0
442.7433409388224,2,228,9,468.8009384754426,0,0,0,0
73.52410282377598,6,1798,4,67.4295350188063,0,0,1,0
521.0706633166546,3,773,16,788.2876568678809,0,0,1,0
13.045595002448993,6,1169,10,13.067062916022188,1,0,0,0
36.116487340087474,6,745,9,43.1238596123986,0,0,0,0
2500.0,7,283,8,1047.0221424411463,0,0,1,1
20.738565525081523,2,945,13,26.50949476445219,0,1,0,0
1149.2220230571543,2,233,13,932.44337658523,0,0,0,0
352.081233873046,2,159,11,453.7115406045136,0,0,0,0
57.600475787146195,3,415,13,47.781023190778335,0,0,0,0
180.88680703353754,3,567,18,233.36048705998056,0,0,1,0
65.02327270037514,5,1657,5,92.22990853339985,0,0,0,0
14.6322475988285,1,723,17,18.92144329301355,0,0,0,0
98.33095472616762,1,663,12,111.01893877993385,0,1,0,0
211.133616326788,5,352,13,317.0828090776651,0,0,0,0
70.60358835785303,2,1119,11,111.6622516036799,0,0,0,0
194.32676458777152,1,1712,14,162.13883453503786,0,1,1,0
67.19747131604169,1,1212,0,89.20212854700164,0,0,0,0
82.53907014403647,3,1647,0,126.21843579667511,0,0,0,0
50.40908557942805,4,1275,8,53.222507394536755,0,0,1,0
154.35506714184035,4,325,8,215.49080011168857,0,0,0,0
601.7931185540773,1,553,17,838.136455932385,0,0,0,0
185.13952403967346,1,364,10,269.41222210525706,0,0,0,0
451.7888321376815,4,1289,13,280.23747203964655,0,0,1,0
343.372575970848,4,1185,15,366.8322262997796,0,0,1,0
630.4893842709224,1,160,8,953.1012623383137,0,0,1,0
23.157845323285613,1,1058,11,33.369752029905996,0,0,0,0
200.62891607429032,3,303,11,243.79420615632725,0,0,0,0
336.4214960987869,4,636,7,327.21493579172403,0,0,0,0
213.94671241352884,1,790,6,341.99150969697166,0,0,0,0
224.12789515304547,4,286,10,307.31472663625027,0,0,0,0
433.1448188292978,3,1713,15,683.7229661502504,0,0,1,0
572.7602891437641,3,1747,12,821.4302345117924,0,0,0,0
125.13336202968485,4,190,16,88.85013681251081,0,0,0,0
841.2594929749441,4,1300,15,855.7891653219726,0,0,0,0
1391.165470261269,5,712,14,2167.0849438504933,0,0,0,0
16.322185977830095,3,900,13,22.3316690900119,0,0,0,0
121.75719797389843,2,1418,15,153.97771261268227,0,0,0,0
59.98436552335697,5,1551,19,42.88386737215426,0,0,0,0
85.32958663767218,3,373,12,72.1461905200098,0,0,0,0
41179.93447284719,11,992,10,824.5301873968828,1,0,1,1
64.11326044381025,4,392,9,101.15035970700335,0,0,1,0
269.28596320697227,1,1075,6,254.2618934634862,0,0,0,0
94.7904176424715,3,236,18,66.95409107567887,0,0,0,0
413.226982643243,3,936,8,351.1203273663469,0,0,0,0
59.12487318178425,1,959,13,72.38325805704507,0,0,1,0
87.58233227559057,1,461,2,93.80364869043974,0,0,0,0
120.60230176544172,2,90,20,181.36401373912176,0,0,0,0
4238.9318903100375,5,230,12,1004.3777944579041,1,1,0,1
52.557502791303364,1,255,19,52.22972229088674,0,0,0,0
210.61737440853793,2,906,12,168.7681405817952,0,0,0,0
23430.569152539487,9,252,13,939.0443102774084,1,0,1,1
20606.670594772353,10,12,1,239.63127058150263,1,0,1,1
292.9629335668372,1,446,20,464.3731419563966,0,0,0,0
60.669196923058685,2,672,4,69.70985094399899,0,0,0,0
353.08938791644766,2,504,14,274.74885173787425,0,0,1,0
202.85744419470544,3,508,13,287.55141960087525,0,0,0,0
1301.2958902840417,2,433,10,1459.6090838804244,0,0,0,0
403.64112793748177,5,459,10,512.0778938242078,0,0,0,0
656.4065060729264,3,1623,11,987.0324156372767,0,0,0,0
127.31543710726017,1,1385,16,98.90340232085106,0,0,0,0
684.4560434347933,1,1717,16,813.2771231168882,0,0,0,0
70.29508271233476,3,360,17,109.53668675591727,0,0,0,0
164.52549712178237,2,575,13,224.33508866787835,1,0,0,0
86.2513825339037,4,198,9,77.16715012437481,0,0,0,0
182.3638609788609,5,705,12,218.54104938851225,0,0,0,0
677.2275250677667,3,1027,15,531.8600826013774,0,0,1,0
591.7278382085494,6,1170,9,612.4046341606314,0,0,0,0
6429.8191027677285,12,875,2,356.0275485525677,3,1,1,1
100.93734784031297,5,1016,13,60.6492602570408,0,0,0,0
15251.1514587312,8,25,6,617.3953471310147,1,1,1,1
68.26257005995379,1,1190,8,90.73825650084038,0,0,1,0
84.58184251537223,1,998,16,90.38015433296096,0,0,0,0
23892.074690658308,9,818,2,104.36720343186632,3,1,1,1
861.6442047256872,3,74,14,876.460544532664,0,0,0,0
428.3790117233383,6,907,17,672.1167557892787,0,0,1,0
440.98347648974067,4,1438,9,288.31153688276015,0,0,0,0
113.92012822304227,2,1528,17,139.22206161487227,0,0,1,0
441.6378626575499,3,915,11,506.02715308315084,0,0,0,0
536.4514465184241,3,372,21,678.7720705751666,0,0,0,0
199.15522181043485,4,1605,19,181.25282858870088,0,0,0,0
193.77570294716804,2,975,8,122.12691479261181,0,0,1,0
243.01163745624766,1,385,7,194.9239955636388,0,0,0,0
53.07787149548375,5,729,9,55.72963732346034,0,0,0,0
57.38383919858672,1,1720,10,76.16408683129956,0,0,0,0
127.85647410539815,4,466,13,122.74959895900913,0,0,1,0
60.18658925862041,3,389,21,47.880599010329405,0,0,0,0
119.81740293243739,1,1706,10,106.23217666806505,0,0,0,0
4798.430786185973,5,64,13,259.954476241747,3,1,1,1
281.0584317413078,2,473,15,407.1370649097605,0,0,0,0
8604.275269409205,5,953,10,698.4623540786804,1,1,1,1
76732.28012378191,14,9,6,1177.6386598730148,0,1,1,1
234.69863104672973,6,1557,20,186.5327482808632,0,0,0,0
354.764066907278,6,548,7,276.0693710005947,0,0,0,0
159.7067068499661,2,1686,21,234.41193870281168,0,0,0,0
222.81772418920423,1,1418,12,267.99905858618456,0,0,0,0
502.60999828809014,3,1245,11,415.4814610366275,0,0,0,0
191.79807094849107,3,1422,16,254.35842634151675,0,0,0,0
571.2078652587315,1,924,7,487.22641005043187,0,0,1,0
110.17758883885178,5,659,10,117.68738493866599,0,1,0,0
180.05791852361997,2,999,2,207.01564207219394,0,0,0,0
70.47159090115915,2,1368,14,111.46139566620954,0,0,1,0
71.23784332496544,5,1793,20,106.79662245919819,0,0,0,0
279.2784823977566,4,1394,19,183.83551214335333,0,0,0,0
70.81686008377096,1,648,23,76.02501200244743,0,0,0,0
498.6402798384659,4,581,8,464.3519946788355,0,0,0,0
114.18341773268828,6,1679,20,158.00789966124046,0,0,0,0
439.37772655123445,5,250,8,633.5241116533678,0,0,0,0
121.64625605193618,4,74,11,90.61399445307488,0,0,0,0
216.46672785494542,3,468,9,328.1288421927826,0,0,0,0
733.9095649247298,4,1122,13,564.6356271350772,0,0,0,0
3131.324622614817,8,78,16,476.72131711618954,3,0,1,1
157.5689374484851,2,682,10,126.23372040310115,0,0,0,0
5292.00899194031,16,13,6,603.1657274322167,0,1,1,1
13.741894989178759,3,668,13,21.310058138835323,0,0,1,0
400.3183832997919,1,689,15,367.06463450364714,0,0,0,0
282.48753053935934,3,1311,12,239.87791330660818,0,0,0,0
19.25438005378045,3,1351,18,29.010988758819934,0,0,0,0
17.43431113948713,4,1450,17,23.42786340708369,0,0,0,0
378.3059135488838,2,117,8,445.8921214138219,0,0,0,0
401.7775314298432,5,262,14,485.6365584740189,0,0,0,0
319.6180013897737,3,214,19,449.7866158395713,0,1,1,0
463.83760451720855,3,303,0,383.2469342386182,0,0,0,0
14122.138526722041,7,299,15,183.95277387445492,2,0,1,1
236.61611440723323,2,685,12,332.3037435679029,0,0,0,0
337.8582050736124,4,264,19,378.83466288926564,0,0,0,0
4079.4535744185346,6,796,9,1035.2555719262264,3,1,1,1
542.8414207838678,4,151,21,503.8546119829364,0,0,0,0
4612.27018711452,10,1,0,394.1539457264695,2,1,0,1
46.61324419516268,1,1743,11,50.7047690178261,0,0,0,0
340.4653814530552,4,264,15,218.4358982451049,0,1,0,0
323.904400896197,2,1632,10,362.93102678516186,0,0,0,0
449.3944377726333,3,933,8,379.24352245648265,0,0,0,0
518.7893938584014,3,501,8,416.41120512024116,0,0,0,0
313.9509118781028,2,1764,5,351.90605129191664,0,0,0,0
756.6308866510592,2,846,8,1204.183896934855,0,0,1,0
13194.137663784206,7,700,3,1137.9154320541877,0,0,1,1
274.724936523055,3,1653,20,310.1982919762435,0,0,0,0
28.86025788098077,1,1551,11,43.072050323529126,0,0,0,0
2500.0,10,9,4,169.0245421267404,0,0,0,1
359.3157117334747,4,485,19,401.0820323467601,1,0,0,0
3580.1412956424933,10,21,5,685.8274607075314,0,1,1,1
125.06581389251886,6,103,10,177.94861888201547,0,0,0,0
207.13282220555692,2,805,11,317.6296229095106,0,0,0,0
127.44914448006679,5,807,18,183.77690459015204,0,0,0,0
20165.156332129878,8,27,1,915.4029587576197,1,0,1,1
69.4744588760075,5,600,13,44.65155454321594,0,0,0,0
84.29714221652767,3,782,12,127.40012833907183,0,0,0,0
422.72177012114236,3,444,16,431.6702188740294,0,0,1,0
44.09807790891838,6,1054,12,38.597038629830735,0,0,0,0
277.3459857827406,3,680,15,192.22681312342837,0,0,1,0
1367.033147568148,5,320,12,1021.5792585869076,0,0,1,0
367.0811704285945,2,590,14,257.53225338171285,0,0,0,0
665.232698823491,2,748,11,687.068085407799,0,0,0,0
529.8777855134119,2,141,16,602.1899959768236,0,0,0,0
71.05561585996699,4,615,8,104.78439182429963,0,0,0,0
306.00136342561905,5,170,15,229.32951225147204,0,0,0,0
423.08289320321916,5,1111,7,428.369658272725,1,0,0,0
11260.287427509667,16,1050,3,462.66583777958897,3,1,1,1
145.47720081245097,4,115,12,167.31109059466496,0,0,0,0
57695.20653274006,7,170,0,464.4945599314911,2,1,0,1
61.490469368582694,4,1328,16,67.11960047162007,0,0,0,0
328.7655567340561,6,1477,13,489.38249059448805,0,0,0,0
141.26806880500232,4,1475,5,224.6788693304621,0,0,0,0
19.572506275883157,5,542,15,30.41729054958448,0,0,0,0
55.4405893364022,3,422,6,81.8130426054532,0,0,0,0
491.6974419391645,4,1411,12,523.0838446750748,0,0,1,0
30.748988500859816,4,1787,19,47.002840847998435,0,0,1,0
206.44545239687292,1,1604,1,154.1183489651219,0,0,0,0
437.7759713026689,2,441,5,521.1068236208796,0,0,1,0
37.516448369582704,2,956,13,55.748594995923355,0,0,0,0
79.7290457487364,3,398,12,101.35803747036144,0,0,0,0
121.59736038447,2,583,18,92.62599121074723,0,0,0,0
5412.889778531781,6,13,18,440.11845332223805,1,1,1,1
504.73733207403507,3,927,17,642.2686435980689,0,0,0,0
36.66412199268399,3,509,14,38.19229310294257,0,0,0,0
92.2840752947338,2,1173,10,65.04040175332626,0,0,0,0
60.652855708064266,4,1149,3,65.28983109187416,0,1,0,0
912.0036347151497,3,628,13,808.7565369278275,0,0,0,0
681.0764292920142,5,1241,13,935.9197239816062,0,0,0,0
90.29379414627321,3,329,22,114.02547991524335,0,0,0,0
76.42562490591341,2,1093,15,90.92391057307545,0,1,0,0
142.7968859531307,2,1320,14,176.89181029539654,0,0,0,0
2500.0,12,279,1,473.75634243104184,1,0,1,1
36872.37133520266,11,1044,19,881.2748065680628,0,1,1,1
185.858334776921,3,1156,20,251.32056989648422,0,0,1,0
120.24568018697043,4,659,16,93.57244073983414,0,0,0,0
743.3827404610374,6,630,15,1040.6341108620734,0,0,0,0
407.8881071607649,2,1204,19,302.49950962320037,0,0,0,0
328.5392473273412,5,1688,20,286.7922653376113,0,0,0,0
714.6734671793039,5,1496,10,827.9088441562459,1,0,0,0
50.07176684989906,3,713,21,50.993793794398336,0,0,1,0
292.99923822072725,2,1119,17,312.2917653320583,0,0,0,0
52.460391591150405,1,1623,7,51.29686694184751,0,0,0,0
63.93459691248882,4,1711,19,87.87833913762601,0,1,0,0
130.8088423522945,3,271,9,116.50050455442747,0,0,0,0
684.9428587913235,1,677,12,869.5530013217926,0,0,0,0
230.02639302487407,1,1124,6,240.99273916359405,0,0,1,0
86.09385242772888,5,324,13,68.65098948674829,0,0,0,0
18124.40730084482,6,532,1,114.91419107675351,0,1,1,1
342.39725878935803,2,128,15,265.4807654981613,0,1,1,0
202.7738041373679,2,509,8,175.8721641437635,0,0,0,0
110.05067305596563,2,820,18,168.0290690548618,0,0,0,0
763.6846989722137,2,1440,16,697.1589552929555,0,1,0,0
68.53402540442688,4,290,17,65.77340876708783,0,0,1,0
163.8765715128569,3,51,20,164.60737871437118,0,0,0,0
389.1298239481122,3,532,10,485.121733448748,0,1,1,0
213.4585896778989,1,825,14,134.15488799321685,0,0,0,0
71.70346420002723,3,1484,12,100.1064857259705,0,0,0,0
111.17323698452056,1,913,12,67.71101050761058,0,0,0,0
118.85408189669232,6,1215,5,111.05024337459547,0,0,0,0
138.448673713938,1,722,16,185.04490184789702,0,0,0,0
167.2931776628712,5,1394,10,174.23557996136054,0,0,1,0
47194.633206355335,7,6,4,376.30678275442284,1,1,1,1
746.3928958641673,2,1053,13,1037.3570111727831,0,0,0,0
159.3344679680677,1,1543,0,219.2496797760295,0,0,0,0
80.53341754678958,4,1432,7,102.6342543966284,0,0,1,0
318.28209900709817,4,58,7,436.35924979038197,0,0,0,0
158.19090056065755,2,768,9,147.55017620230117,0,0,0,0
164.88427094948256,2,878,7,251.90997852914015,1,1,1,0
898.5442597153778,6,1190,12,1425.5380611487692,0,0,0,0
366.5954672233015,2,375,10,551.6651735145527,0,0,0,0
29.309605436109784,4,1270,16,24.801703255512802,0,0,1,0
63.021732504017535,1,1612,14,61.297295898314026,0,0,1,0
278.7612763525077,4,1698,8,315.4203422956173,0,0,0,0
68.00691497827577,1,1459,15,40.863536139101235,0,0,0,0
112.71750017658543,6,150,18,145.05493962148054,0,0,0,0
69.06368328031124,3,913,12,100.28943163420716,0,0,0,0
122.77870636865586,2,637,12,110.71489214283474,0,0,0,0
81.4848344644404,1,241,9,109.93118569381114,0,0,0,0
70.5450346987044,6,765,20,52.33879085233964,0,0,0,0
103.83545757084198,5,441,13,151.04239831734526,0,0,0,0
318.8625372442183,2,1367,14,308.03880495467683,0,0,0,0
325.398463673213,1,660,21,429.13073858735237,0,0,0,0
31.23897624585592,3,1583,19,43.70353783342953,0,0,0,0
2500.0,12,87,13,149.06215616622836,1,0,1,1
400.76957285705873,2,314,10,295.6894370738482,0,0,0,0
188.2732232393429,3,1211,11,248.0909776456365,0,0,0,0
105.2115838384897,3,77,4,88.37736806947645,1,0,0,0
31.590215959759906,5,945,15,38.43096031348756,0,0,0,0
285.9268382108616,2,1657,16,350.70079458367127,0,0,0,0
16.18254207743194,1,99,9,19.49791292511336,0,0,0,0
8541.460728120614,6,1180,10,1011.9098538433016,2,1,1,1
123.37267163972294,5,878,15,121.22022665275783,0,0,0,0
43.33165738800596,3,1463,15,68.38796718089033,0,1,0,0
70.7538867415743,2,508,9,74.58299760934982,0,0,0,0
36.721780513590915,1,167,14,31.577509836028575,0,0,0,0
136.41366784068055,1,1716,8,205.36613686690265,0,0,0,0
381.7996355772455,3,1754,11,251.19702540320688,0,0,0,0
257.50211776602293,5,55,7,324.69470834802036,0,0,0,0
14619.641737224325,9,433,11,563.0763670487297,0,1,1,1
324.84836778060577,2,773,12,374.4995699990697,0,0,0,0
483.6145077285673,2,541,1,305.5927361376955,0,0,0,0
1523.3709876891953,4,1673,12,1507.317978131732,0,0,1,0
26.41701645119572,4,199,20,40.24001153826619,0,0,0,0
505.20267668383957,1,94,8,610.8020581554117,0,0,0,0
362.9646878042695,3,653,8,542.9141341931625,0,0,0,0
217.99791650896898,4,1566,10,205.81928844022423,0,0,1,0
86.84708525227475,5,585,8,97.97726881229447,0,0,0,0
198.00369372703443,4,1728,8,212.2821092304543,0,0,0,0
112.07028511608341,5,1125,20,67.89907689143203,0,0,0,0
292.5891927745585,3,575,15,180.0950969391508,0,0,0,0
583.7790312808521,3,75,10,927.8449835497057,0,1,0,0
416.195666668693,6,209,8,635.5288757214726,0,0,0,0
50.53371098866526,2,1417,8,76.96818125730621,0,0,0,0
327.69572528460606,4,218,16,324.35726670324897,0,0,0,0
89.88018517166958,5,1558,13,81.96519568470106,0,0,0,0
248.71185773517834,3,821,22,149.66446016886977,0,0,0,0
525.7854485705146,6,1425,12,390.9842986317225,0,0,0,0
42.26571876033503,3,192,14,52.19175027000576,0,0,0,0
511.4165870905579,5,616,6,536.7717644666819,0,0,0,0
165.80296709587194,2,545,13,189.8943509946327,0,0,0,0
18760.838899909086,6,25,3,717.4236687544792,3,1,1,1
128.63918020428355,3,745,11,193.4702163522005,0,0,0,0
921.8440252460659,1,1258,17,979.3725786709474,0,0,0,0
444.091382615627,2,560,12,610.1422541268028,0,0,0,0
44425.84392319331,7,17,2,455.4237588839983,1,0,1,1
256.79602017985906,2,476,8,323.37110798501027,0,0,0,0
172.21100418544478,2,1364,12,210.9417684877215,0,0,0,0
484.2389520586712,3,1000,10,723.1978653103383,0,0,1,0
89.34795358108279,2,590,17,74.54376323269942,0,0,0,0
61.60802665188913,3,1524,13,44.953293420896415,0,0,0,0
109.21293767204226,3,557,16,133.8833275940452,1,0,1,0
27.35801270706354,3,571,11,32.03303659525081,0,0,0,0
1006.4365599280063,4,1401,17,1410.7016219925727,0,0,0,0
734.042920718609,3,285,15,903.6144650212852,0,0,0,0
42.81301097117037,2,578,20,60.31683528637132,0,0,0,0
863.7729807625219,4,962,10,709.6783264889549,0,0,0,0
206.58390708607072,4,305,9,155.92901874472804,0,0,0,0
142.35230585591782,3,656,7,140.7484600846386,0,0,0,0
352.91431458919925,5,1061,15,461.020435332748,0,0,1,0
165.67752893958155,5,150,8,121.81687488071661,0,0,0,0
67.3483525822452,3,1095,11,47.37801721828273,0,0,0,0
267.4221919375587,1,152,18,373.47058899741285,0,0,0,0
18.759508420483513,4,73,9,20.892441730024906,0,0,0,0
174.91304938844814,5,1330,14,223.62775655335219,0,0,0,0
37099.820630687835,6,1,10,678.6272436671665,3,0,1,1
20.011056835467137,1,1586,11,22.07053731085528,0,0,0,0
11.443826379063463,3,563,12,14.268370266890386,0,0,0,0
300.9653995334146,6,375,19,314.80730833222333,1,0,0,0
354.7421143292391,1,186,21,229.54094190134816,0,0,0,0
27.220914339781835,3,200,13,42.36386296868396,0,0,0,0
70.8465904945104,4,1753,5,91.98532001204143,0,0,1,0
18.161728576243632,1,634,8,28.66677561473013,0,0,1,0
660.0850759127391,1,1789,14,488.80985526956425,0,0,0,0
42.82693058616644,4,851,7,38.69365666201068,0,0,0,0
254.0861203354294,5,869,7,269.5428640621801,0,0,1,0
332.2214509029847,2,229,12,414.71342208253714,0,0,0,0
449.4164098071269,3,1353,11,591.0038321574033,0,0,0,0
125.0034853742783,2,1134,15,77.07419537779644,0,0,0,0
101.92642183282233,1,823,0,84.9812009864974,0,0,0,0
47.46973000413336,6,409,3,61.44075855424763,0,0,1,0
143.97041791404888,3,149,1,88.28088683204645,0,0,0,0
613.1309335684996,3,785,17,702.8632547605488,0,0,0,0
23307.839865372705,15,318,13,58.120810639178686,1,0,1,1
10.060258432857658,4,415,8,12.851596975830079,0,1,0,0
74.80786880316447,3,489,9,92.36216508482184,0,0,0,0
138.85638795270043,1,1507,20,98.88099991659574,0,1,0,0
471.2877717683629,2,1601,18,505.85825649937465,0,0,0,0
44.84029970845144,3,1100,11,52.59171970774316,0,0,0,0
51.556300277141716,2,245,11,60.52383294724025,0,0,0,0
144.42661371317044,2,685,8,182.75873924780305,0,0,0,0
439.05168669473204,4,1181,17,378.73624207301054,0,0,0,0
860.210504030514,2,1757,7,868.4796499813988,0,1,1,0
217.2248157374341,2,388,17,272.1940012733778,0,0,0,0
538.4137253224659,2,1681,17,706.4994136156836,0,0,0,0
5073.437337439441,6,24,17,357.87534470697767,2,0,1,1
160.62765968159218,2,292,10,220.83792413158116,0,1,1,0
38.185610680711534,3,1766,9,50.728895092509376,0,0,1,0
103.98188632345995,1,203,22,101.02616314521086,0,0,0,0
40.54499801210471,3,701,9,44.78447014145869,0,0,1,0
27.28315172188231,3,1297,17,36.82312097736202,0,1,1,0
417.16141454328215,1,143,20,559.6686484350116,0,0,0,0
103.38664541440592,3,1264,5,140.02837811082,0,0,1,0
145.42562664827835,1,145,7,167.41336051599512,0,0,0,0
121.663166891202,1,801,17,79.1357542176305,0,0,0,0
22.9871857786475,3,35,16,35.10933214215927,0,0,0,0
2500.0,11,1071,4,315.26575267604966,0,1,1,1
10443.455338619668,11,1197,17,336.320999822793,2,1,1,1
22.419500570171632,3,517,11,31.802745196435097,0,0,1,0
141.56801188623095,2,993,19,131.10866507380396,0,0,0,0
2500.0,6,626,17,486.01264483826793,1,0,1,1
181769.36833628494,6,11,3,1170.9766083592594,1,1,1,1
37.39086408934787,1,1351,8,34.123055433639344,0,0,0,0
41.35115715326509,4,1779,0,57.061012247633194,0,0,0,0
17040.330444108167,11,6,1,1058.91414788887,2,1,1,1
160.51761349407343,5,1157,17,240.5207567251416,1,0,1,0
114.03480208307708,1,148,10,170.84452756837368,0,0,0,0
93.55514560416172,3,714,19,124.35866182363843,0,0,1,0
336.8784003287595,6,561,13,329.8855980587461,0,0,0,0
796.5909399974286,3,926,6,862.1243048310619,0,0,0,0
386.2979028584711,3,525,15,448.852873700111,0,0,0,0
195.7181737906215,4,498,14,246.23756841740487,0,0,0,0
402.815293165736,2,428,19,555.194627499999,0,0,0,0
107.5959507203686,3,305,13,125.29307244059392,0,1,0,0
368.3576367697734,4,1756,18,568.549388975566,0,0,0,0
55.77685757823617,3,171,9,68.78421326654811,0,1,0,0
188.44612643371585,6,98,8,216.50827424416164,0,0,1,0
97.85995418310993,3,873,18,118.06474373296084,0,0,0,0
6594.924520590612,11,299,16,429.94004532085233,0,0,1,1
304.912295377891,3,1583,17,466.56800892088074,0,0,0,0
255.80227160054065,5,1651,8,289.78112855469885,0,0,0,0
9143.285663496084,7,1135,13,213.80816955920363,0,1,1,1
146.72032748714943,2,1222,5,162.85633916632125,0,0,0,0
606.850782625245,3,1003,8,491.4028518326092,0,0,0,0
167.49686077534807,2,475,10,190.6459735616197,0,0,0,0
256.0385755585346,2,862,9,297.13467174991274,0,0,0,0
326.8648118374445,6,356,15,362.4704492118511,0,0,0,0
41.036154574422966,4,1472,6,29.971026711250055,0,0,0,0
522.5131174897789,4,280,16,361.6984999161637,0,0,0,0
3224.820928474098,7,22,1,683.818391575253,1,1,0,1
242.6985307059112,2,707,8,372.7638283675298,0,0,0,0
606.1945706089757,3,1509,7,595.9881489677197,0,0,0,0
98.96279397616811,2,874,18,101.82750730646492,0,0,0,0
226.0879353381656,2,610,11,344.1076267899728,0,0,0,0
107.0550511686582,1,1796,12,76.45126029580145,0,0,0,0
321.26120079444047,4,1162,10,247.1756649980828,0,0,0,0
132.98383567785163,3,1084,8,208.54956101391193,0,0,0,0
610.4457812785589,3,350,13,534.44333704556,0,0,0,0
373.6725486691089,2,359,12,426.21436809895096,0,0,0,0
137.79486986207883,2,258,21,131.33528634279205,0,0,0,0
282.50459520817236,2,59,11,363.2566823030184,0,0,0,0
151.74622816523572,5,1582,10,139.7160490289162,0,0,0,0
564.7510050911261,3,516,17,497.3203470165686,0,0,0,0
55.200948644899086,2,252,7,76.72388492552895,0,0,1,0
189.02330923322592,1,1698,9,232.90335382618161,0,0,0,0
46.40587308454403,3,223,15,44.46765806058544,1,0,1,0
343.40002802005387,3,1297,19,417.903272068496,0,0,0,0
188.4715110697066,5,1357,8,155.90093645639223,0,0,0,0
266.8276733919262,4,1780,9,348.5349373465806,0,0,0,0
159.16456790044174,3,556,5,151.18921643228114,0,0,0,0
78.04723516293674,6,906,16,109.17408021486379,0,0,0,0
110.85611219355759,4,1184,9,70.98074597147999,0,0,0,0
11.550755415484916,3,746,13,7.317531959211518,0,0,0,0
143.3810609528418,3,1554,6,157.91349882298172,0,0,0,0
292.61913078967535,2,1313,8,458.804888727762,0,0,0,0
51.851844977971645,5,714,14,77.91172265978618,0,0,0,0
107.57463255745132,3,1140,8,122.2697232009884,0,0,0,0
562.7511860453646,3,1107,17,831.27304774651,0,0,0,0
236.7281361179094,5,929,18,352.5546222309007,0,0,0,0
258.83411118160086,1,359,17,365.0716025649093,0,0,0,0
254.3707709972415,3,452,19,370.9653677652925,0,1,0,0
12.269890962726071,3,240,8,11.62798152874117,0,0,0,0
168.87246765657412,3,205,19,176.48366857364152,0,0,0,0
95.6386101319302,4,1395,11,119.51545194565234,0,0,0,0
332.6286670520519,1,310,12,325.67694541622495,0,0,0,0
83.93567574250145,4,791,22,110.85296114006698,0,0,0,0
624.2221319233893,1,202,7,614.2218514657875,0,0,1,0
352.343365338261,1,1190,12,549.0199638986643,0,0,0,0
564.0419588641373,5,672,14,869.2208904784932,0,0,0,0
58.51362580202419,4,1620,12,68.95563036404548,0,0,0,0
107.53709679871767,2,35,18,73.68910281405104,0,0,0,0
190.86423323674197,3,1366,7,200.68739805933626,0,0,1,0
434.92172528312386,4,1585,16,488.7402027348839,0,0,1,0
268.2058162736143,2,344,7,343.31320169021654,0,0,0,0
177.40271650246987,3,1757,10,109.10653930691868,1,0,1,0
205.15612467148765,4,545,3,130.28485188886182,0,0,0,0
156.0936049759938,2,460,12,216.41911286648505,0,0,0,0
57462.345593598264,11,690,3,373.688318892421,2,0,1,1
204.12425169441784,3,809,3,276.75269246856953,0,0,0,0
242.86061194203927,3,277,19,316.86282563545114,0,0,0,0
15.02554639354006,1,1252,19,16.753898001942055,0,0,1,0
210.20055536835167,5,989,8,191.90657018176103,0,0,1,0
67.97869627831284,2,1608,8,66.45958295300605,0,0,0,0
2500.0,9,331,17,956.637181635949,1,0,1,1
197.29986627640184,3,1250,11,167.8144116269623,0,1,0,0
362.1295294008449,3,668,20,387.872698640259,0,0,0,0
538.2357400352133,3,641,3,825.0126394605956,0,0,0,0
30.1625385584049,4,912,16,33.1621207691912,0,0,0,0
242.5785721605928,1,1082,14,148.37446408998287,0,0,0,0
715.4613508963487,4,1147,19,782.4699735888707,0,0,0,0
313.19770313824444,2,317,16,464.05078980778677,0,0,0,0
5930.6348703621115,9,13,4,208.17245474168547,2,1,1,1
184.82568310498755,3,235,7,145.3800341045646,0,0,0,0
1205.6064379893915,1,126,2,1112.5767401499027,0,0,0,0
251.35234508099072,3,810,6,351.4174918299015,0,0,0,0
80257.0174063125,10,15,17,705.6953731137199,2,1,1,1
48.03329692076454,4,1547,8,38.953865455099766,0,0,0,0
759.2430957970714,2,964,18,910.5904075317023,0,0,1,0
877.4589161229377,3,1624,6,868.9415743296187,0,0,0,0
66.89318721150755,2,936,12,71.6111883987974,0,0,1,0
375.6858066247866,2,1093,10,494.23685986534724,0,0,0,0
41.12649438811272,2,1530,14,43.640141827568186,0,0,0,0
89.39245963410505,1,384,15,55.13935961311918,0,0,0,0
69.0179967308835,4,1616,7,101.89345910741653,0,0,0,0
37.30729277352444,4,1223,13,57.08010584106322,0,0,1,0
229.72273159456083,4,363,12,189.63334586819525,0,0,0,0
360.07003763975314,2,1524,8,320.4549157704391,0,0,0,0
706.5318163153102,2,1633,7,1040.2316306457462,0,0,0,0
487.71754813836344,3,593,13,328.6836373607625,0,0,0,0
264.97902215807545,1,134,23,171.4450432642892,0,0,0,0
158.65444795165928,1,1766,20,211.76577694008085,0,0,0,0
117.67182769289487,2,1405,16,141.75292766314084,0,0,0,0
33.030474510770105,5,1056,15,24.323472370330144,1,0,0,0
131.37520356792743,2,518,14,79.10712456951424,0,0,1,0
40.00568719854594,5,1006,10,58.99395546415823,0,0,0,0
146.41366431572106,2,790,13,212.88670891666544,0,0,0,0
295.80509301963497,3,210,15,305.51184581615877,0,0,1,0
147.12851254923004,4,1474,6,196.76808926611415,0,0,0,0
222.3962920518033,3,1491,15,238.3836645504455,0,0,0,0
338.71339111824875,2,72,13,294.4512676020454,0,0,0,0
222.08342405251128,3,1752,13,279.4870981793268,0,0,0,0
175.82853102903297,2,97,17,280.9255728671841,0,0,0,0
752.9575430505018,2,99,15,1056.338637636938,0,0,0,0
24435.230786008156,5,1151,3,328.15817740151175,0,0,0,1
75.99730459793874,2,931,1,57.917607067218796,0,0,0,0
127.06969821303684,6,275,21,165.6238330743872,0,0,0,0
17719.751454682468,11,24,11,836.2006789475599,3,0,1,1
60.25927599471322,6,556,9,90.2045221410516,0,0,0,0
159.618567205944,4,797,12,166.04578752085635,0,0,0,0
115.03456065970424,4,1418,11,164.45414557300487,0,0,0,0
35.704070792852065,4,995,16,29.673615609875586,0,0,0,0
141.7222069436888,6,1768,8,112.1001884392206,0,0,1,0
164.31637983187176,6,1106,20,255.75911263549716,0,0,0,0
32.30275724747432,3,376,20,40.597383522191244,0,0,0,0
63.00511964392883,2,1159,17,49.83404040403864,0,0,0,0
46.56189961100288,2,794,7,45.78186510130536,0,0,0,0
11.702829618846428,2,1567,11,12.225206560052122,0,0,0,0
339.84502599819217,5,581,6,331.6610592101038,0,0,0,0
255.49644716305878,4,1378,14,205.916286207802,0,0,0,0
233.35953896921328,4,455,8,231.2779523427682,0,0,0,0
313.53246994888553,3,1614,22,346.9135159020149,0,1,0,0
347.22665088702354,1,678,9,229.31511953967814,0,0,0,0
80.79552735264805,3,93,12,64.75295283241235,0,0,0,0
142.66442455538765,3,1398,18,206.63867928055924,0,0,0,0
27.43148184869033,2,1318,15,26.279795262258205,0,0,0,0
881.2775091438663,1,1459,10,785.6888735985494,0,0,0,0
13.184655323380497,2,1299,1,10.718054360058815,0,0,0,0
203.774975491543,2,396,16,315.7213951712497,0,0,0,0
7075.88356720555,8,24,5,365.32368060265014,1,1,1,1
103.07268656778885,3,1368,7,119.74887902195465,0,0,1,0
6036.975155658004,9,155,19,207.18271593976374,1,0,1,1
10.338635673586953,3,1054,12,10.282065069665425,0,0,0,0
36.63080088789037,4,729,16,32.65144334695002,0,0,0,0
148.7818236721678,4,34,3,206.34687286881174,0,0,1,0
23.59713455241911,2,541,2,16.77345443021411,0,0,1,0
71.36882715758574,3,461,17,95.15157359603472,0,0,1,0
72.60529137977286,4,384,12,114.45839964179243,0,0,0,0
274.8033539759311,3,657,1,421.0006773695284,0,0,0,0
754.5342794890232,3,1190,15,638.6196782866645,0,0,0,0
132.41096820574137,3,346,9,143.03079770634747,0,0,0,0
517.0151582818044,4,260,6,762.0961125047069,0,0,1,0
943.2426599105459,4,819,8,1054.3925822668018,0,0,1,0
469.37506018531155,2,1188,11,620.3801157326122,0,0,0,0
475.88151002431925,5,593,23,532.7301558392567,0,0,1,0
15938.900466427087,16,690,1,374.3194765672998,1,0,1,1
934.677254432922,3,1401,18,866.1827792569208,0,0,1,0
26.36806469313122,3,937,5,21.342222400055185,0,0,0,0
17077.683398469464,3,27,7,831.4810097081747,1,1,1,1
132.7758765855099,4,1027,13,132.3764719943992,0,0,0,0
235.14174464336153,5,520,18,322.9716728546009,0,0,0,0
73.16092103840984,4,1143,15,109.63554167961587,0,0,0,0
457.2811282748555,4,108,13,685.9233208394704,0,0,0,0
149.59704818289327,4,675,13,222.99375453586455,0,0,0,0
185.238794342171,5,1108,14,183.55453125442585,0,0,0,0
12.261615093577866,1,1660,7,19.15145959676127,0,0,0,0
181.8781531528849,3,1362,6,238.79112750699048,0,0,1,0
22.64154420298987,4,1429,7,26.9566665447047,0,1,0,0
88.16454067201356,2,1490,12,83.19644063792632,0,0,1,0
114.35068843670842,5,435,8,150.3948078449815,0,0,0,0
9736.922728820482,12,16,2,561.7858696716116,1,1,1,1
57.4240663732374,4,1091,14,41.839186175112125,0,0,0,0
22.974185902453087,2,1309,12,16.88223800570159,0,0,1,0
8515.224977209524,6,884,0,499.57830854390386,0,1,0,1
429.3021423059067,5,1347,9,402.7455735719393,0,0,0,0
247.59237213279718,4,1166,14,287.49457606709296,0,0,0,0
175.51537922846828,4,1630,11,181.86235437164146,0,0,0,0
722.0791392126697,4,368,10,899.4168128669232,0,0,0,0
216.15275384951306,5,1671,18,331.8062631655559,0,0,0,0
104.1749840052207,2,113,18,72.7334349534784,0,0,0,0
196.4424595400341,2,1561,12,204.25175078741472,0,0,0,0
664.9336731760523,3,1142,13,712.9239358194606,0,0,0,0
802.199360357987,5,319,10,921.4969889601173,0,0,0,0
141.76884019933127,3,1474,8,123.39952988026671,0,0,0,0
161.62306727300236,3,1136,6,105.91304937546751,0,0,0,0
223.07282339455838,3,42,14,335.6731681469786,0,0,0,0
187.02050742993652,6,1309,10,289.2415626977568,0,0,0,0
550.3910243593481,2,1755,7,842.0967292277259,0,1,0,0
960.0347397782418,4,572,13,1151.9876679028196,0,0,0,0
2500.0,9,23,6,522.5599958325021,2,1,1,1
411.83333727298685,2,356,3,498.8619619951975,0,0,0,0
419.50683745685717,5,1722,18,643.7802548279161,0,0,0,0
693.9658983739625,2,130,20,732.3866896688886,0,0,1,0
48.716325407407105,1,608,0,52.725728538013435,0,0,0,0
753.4219483767326,2,1591,19,1027.3012490793906,0,0,0,0
1045.5213441127935,3,300,22,1454.400303648582,0,0,0,0
83.46758396394965,2,463,1,80.66951970774446,0,0,1,0
199.44490298056627,2,606,11,186.18594290279174,0,0,0,0
232.76517615976215,3,140,14,332.80087766609387,0,0,0,0
413.5883690156295,3,868,5,334.8239333495648,0,0,0,0
373.3709357827147,3,308,11,291.52573190216424,0,0,0,0
226.16588380100887,1,1186,8,151.1033668698029,0,0,0,0
54.086293620214065,2,1014,12,80.23754992700162,1,0,0,0
168.08435549830477,3,631,12,112.09511569728345,0,0,0,0
37.61220432126892,2,775,9,49.204595060670485,0,0,0,0
416.40722452788077,4,324,11,581.7754437293278,0,0,1,0
147.63342576772314,1,793,8,162.12967980499968,0,0,0,0
74.41727985489116,3,371,13,112.99589310663828,0,0,0,0
62.64178211572729,4,186,17,39.56633868730455,0,0,1,0
85.08156303681963,6,1000,6,58.01085372784191,0,0,0,0
538.8548848804415,2,1261,17,805.3974757905233,0,0,0,0
179.22562190230659,2,932,7,115.75049628913634,0,0,0,0
14274.895660699141,9,7,17,868.7152348464181,1,1,1,1
129.60621367517814,3,879,15,170.72246612624747,0,0,0,0
525.6154719746121,3,1072,12,786.178743500303,0,0,1,0
19453.320208725305,13,1022,23,929.5094553650465,1,1,1,1
28.766158433113944,2,303,11,40.23686946293751,0,0,0,0
593.3916584510514,2,649,21,507.75528600787106,0,0,0,0
356.7239167655373,2,933,17,343.11253958365904,0,0,0,0
711.5615649919731,3,1177,18,732.491330484388,0,0,1,0
53.95208962501571,2,1247,14,54.81508606021115,0,0,0,0
415.6818473544979,3,144,19,412.40892173753133,0,0,0,0
151.62769775206246,2,1323,21,107.45842098839988,0,0,0,0
263.47690783363936,3,1188,7,246.07426659258616,0,0,0,0
163.0763342826098,4,624,7,254.0609411933984,0,0,0,0
913.7043840696939,2,297,3,1078.6013456123992,0,0,0,0
181.4764890065472,4,832,15,244.76898285975795,0,0,0,0
206.42455694548195,3,1469,19,279.75286432637205,0,0,0,0
44.5487761193788,2,989,7,38.96738145453053,0,0,1,0
464.06491023069754,4,495,8,399.90448983302497,0,0,1,0
56.721744094612966,2,1772,16,53.68255376528425,0,0,0,0
856.6611337316483,4,717,7,1241.4988086177743,0,0,0,0
105.1164761941952,1,1205,10,115.73845926609704,0,0,0,0
164.14220971496496,4,392,17,116.09173451758484,0,0,1,0
2967.9439898512246,9,392,18,984.456837949281,1,1,1,1
51.09931275701233,5,1140,14,31.06237083886053,0,0,0,0
63.0639252513925,5,1774,8,60.84221694385661,0,0,0,0
99.40300305565025,2,1264,16,94.21291641628325,0,1,1,0
230.0827534089804,3,1054,16,272.86809228161746,0,0,1,0
942.5693961339612,1,1221,11,1246.126442389137,0,0,0,0
161.17135408738446,4,1778,20,163.46835467715653,0,0,0,0
75.05454176690282,6,502,11,73.28019351692242,0,1,0,0
354.96313822394023,2,254,14,402.1802764687326,0,0,0,0
107.40422933891932,3,1749,14,74.21798451766416,0,0,0,0
151.3235741575292,6,984,14,239.47453652044183,0,0,0,0
57.549210631041475,6,1581,16,88.00906840234914,0,0,0,0
54.76124893289514,3,446,13,37.33637994665101,0,0,0,0
280.9313571936208,2,263,4,325.93753961376484,0,0,0,0
14.83533224322288,2,505,7,20.074923588076445,0,1,1,0
624.3436186308647,3,432,8,450.39873159051183,0,0,0,0
4068.5047709593628,12,14,21,1127.4731594346376,2,1,1,1
287.73235891290244,6,822,12,282.1784825695685,0,0,1,0
498.7097892915623,4,854,9,613.0796317797689,0,0,0,0
9722.784718331346,12,323,1,263.3818410975852,2,1,1,1
420.09898628500514,1,848,1,372.02302140773577,0,0,0,0
762.8267720942198,3,1269,17,1199.1613594199064,0,0,1,0
181.0266390603598,4,1189,17,123.50561074048314,0,0,0,0
59.35796158341248,4,106,17,71.72351720441445,0,0,0,0
55.45701874894239,3,633,17,53.06923841824288,0,0,0,0
776.7309512835866,2,30,16,702.0130149522746,0,0,1,0
571.5296281163972,2,1230,4,751.7847525907124,0,0,1,0
132.97281555054792,1,1591,18,176.24989411390152,0,0,1,0
5607.451138668701,13,734,6,1115.5902648275535,1,0,0,1
137.2912108522534,5,689,20,188.2589412622878,0,0,0,0
60.706473528433776,3,417,21,44.91297207415296,0,0,1,0
234.42458610203968,3,683,12,188.69867825174893,0,0,0,0
110.01201747750227,3,654,11,146.29292395839187,0,0,0,0
46.31925833489387,3,538,5,46.4289854171743,0,0,0,0
112.68765098369124,1,585,9,117.30969470093098,0,0,0,0
63.74280367663597,3,1040,9,101.67997927414854,0,0,0,0
278.2001937064756,6,121,17,372.1139878016918,0,0,0,0
507.7323820826322,3,1109,12,594.2845540622194,0,0,1,0
255.00783912502865,5,902,5,272.3164547230408,0,0,0,0
2500.0,5,19,4,364.65889545157734,1,0,1,1
324.8076450367415,4,1736,9,462.1613067245818,0,0,0,0
411.6235609565299,3,1637,16,325.37079438984574,0,0,0,0
788.1996812510513,3,246,19,565.4150247794158,0,0,0,0
217.1751486896113,2,1254,12,299.4519911465824,0,0,1,0
183.5991241928484,3,1761,14,216.01660068539144,0,0,1,0
335.92153270415884,3,1602,15,272.32311745421,0,0,0,0
725.7934508552099,3,1153,11,745.651947018561,0,0,0,0
38666.12825548393,5,13,9,216.034341610148,1,0,1,1
11174.88558898672,12,8,11,749.3161807398641,3,1,1,1
255.06326328795674,1,1268,13,199.7774035628056,0,0,0,0
174.14726751094025,3,634,17,146.34933649378857,0,0,1,0
242.66032795008095,2,397,0,214.9176029479032,0,0,1,0
411.30915145479185,2,874,7,509.67215644013874,0,0,0,0
240.20444961449613,4,1240,18,256.7949129909614,0,0,0,0
350.5920154671029,4,144,12,256.3975325417595,0,0,0,0
330.16238338094877,3,732,12,407.0429594800992,0,0,0,0
23.645892246773915,3,1008,12,14.328223384679758,0,0,0,0
102.5738018264708,2,1609,13,113.81685474351755,0,0,1,0
80.59064163838606,4,1186,8,62.32018532066108,0,0,0,0
46.5126870433552,2,156,15,30.37103947526677,1,0,0,0
291.08245632132656,5,1200,18,306.5252643431195,0,0,0,0
440.0658575389966,6,1034,16,603.9207530632718,0,0,0,0
11.340836438575689,3,693,16,7.227122831952424,0,0,0,0
72.51239207627778,3,1457,9,68.1255746132905,0,0,1,0
25.506710870804387,2,1214,15,21.085681207380365,0,0,0,0
7001.954210049334,4,962,0,1162.8340075997683,2,1,1,1
36.408350367186664,2,1621,12,47.26921249679875,0,0,0,0
81.57971689659439,3,623,14,101.79501987933018,0,0,0,0
291.7732256115402,2,445,7,224.33030509990618,0,0,0,0
125.975220512289,1,1284,5,194.85498437480146,0,0,0,0
491.9213216830178,5,569,14,513.4842031278702,1,1,0,0
82.6458618415879,3,172,16,54.986535392304674,0,0,0,0
6171.037976281491,3,934,2,78.1403889258411,0,1,1,1
3341.6796175076283,9,470,16,191.4821195518104,0,1,1,1
78.34983550865758,2,1281,12,93.13894735467252,0,0,0,0
78.84372456266328,4,1110,13,52.26039727542907,0,0,0,0
254.12935124092303,5,465,12,255.9095902269652,0,0,1,0
356.4335607920794,4,640,9,437.0897284908034,0,0,0,0
344.7282196086751,3,753,14,397.9069401775059,0,0,0,0
980.8573460634362,3,304,9,683.0145233746131,0,0,0,0
70.63233778366478,3,1592,11,94.34779203465231,0,0,0,0
79.19031636035737,5,1643,8,90.83843613858498,0,0,0,0
8555.516953126882,10,10,4,291.8011197963079,0,1,1,1
440.6353638328615,2,1083,20,361.76584417157426,0,1,0,0
352.0541622021023,3,1262,10,560.5809420869873,0,0,0,0
450.7036181117201,4,416,17,303.56512659580784,0,0,0,0
121.61776249931698,4,1486,1,135.87923393360953,0,0,0,0
87.17113824551345,2,462,10,73.8667159003997,0,0,1,0
15819.209335793825,11,25,11,333.85639908034,2,1,1,1
22140.277923894457,9,80,4,618.2790090720968,1,0,1,1
299.88711274276085,1,802,14,338.89786159660235,0,0,0,0
40.65341419840172,4,263,10,42.07251959346214,0,0,0,0
26104.47184443594,6,19,3,302.29808203816697,0,0,1,1
3904.259431075784,7,1161,5,795.7750903363208,1,1,1,1
195.11098329526098,2,434,18,209.26594247364736,0,0,0,0
430.782909788797,2,280,11,548.5224634259357,0,0,0,0
44.63759652940949,3,472,9,32.50375898824835,0,0,0,0
499.04082052867625,3,1061,2,787.2801000280849,0,0,0,0
187.6092942835475,5,1342,12,230.92897727490143,0,0,0,0
541.8865795130383,2,1033,9,473.88245967276043,0,0,1,0
84.64647010600154,6,1402,16,92.66609560947461,0,1,0,0
26.27697813579355,3,255,17,22.606190399198063,0,0,1,0
115.9636101931816,2,1580,10,174.03609827231185,0,0,0,0
296.29474437386233,3,1427,7,380.767379576153,0,0,0,0
83.30678117858339,3,1465,18,100.14746302563736,0,0,0,0
52.778115969077746,1,1224,6,32.198250811341666,0,0,0,0
13.878655866103744,2,1109,11,11.210731594721823,0,0,0,0
294.15823947325794,2,1123,11,232.97847630046607,0,0,0,0
179.70327446950435,4,901,9,146.86660662854544,0,0,0,0
58.29678287323653,4,561,6,90.64175694091911,0,0,0,0
41.07319595737087,1,951,10,25.75587274435575,0,0,0,0
198.6673047446572,5,1506,8,244.85448406385757,0,0,1,0
292.14938596987224,6,34,10,461.07042323597693,0,0,0,0
494.95060349253333,3,774,20,420.2256227765263,0,1,0,0
68594.09624055785,12,339,3,825.3670997770117,2,1,1,1
11.811534239319036,2,328,10,12.109737589424368,0,0,1,0
5113.108146115217,9,17,4,1195.183196249455,1,1,1,1
48320.6333382058,9,622,17,407.30711716811766,1,0,1,1
29513.87068622211,15,1080,6,1178.6552547608496,3,0,1,1
10030.391530578972,5,465,1,802.5841532854034,0,1,1,1
105.04809877993743,1,1093,22,128.20835177453554,0,0,0,0
288.45738479331254,2,1405,13,412.3657728936666,0,0,0,0
61.41854319877819,3,1700,13,36.989704197884365,1,0,0,0
37.33559879120543,2,1101,0,46.48371438540068,0,0,1,0
420.83277943289863,2,211,17,357.56054425153985,0,0,0,0
130.16345308193655,4,908,9,179.15920090533226,0,0,0,0
67.1384096825384,2,1796,9,74.95976098517438,0,0,1,0
22.63707694338344,3,1195,18,27.722530776916653,0,0,0,0
190.9045144043317,1,197,6,166.49740278076973,0,0,0,0
99.66131885766052,2,208,20,121.18645780549934,0,0,0,0
45.79115865725905,3,818,9,64.2712392368453,0,0,0,0
74.45350056453192,2,519,12,66.63601041083618,0,0,0,0
243.97211011583494,3,916,12,379.8937253123337,0,0,0,0
70.11588502155452,1,735,8,55.473398594210565,0,0,0,0
169.27107169736541,4,1425,15,219.7136242338296,0,0,0,0
301.8984077742031,2,1655,12,185.67018428932786,0,0,0,0
616.4620225130861,2,1666,12,725.737683474275,0,0,1,0
195.97101936839016,4,1346,9,232.01211428826892,0,0,0,0
239.92891442944267,1,33,14,376.0790594236404,0,0,0,0
40.845098059994015,5,786,19,61.92352734625597,0,0,0,0
66277.65964079992,8,17,13,680.8629798079365,1,1,0,1
899.7497248078977,4,1700,8,832.1315130342512,0,0,0,0
97.04907239659224,1,337,11,109.5727346253743,1,0,0,0
117.2608254259937,4,309,21,151.13997047917567,1,0,0,0
211.13539684995746,4,202,12,189.57440976494672,0,0,0,0
16200.455186723815,9,547,5,159.11330955493588,2,1,1,1
127.82961091204851,4,1488,11,135.2804323946664,0,0,0,0
9531.003878114505,11,738,4,604.5982165828823,0,1,1,1
199.99841211952403,5,1630,8,179.07247828381134,0,0,0,0
609.7798800387009,2,715,16,522.6697871465742,0,0,0,0
349.14269332139594,4,47,5,479.25765414115926,0,0,0,0
62.66054763602837,4,525,20,38.71336399271554,0,0,0,0
263.6450341598793,2,1050,11,321.36316437836496,0,0,0,0
77.17986188290661,4,1615,17,90.01305896782381,0,0,0,0
754.3228081274868,2,914,12,1196.0996072199669,0,0,0,0
78.44108197647122,2,215,14,49.20404788142828,0,0,1,0
260.097693129462,2,1154,13,373.3392621246802,0,0,0,0
115.9314544319824,2,405,22,110.15473897494299,0,0,0,0
379.3892013435773,3,951,8,251.1118867433913,0,0,0,0
6214.1603876088375,12,944,2,817.597525612737,3,0,1,1
32.512937790662065,4,903,23,31.93939082183127,0,1,0,0
102.18492640107657,4,708,9,75.49101405714292,0,0,0,0
35.67713052280122,3,706,18,25.908110449618334,0,0,0,0
89.67871516397383,4,94,10,60.82025901891932,0,0,0,0
503.7383606854026,4,1779,18,323.7616307713939,0,0,0,0
205.4326172836608,2,1024,13,282.9945455774196,0,1,0,0
16733.97732752282,11,950,0,469.97946534235814,0,1,0,1
76.0606327492663,3,1312,14,60.136180547008436,0,1,1,0
231.54307063293473,4,91,8,251.09363189990793,0,0,0,0
1033.6976916525173,5,252,8,1460.2669827205207,0,1,0,0
391.6716509122107,4,592,7,354.3094237822783,0,0,0,0
293.3134744807128,5,1371,18,427.09913390704736,0,0,0,0
171.1975951896983,4,737,8,170.71107916366296,0,0,0,0
152.1682905868566,1,784,10,214.09469440035122,0,0,0,0
207.98132220419092,4,950,12,220.43020403665054,0,0,0,0
2500.0,5,564,4,1021.2884231599177,2,1,0,1
43784.46627027799,6,20,9,1033.0529573525664,0,0,1,1
14834.843350336256,9,441,14,316.42174429803686,2,0,1,1
15.707072626759672,1,954,11,14.84724203686858,0,0,1,0
14.961785172167707,3,1139,17,13.228947190508368,0,0,1,0
753.5720533831163,2,1640,14,658.4545072857974,0,0,0,0
35.60977838654927,2,1028,8,26.50203489995537,0,0,0,0
429.0293598124807,6,1108,7,258.2909488680924,0,0,0,0
259.49407408639115,3,1713,16,317.44231580368836,0,0,0,0
31.280214923712894,4,238,19,37.543803631393416,0,0,0,0
392.682958000796,3,1490,18,323.8212741597478,0,0,0,0
30.862631776551826,1,360,11,41.42497700138576,0,0,0,0
86.18856986575297,4,1341,13,74.88011543138221,0,0,0,0
95.33339731760421,5,251,9,143.80547733478787,0,0,0,0
590.2848318904602,6,360,22,705.9811781188331,1,0,0,0
694.8638931428185,5,816,14,1004.7838496533427,0,0,0,0
7447.026071087562,9,924,2,438.47647507342975,3,0,0,1
464.22704536788126,3,1577,5,289.2980416470122,0,0,0,0
82.8681119443239,2,1611,9,104.9289697614124,0,0,0,0
58.668468626972576,2,1635,21,67.57682995452858,0,1,0,0
32.76404064513683,3,1559,17,31.25706854019555,0,0,0,0
126.82382108043089,1,1776,10,194.3264019928897,0,0,0,0
124.65602801885751,6,1792,8,112.02216921355733,0,0,0,0
215.64004144145247,1,1026,7,186.15496939616966,0,0,0,0
588.6078035545058,4,1065,2,379.60357422652913,0,0,1,0
288.41340216284095,3,361,13,323.63912611224606,0,0,0,0
46.099567608849384,2,1357,10,45.04122798656449,0,0,1,0
91.40553189947065,5,1026,13,87.02663385031171,0,0,0,0
266.1681905269986,4,1690,7,188.4531583089314,0,0,0,0
328.3408436451987,4,88,17,490.4423797317753,0,0,0,0
553.715978118003,4,81,9,592.5969593947001,0,0,1,0
24.8439894520952,1,1250,15,25.519095294169425,0,0,0,0
85.9647217719271,4,1586,10,130.74172160249898,0,0,0,0
84.01423562481693,5,762,17,115.48684460598055,0,0,0,0
248.82158388699045,2,1162,13,268.86109198609387,0,0,0,0
200.00756692053383,3,1519,12,247.4160161962653,0,0,1,0
176.44647701032528,5,1573,8,187.81411014494634,0,0,1,0
156.76641836072574,4,666,1,192.52425459972417,0,0,0,0
241.89415860221735,3,496,11,265.9921813430396,0,0,0,0
682.1652438921378,4,478,13,974.2147464146409,0,0,0,0
281.71225453218517,2,1543,23,416.0328844254812,1,0,1,0
748.4392588862495,6,1189,6,1063.5912525181466,0,0,1,0
61.696977439319824,5,1421,11,39.08893440760878,0,0,1,0
431.02255719470094,2,1463,6,589.0922445207906,0,0,0,0
82.67259283058773,5,230,10,79.8430753665137,0,0,1,0
539.8880863037042,5,1418,14,354.39892176603854,0,0,0,0
4077.149207775495,5,495,1,420.48582883955646,1,1,1,1
15088.472074544221,9,3,11,457.6263915164834,0,1,1,1
11.417034607494559,5,1687,14,18.097316421114037,0,0,0,0
149.42972071399026,6,1113,12,149.66328918915988,0,0,0,0
193.61236900941958,5,37,19,282.41337883706524,0,0,0,0
252.77295346909122,3,1396,14,176.98412702793613,0,0,0,0
52.08256658792469,2,465,10,49.94354317670996,1,0,0,0
136.64778615480208,5,1188,5,192.52595288451857,0,0,0,0
68.72475779538331,4,700,15,89.04976960321513,0,0,0,0
148.34735916718157,4,859,8,170.8776697200074,0,0,0,0
676.0723698973186,2,425,1,740.016483320364,0,0,0,0
69.59007192103375,3,471,17,76.6138250346071,0,0,0,0
220.3066753369639,1,1295,17,155.94467927944893,0,0,0,0
376.81383360759435,2,1265,14,231.78799098992835,0,0,0,0
155.15173288626636,3,1245,14,174.11018801561212,0,0,0,0
42.409701653888774,2,705,5,36.27157389119983,0,0,0,0
118.21778706189701,2,31,14,159.86422562034411,0,1,0,0
74.83062582950122,6,1101,12,67.45948584361237,0,0,1,0
12004.9675712456,6,1164,19,967.3869659076869,2,0,1,1
43.70023287376933,1,829,15,61.17250430660095,0,0,0,0
8023.511160463067,7,16,2,1029.441057564476,2,1,1,1
212.43065627749067,4,1730,5,276.0817292265199,0,0,0,0
740.0431371026607,3,1546,11,814.5959967096632,0,0,0,0
173.85986832678546,4,629,14,108.88535415675635,0,0,0,0
13737.485620537966,8,16,1,563.8447508906872,0,0,0,1
279.6906847609786,2,1506,10,325.1671755053773,0,0,1,0
5381.300018733966,11,2,2,618.8670518565698,2,0,1,1
533.9481664417451,2,1693,10,478.04468722992874,0,0,1,0
13552.554019868945,8,19,11,1021.6375081226106,1,1,1,1
235.1108322587045,4,118,8,208.16510783133202,0,0,1,0
137.3355559525786,2,298,14,121.06602103500713,0,0,0,0
100.58075618098965,4,850,15,136.86761139525103,0,0,1,0
23.705931597991864,4,625,16,36.222710118234176,0,0,0,0
511.970500991155,1,1418,9,796.5804845233785,0,0,0,0
22.59366435063315,2,1189,12,15.710996136568488,0,0,1,0
20.291492858881075,3,918,13,21.41250451761022,0,0,0,0
674.839009789376,4,237,9,1019.2664213327477,0,0,1,0
194.57461821249612,3,1662,9,194.70301026321312,0,0,0,0
29032.889541784287,5,8,2,1173.4574049247485,2,0,1,1
64.16422214484055,4,1564,14,80.0373115518717,0,0,0,0
311.9459570850422,3,958,12,400.7977958156628,0,0,1,0
119.80051196364123,2,242,17,163.92910851697832,0,0,0,0
12750.777617369185,10,170,1,529.4026482550569,1,0,1,1
26.587169219761467,2,1464,13,29.97221933273702,0,0,0,0
338.722798955159,5,412,7,541.257520714534,0,0,1,0
28051.47415989389,8,219,3,859.5705407115369,0,1,1,1
347.61909490695393,1,1232,20,222.03803393817307,0,0,0,0
20.046737303576567,4,1568,18,21.418598053516238,0,0,0,0
39.70683642435122,5,840,9,33.04606072212874,0,0,0,0
23.757871046714754,1,1616,8,16.760639869025532,0,0,0,0
1005.1864489517153,5,1494,22,706.7786711774215,0,0,0,0
55.72072303908568,4,1643,12,43.7463104746952,0,0,0,0
177.08008241547913,2,1422,20,166.82662788816543,0,0,0,0
607.6835006519776,4,1525,18,936.65401780017,0,0,0,0
260.34092433625574,5,1134,4,211.0622894065036,0,0,1,0
44.753158439498726,5,359,14,51.97127993426268,0,0,0,0
99.68934424977682,2,384,14,124.87454550778948,0,0,0,0
609.7059020394433,4,214,5,600.677121074241,0,0,0,0
220.01107639681436,2,1639,17,189.4927138299888,0,0,0,0
361.7643631656464,1,1350,14,493.5860732523893,0,0,0,0
198.88734371272366,5,123,6,312.21404063466645,0,0,0,0
399.80327439858684,3,1226,18,325.2243705092613,0,0,0,0
1207.4578311496916,3,1410,10,1887.8084999025361,0,0,0,0
290.21552584000517,2,1116,15,332.0562339021183,0,0,0,0
20.728380324889244,1,134,12,25.029611577036924,0,0,0,0
282.1486901449157,6,842,13,281.74835389594693,0,0,0,0
148.72423021696565,4,70,3,111.46621081665226,0,0,0,0
597.0890139988171,5,809,8,828.0228762602985,0,0,1,0
6663.437157880142,16,735,1,296.6758154895138,1,1,1,1
766.1524143581075,4,1630,8,981.5910812487846,0,0,1,0
25.342473395491577,3,374,6,35.08862768380663,0,0,0,0
189.21013978402166,5,1072,13,114.46815405810855,0,0,0,0
123.56954922636447,2,729,17,82.64965681613153,0,0,0,0
19.629137954453277,3,1260,13,27.582492357765034,0,0,0,0
179.37569524888266,2,422,14,230.06259766085492,0,0,0,0
62.93022579422395,4,827,16,50.37472528549547,0,0,0,0
5502.4378633264905,13,5,17,293.58149084271383,1,0,1,1
2500.0,5,29,18,444.29512024312,3,1,1,1
97.83506869744167,3,1159,18,78.87620223701977,0,0,1,0
2500.0,10,20,1,426.6981829736014,2,1,1,1
486.6662783320701,3,924,15,759.6450820472254,0,0,0,0
85.21821843055821,4,1236,5,93.74599341594975,0,0,0,0
188.087022575455,6,1402,20,123.01555771353027,0,0,0,0
15.705746482500206,2,1691,20,18.867876004276475,0,0,0,0
74396.64246350387,10,16,0,1018.5523843032954,2,1,1,1
223.60678604966742,5,1022,16,223.1502180832085,0,0,0,0
405.43650553559274,3,310,7,543.98237323392,0,0,0,0
55.4492322243073,5,471,13,44.977627692397355,0,0,0,0
174.30018531251056,1,968,12,167.00870288168048,0,0,1,0
294.9685729322162,3,429,8,418.8967218477055,0,0,0,0
209.15182868368262,2,374,14,229.38019307399293,0,0,0,0
223.42407145287635,2,1756,10,258.7845507287786,0,0,0,0
32.51732256482605,3,1245,8,45.93627267501851,0,0,0,0
359.97480752908547,2,840,13,232.267573226148,0,0,0,0
344.31297978568625,4,292,13,344.5124683069545,0,0,0,0
40110.24662381153,11,18,9,660.6416593201367,3,1,0,1
76.7067402005562,2,1628,4,100.4506195060384,0,0,0,0
13.735307186536218,1,682,16,8.746816601288508,0,0,0,0
61.30318562387274,1,1366,18,91.15415402742408,0,0,0,0
67.80063187613396,3,719,14,52.15216914846146,0,0,0,0
291.8899861276888,3,685,5,382.9949436753967,0,0,0,0
168.03983010587422,6,1334,8,222.02357278171868,0,0,0,0
300.0606913611901,4,142,8,398.93151805365096,0,0,1,0
40077.77514292423,11,86,13,297.5920011683736,3,1,1,1
52.445900824877654,3,1358,9,43.27202636597682,0,0,0,0
10043.779178611934,10,21,17,290.39367488718653,1,1,1,1
410.56076207719394,3,1537,16,603.1360619930579,0,0,1,0
348.6944575920077,1,1283,12,244.96902205289362,0,0,1,0
12863.81418638397,6,164,23,569.9518007639456,2,1,1,1
267.9097504300222,4,885,10,220.52076901214227,0,0,0,0
200.99430526398265,4,559,6,232.3278166168062,0,0,0,0
839.79603933205,2,1370,8,998.5383673789967,0,0,0,0
554.1855368387098,1,1099,14,865.4682642672097,0,0,0,0
21.01412501310557,5,804,7,33.542164831118924,0,0,1,0
486.10645563133716,1,851,13,292.1638974983682,0,0,1,0
13725.024582680164,12,587,0,88.61971132867373,1,1,1,1
78.65908351206403,3,1746,15,66.14903772081922,0,1,1,0
234.4202459978265,3,1049,15,346.77308538606553,0,0,0,0
521.3826780628476,3,122,9,711.378246809581,0,0,0,0
458.4063179015767,1,199,18,343.76165114030425,0,0,0,0
139.27658089929534,6,1083,9,133.80422352914417,0,0,0,0
257.7091331786743,6,1739,15,305.39354767492165,0,0,1,0
14631.693274068275,14,5,15,203.7036429818418,0,1,1,1
44.203278961666,3,746,15,48.38134531215514,0,0,1,0
197.37627866462577,4,623,16,263.5726747803955,0,0,0,0
511.92164108525736,1,921,7,485.1164460263988,0,0,0,0
104.43365670756556,2,425,11,92.58645959976796,0,0,0,0
66.07783593556448,1,1433,10,102.27187069589101,0,0,0,0
8080.271635754532,10,953,1,525.9332982545618,1,1,1,1
126.11259935228831,3,447,19,110.11031918319941,0,0,0,0
170.2382786757034,4,131,9,196.64060132385623,0,0,0,0
23.703862740778625,4,1229,19,25.620940231506655,0,0,1,0
127.62947867616417,5,173,6,173.61629612967315,0,1,0,0
697.7903261903837,2,884,13,665.3386648252209,0,0,0,0
62.37713387717766,3,274,7,82.52245634728847,0,0,0,0
585.6044689405419,2,249,6,724.4001573441091,0,0,1,0
119.20250150905788,1,442,17,131.1883741805808,0,0,0,0
377.39031829682955,1,1746,11,369.27023120841676,0,0,0,0
308.0993343874521,4,445,7,240.2365271377796,0,0,0,0
526.7265853169417,3,475,9,598.9340291098871,0,0,0,0
237.10720999689005,2,103,9,180.6109430585952,0,0,0,0
87.06818283008177,1,1424,11,53.50937777447945,0,0,0,0
61.583365888637545,4,865,16,60.973570123609846,0,0,0,0
383.475791370318,2,628,13,236.45020509348964,0,0,0,0
627.7163160313826,6,491,15,479.44618278743866,0,0,0,0
161.9235859378098,1,1617,5,200.31448677932013,0,0,1,0
3099.0203717730983,10,27,6,794.282549024806,1,1,1,1
37.918625149597986,6,1698,7,51.5059965510987,0,0,0,0
12.273849901807152,4,536,7,18.0134257095432,0,0,0,0
87.01312412005657,4,1609,19,66.53195089670027,0,0,0,0
12.310871831889092,5,1276,13,18.818612188200248,1,1,1,0
61243.123310962874,8,7,7,165.99137226496822,2,1,1,1
174.66299529952153,6,1697,6,251.97389694817178,0,0,1,0
521.1700450256092,5,1072,16,366.95943639057566,0,0,0,0
336.9693813707668,1,1158,6,272.05145686451,0,0,0,0
114.78775483876062,4,1482,12,77.04661233464665,0,0,0,0
53.697122268325856,1,627,12,70.25419461030056,0,0,0,0
955.0613282921671,4,402,18,1258.9474483115066,0,0,0,0
67.66423411775224,3,188,15,83.82716488943912,0,0,1,0
223.88917208738306,5,635,11,286.4861056038427,0,0,0,0
152.32169872822058,3,99,0,150.67038603482618,0,0,1,0
84.81077268709257,1,1651,7,127.10192026260303,0,0,0,0
244.06283956870493,3,113,11,310.80151860700806,0,0,0,0
239.19930696326048,6,1250,19,360.16762457623025,0,0,0,0
497.3771332934208,1,1594,8,509.48072435161663,0,0,1,0
186.77609065161252,2,1550,7,298.7171506114598,0,0,0,0
285.31637580134253,5,1360,11,450.2235488868162,0,0,0,0
153.27031799162782,3,1426,11,234.98754456814507,0,0,0,0
292.55500913782026,2,1723,7,433.4062246698632,0,0,0,0
74.25795752390832,2,748,12,79.15033764016684,0,0,0,0
323.46232194419395,3,767,19,411.4903305386334,0,0,0,0
282.0277769444949,1,40,7,412.4342399716685,0,0,1,0
419.8817113147829,3,214,18,613.7758745746074,0,0,0,0
238.63688561516025,3,1441,10,369.38970311208425,0,0,0,0
4523.828930192894,6,26,3,1022.34859388861,3,1,1,1
351.3786720670739,2,497,8,493.5922399849078,0,0,0,0
12.958712689135513,1,1520,10,16.10614366494444,0,0,0,0
388.3284750726423,2,1588,12,335.6694799289054,0,0,0,0
158.62919652128724,6,1102,18,132.98770281611147,0,0,1,0
237.11280835470782,3,1271,10,226.34884805352905,0,0,0,0
164.21111361586205,3,662,8,181.86394007825362,0,0,0,0
54.37180416208811,1,1580,12,69.54867683254956,0,0,0,0
430.59395229189164,3,368,10,526.9700394057149,0,1,0,0
192.62383124537592,5,35,10,299.1061427812455,0,0,0,0
142641.92563832825,8,353,2,486.0074390110622,1,1,1,1
545.4566662086745,5,443,10,869.7207200324686,0,0,1,0
58.42327852477632,3,724,18,92.87412038851761,0,0,0,0
139785.56418818532,8,486,3,799.0870064082279,2,1,1,1
179.2154439514086,2,457,7,232.90462119815294,0,0,0,0
18.064630385151204,2,1278,8,20.640471567306296,0,0,0,0
564.6286447235389,3,1774,18,614.2044488344437,0,0,1,0
31.372707684689683,3,1702,8,34.315590845261994,0,0,1,0
687.9887425797918,2,183,13,910.7165671217299,0,0,0,0
26.80239837235218,3,191,16,26.211317581438742,0,0,0,0
387.5160311366786,2,63,7,324.39939838957145,0,0,0,0
72.79183456895612,5,1098,12,52.37052382580532,0,0,0,0
201.61651037684894,1,297,16,202.6603901554629,0,0,0,0
76681.40802853934,8,213,4,976.6520562417855,2,1,1,1
294.10748567184237,5,572,13,357.1193566193053,0,0,0,0
296.8286016449394,2,1414,17,459.69448554331717,0,0,0,0
55.50468595488982,4,952,20,57.20083331156007,0,0,1,0
50740.86948520414,10,26,4,1122.8046504924334,3,1,1,1
844.3912905130245,4,1745,8,1130.0024041901086,0,0,1,0
2500.0,13,4,3,622.4926258712798,0,0,1,1
263.3708636715303,2,1058,17,362.9515277424975,0,0,0,0
184.55481882895924,1,1656,12,294.45618202118925,0,0,1,0
731.7934203102436,2,696,14,946.5928315287216,0,0,1,0
342.8903695667592,2,269,8,224.69317097447973,0,0,1,0
608.7477423148255,5,1677,17,598.0651540816222,0,0,0,0
43.239717213441125,4,1792,20,44.59386760889378,0,0,0,0
875.3468655142234,1,802,17,976.7507129476584,0,0,0,0
114.9767573655201,2,1219,15,100.97395408997878,0,0,1,0
26.571078299831772,4,1042,2,31.767689173081994,0,0,0,0
86.76865725569303,2,1168,20,87.18276594869411,0,0,0,0
51.26226333776549,2,1555,17,55.139683093576075,0,0,0,0
232.25624140743852,1,1014,19,215.58273139989655,0,0,0,0
12721.38279513836,8,3,12,354.7229688700335,1,1,0,1
3943.146132375551,7,879,10,985.9838120022217,0,1,1,1
596.1479380701917,2,1627,10,472.0198008209747,0,0,0,0
987.4494627089524,3,1399,12,672.0555254664688,0,0,0,0
95.53507597176427,4,614,7,128.55410310377684,0,0,0,0
368.7680345766239,6,1120,17,496.9583928950959,0,0,0,0
130.76266665785835,1,1325,13,190.23164559988527,0,0,0,0
98.95296782744352,2,603,14,95.45590694118414,0,0,0,0
50.49721413721217,2,991,10,41.38144528998915,0,0,0,0
366.77612885565253,3,1215,16,374.4097988168322,0,0,0,0
14.168847314530892,2,604,15,17.433345541618355,0,0,0,0
70.51940886187813,3,1342,15,98.80713349111862,0,0,0,0
471.55187044396854,4,1752,15,363.72360342749124,0,0,0,0
559.7644602445581,4,567,8,826.3044261841924,0,0,0,0
197.72501906313562,1,788,1,290.3057163013626,0,0,0,0
81.43299445168007,3,1658,13,70.63399053975591,0,0,0,0
347.40728633549185,1,1341,10,492.0825503991503,1,0,1,0
98.14288490138772,2,1146,13,153.75893494906208,0,0,0,0
17.320622788794275,5,1454,7,24.588744880354557,0,0,0,0
192.073958303797,2,42,19,278.1616055615431,0,0,0,0
127.69988300172989,3,167,7,102.88267884837917,0,0,0,0
242.84916810804148,4,359,12,346.2920054227283,0,0,0,0
180.2036828775695,5,454,14,213.4195419628691,0,0,0,0
166.98007391531013,2,366,10,149.72829423524527,0,0,0,0
108.05267009171348,3,1209,15,88.68017417968517,0,0,0,0
10.956809299099014,4,1596,10,14.048531406745365,0,0,0,0
167.81745249914198,2,555,9,236.05148177965506,1,0,0,0
103.11871313551929,4,41,12,136.70348198512804,0,0,0,0
482.98901936585025,3,1667,10,749.9144634757178,0,0,0,0
82.31057809780062,4,1678,11,128.00842120541503,0,0,0,0
108.3830217007717,3,1520,7,125.24994774022471,0,0,0,0
9490.301168505192,11,53,0,483.908453648318,0,1,1,1
140.68511826265777,1,1238,17,182.1051324598771,0,0,1,0
108.90686744694756,3,498,21,74.02327849204181,0,0,0,0
4269.241453724265,7,5,2,282.82924027368296,0,1,1,1
34.88297123287197,3,972,8,51.49726604136465,0,0,1,0
88.28810805343319,6,786,9,72.98000882244695,0,0,0,0
10.587558375965289,6,1158,6,13.381481783519867,0,0,0,0
44.45785250643636,3,1767,9,52.39874256631983,0,0,0,0
271.8920966017429,4,562,19,230.64988422338791,0,0,0,0
233.83346563224612,2,104,7,289.128121792654,0,0,1,0
188.26299813993444,3,1176,22,142.34817335124058,0,0,0,0
533.0772307945625,2,51,15,400.221426813244,0,0,0,0
51323.30909031547,8,5,19,476.3610773046423,2,1,1,1
49.24876296186198,3,1615,13,49.01598681901463,0,0,0,0
73.10769729527316,2,1040,7,70.69461664639326,0,0,0,0
277.86669366561716,1,1414,17,226.43333912978872,0,0,1,0
203.26142177151047,4,1390,18,309.4404868472215,0,0,1,0
345.5436771613323,3,1302,18,407.829515828048,0,0,0,0
357.44617912386525,2,558,18,337.3303022935674,0,1,0,0
268.7300343056604,2,1589,15,271.7505444974721,0,0,0,0
2500.0,11,921,18,406.45821420102425,1,0,1,1
132.48360189775806,2,844,10,195.76438450054488,0,0,0,0
90.52737999503232,1,1560,18,120.08736296193577,0,0,0,0
46.447691625856486,2,555,17,60.20036477477457,0,0,0,0
18.59329958679848,4,588,11,22.834003421220952,0,0,0,0
68.46504883451335,4,62,14,64.85645552283194,0,0,0,0
105.16739901253607,1,980,16,144.82550215542898,0,0,0,0
388.94762288788183,5,940,10,558.4658038543166,0,0,0,0
28.16114048249006,3,158,13,18.5736777677796,0,0,0,0
25.00062765357148,4,1042,12,39.6359057362262,0,0,0,0
813.7422835983944,1,897,9,642.8085476856784,0,0,0,0
92.79945224520561,4,41,7,75.0220669000076,0,0,0,0
120.0035323307781,3,555,16,92.6884189846404,0,0,0,0
263.11072300106775,2,1432,8,207.84384206092977,0,0,1,0
43.28648992926585,2,263,20,31.966177170496945,0,0,0,0
525.3616082788982,4,1593,7,391.06613662725925,0,0,0,0
12847.865377532089,10,1151,11,543.2726264086073,2,1,1,1
31.323857594083567,3,1052,23,25.856976514723684,0,0,0,0
215.04560600952766,4,1752,8,255.90353038642596,0,0,1,0
161.71979266904785,4,949,8,109.10551941144949,0,0,0,0
61.800643957561036,5,1715,15,55.952447054894265,0,1,0,0
802.3492511504788,5,750,8,550.6618799557659,0,0,0,0
417.5495382518304,2,657,14,459.24122996629785,0,0,0,0
16.074465370213765,3,574,7,10.34408157195491,0,0,0,0
829.7762941646706,5,353,13,1216.1474619179357,0,0,0,0
505.73286857938734,2,753,19,394.54924663448134,0,0,1,0
144.06924863221923,2,1332,15,164.4492264080995,0,0,0,0
409.54075755432183,3,349,12,321.67514663822504,0,0,0,0
39087.25396070628,9,5,15,718.2843878740956,1,1,1,1
52.89319118812557,1,213,15,32.21038340296808,0,0,0,0
10.931648989820827,2,660,11,9.927081464883887,0,0,1,0
384.9569006188471,2,1251,12,381.6373620738504,0,0,0,0
257.03580747075966,2,102,4,397.59668042870015,0,0,0,0
217.46686796918058,1,1417,14,215.93519525516055,0,0,1,0
203.0598837293517,3,49,20,265.60679308880964,0,0,0,0
16.536503916282008,3,560,11,14.502799415212463,0,0,0,0
766.4999891585035,2,517,16,571.9713066739187,0,0,0,0
541.6303042482408,3,689,10,400.9062286983466,0,0,0,0
1534.1383871517899,2,871,13,1293.7340350431998,0,0,0,0
6653.1440253542305,10,383,0,404.8232235107296,1,1,1,1
275.4553149575079,4,375,17,304.7206073313742,0,0,0,0
605.0371550324538,2,776,17,542.0084052811592,0,0,0,0
262.18604985428084,3,112,0,283.3401877227017,0,0,1,0
508.6961183528835,3,716,14,388.2257466703968,0,0,1,0
228.78168152786182,2,1713,9,197.9881482151885,0,1,0,0
731.6014433370527,2,1658,14,1030.9962353943156,0,0,0,0
20.395362979323107,1,1685,16,26.993245334303086,0,0,0,0
214.5208519690927,2,946,16,239.07799716559416,0,0,0,0
54.3815129392848,3,568,8,63.387738811405285,0,0,0,0
12.49334761453818,4,548,18,13.809398557217428,0,1,0,0
50.72110862575643,2,689,11,37.59885294888494,0,0,0,0
128.7138246695805,2,1068,17,180.43720760427618,0,0,0,0
316.590837836479,6,65,15,375.55181815985,0,0,0,0
57.25145838202606,2,448,12,57.58753831612878,0,0,1,0
93.96540470086381,4,1281,9,65.41114815968734,0,0,1,0
511.1684276510637,4,90,15,640.1239945400619,0,1,0,0
2500.0,7,244,11,345.76138656219723,2,1,1,1
31.813125381005225,2,685,7,39.44790138203763,0,0,1,0
761.9206787760957,2,1118,8,565.174664414838,0,0,0,0
55.69294893552074,3,810,2,57.76726554958641,0,0,0,0
243.96532446077254,2,397,12,173.91160918811386,0,0,1,0
71.91970779742813,2,1063,7,100.30433829940577,0,0,1,0
383.1850350712937,3,1636,13,299.210837109162,1,0,1,0
526.9881012788053,1,115,11,322.6118632597335,0,0,0,0
254.4722857047559,1,288,17,331.5477813435186,0,0,0,0
152.20966813582407,4,1150,14,165.8639111488007,0,0,0,0
163.64131865910463,2,829,13,217.57625493258723,0,0,0,0
213.30858319629698,3,420,17,232.5223701616021,0,0,0,0
550.7391041077661,4,1319,15,671.7039743647038,0,0,1,0
1003.180051968847,3,1014,0,1397.5288427910837,0,0,0,0
335.3558640393628,3,1742,13,515.6314409138223,0,0,0,0
75.65935136339421,5,672,12,49.50217565849808,0,0,0,0
456.14757425305595,4,868,8,466.05796336213047,0,0,1,0
250.48371388773538,2,1432,13,397.29855482702214,0,0,0,0
587.9259613502595,3,389,15,415.59620679953974,0,0,0,0
76.5021164750282,3,1752,18,114.50822009401595,0,0,0,0
265.47559517288096,2,1798,7,332.1889944086295,0,0,0,0
238.6752189277899,4,150,15,193.95515314341432,1,0,1,0
151.7833528708256,4,1212,8,97.22996080080429,0,0,1,0
414.1732621289571,4,881,12,566.8692064679309,0,0,0,0
116.26370394471752,3,1205,11,93.81631953608186,0,0,0,0
317.47734600519607,2,1545,14,497.95317863015765,0,0,1,0
288.7655120437217,2,843,12,429.30240625448954,0,0,1,0
98.17575129436801,2,1044,17,70.48997284197713,0,1,0,0
397.83370448465604,2,1729,14,380.5446558674091,0,0,0,0
103.63914567643398,1,486,14,115.50436001391613,0,0,1,0
125.92141263682426,2,214,9,122.21804097887659,0,0,1,0
131.27121071227106,3,739,10,187.23453502037103,0,0,1,0
262.2484486335039,5,1704,20,343.891868180047,0,0,0,0
123.54253244086736,4,487,11,92.17151399384066,0,0,0,0
1054.2328868076336,3,1419,0,1252.6909357660122,0,0,0,0
78902.09558429869,10,20,1,925.7501396797473,2,1,1,1
89.92279063960176,4,375,8,79.40534728758891,1,0,1,0
507.75353669817656,1,655,14,667.9592291311295,0,0,0,0
24.82042661218445,3,445,11,16.998492632826288,0,0,0,0
533.1896608074429,3,1391,9,621.8323450996356,1,0,1,0
1611.3682201585357,1,662,17,2528.78222995442,0,0,1,0
29.01667340502528,2,1439,6,30.41783736329262,0,0,0,0
497.9071640945627,1,104,7,563.9233601689381,0,0,0,0
326.5711859578477,2,1027,0,271.08553622824707,0,0,0,0
570.9222809209394,4,814,8,585.934624914738,0,0,0,0
236.1867312542223,2,1540,10,321.0912363066463,0,0,0,0
229.94249014785976,3,1504,19,265.1373090026589,0,0,1,0
425.45380314556604,2,1642,8,259.28737304376733,0,0,0,0
231.03849017298617,2,1322,13,366.95203663182855,0,1,0,0
143.45736317053453,3,1727,16,195.290895991527,0,0,0,0
1015.422900159908,1,189,5,1449.57880793349,0,0,0,0
488.56216371678494,3,92,21,617.9631583876773,0,0,0,0
589.1708553303307,4,635,8,757.2187428932748,0,1,0,0
515.674766318808,3,1475,14,602.8297011189602,0,0,0,0
38430.838624101154,8,19,4,319.33847670767545,3,1,1,1
89.16081727715164,3,164,7,139.11948339309725,0,0,0,0
904.3656006992934,2,457,15,874.5275633197529,0,0,1,0
253.27261883827134,3,219,12,247.22082926488386,0,0,0,0
286.3337883555236,2,706,12,454.01684809346926,0,0,0,0
61.68610387386681,3,427,10,75.26508168034609,0,0,0,0
29.210322639786835,3,908,19,34.62843166444059,0,0,0,0
15.998326162202163,2,481,8,23.851238801776297,0,1,0,0
91.2472434991514,3,43,14,96.81630020315598,0,0,0,0
42.38802144110068,4,1418,9,43.38593629305881,1,0,1,0
426.7088466951471,2,1761,15,418.51820581696376,1,0,0,0
462.5499796154548,5,1558,18,490.9604084840738,0,0,0,0
172.45840350450126,3,949,21,191.62996200861878,0,0,0,0
181.67542874797897,3,647,8,219.4994543548451,0,0,0,0
29.368967202827253,4,297,7,36.451954603463115,0,0,0,0
680.3583327900262,1,167,18,776.1347398149568,0,0,0,0
306.3334724532892,2,663,9,188.51891094145736,0,0,0,0
398.44385660497323,2,1478,9,417.16271695899513,0,0,0,0
301.6946490142974,3,559,9,450.90063647111816,0,0,0,0
337.0553618512912,3,1600,12,539.0230274949328,0,0,1,0
47.47231437553619,2,1542,14,29.884255673170497,0,0,0,0
225.91681261699512,3,780,10,359.4091639648858,0,0,0,0
243.05228209409324,3,1113,1,147.05080293210037,0,0,0,0
259.4945159963795,4,680,6,170.2844925600612,0,0,0,0
74.57371308333782,3,498,10,51.90429807255735,0,0,0,0
792.5553541022128,2,276,13,702.7929436536118,0,0,0,0
189.7127130931354,2,345,16,167.73348597126912,0,0,1,0
92.63949594385126,4,1267,7,72.40452550972346,0,0,0,0
668.8808643329725,2,974,14,654.0476035076024,0,0,0,0
251.58449022848998,2,175,11,341.8376159177757,0,0,0,0
115.78643837147145,1,459,17,164.1987948917488,0,0,0,0
476.2775383120333,4,263,23,333.3197644075601,0,0,0,0
97.68177313092023,4,266,8,141.9350454908364,0,0,0,0
610.4066916787315,6,1208,10,948.0936484747039,0,0,0,0
106.27526457597716,2,1336,7,117.84243548587696,0,0,0,0
338.861979132259,2,287,17,467.40034415507256,0,0,0,0
443.9551040023066,3,501,13,295.5968604917423,0,0,0,0
195.85308752817568,4,845,8,162.28817564747126,0,0,0,0
78.27971819571302,2,311,7,89.31555899704877,0,0,0,0
49.06256702393256,3,1555,17,42.785449936041815,1,0,1,0
771.7106089900408,3,871,8,608.0419159914653,0,0,0,0
631.1559805215594,4,470,3,643.6669845596955,0,0,0,0
56.534035761839796,2,1487,14,84.54841043518675,0,0,1,0
126.24809775833181,3,250,23,169.6880399508014,0,1,1,0
438.7820730481291,1,428,16,463.55109223945095,0,0,0,0
585.8543173303858,4,1327,8,713.581425331306,0,1,0,0
193.29012335191234,3,232,18,298.68839640702083,0,0,0,0
19737.433122572274,10,2,9,568.784572652102,0,1,1,1
296.05363344960216,5,1779,17,254.54207835183485,0,0,0,0
24937.60574500694,9,14,9,1199.3467720658912,2,1,1,1
17.496780406758866,3,1115,10,27.080324373007006,0,0,1,0
744.7791402331064,4,749,19,609.4854926601221,0,0,1,0
85270.93458930084,7,738,5,572.9595285832597,0,1,1,1
52.46189099273931,5,1763,13,55.2679605811585,0,0,0,0
27.80713291649839,2,84,18,41.04403088974142,1,0,0,0
18153.241629508113,14,17,11,242.77809140456228,0,1,1,1
13379.021843378314,9,17,10,259.5011764431831,0,1,1,1
541.9377924752708,1,1178,8,620.0999944468638,0,0,0,0
6622.381944853926,11,2,1,139.16446501588092,0,1,1,1
91.82427903753009,2,682,10,70.932388151356,0,0,0,0
40.28661089390504,4,896,16,62.36226218266378,0,0,0,0
261.9057453133534,1,896,12,184.48041754045158,0,0,0,0
554.1984225262175,1,1014,19,483.4189924420163,0,0,0,0
111.6351586957085,4,1054,18,92.28271696025497,0,0,0,0
2500.0,7,8,3,1129.3779111440833,2,1,1,1
210.86055611401125,3,783,13,279.2679428249574,0,0,0,0
768.1601996697038,1,1264,18,502.5331733552678,1,0,0,0
1482.9409960255882,5,54,9,1542.6917294833618,0,0,0,0
312.0733160953448,4,1076,20,360.32719237476516,0,0,0,0
119.20243996809816,3,586,6,146.65154564788023,0,0,0,0
21954.83716312038,8,25,1,703.811430683167,1,1,1,1
263.54813493127244,4,227,8,279.49725203386646,0,0,0,0
24.69527668249068,4,175,17,38.47765277408503,0,0,0,0
260.87354763013275,3,694,16,403.4899221631995,0,0,0,0
123.03130955010472,3,752,19,174.53345209917418,0,0,1,0
516.8526607829815,2,369,8,531.3178841404473,0,0,0,0
405.95631317209995,3,1119,12,369.5609080178301,0,0,0,0
66.1527090356676,1,1763,2,81.59776667858812,0,0,1,0
217.48214318228403,3,242,8,307.3156092011229,0,0,1,0
61.88254667960473,4,757,8,81.76301633780135,0,0,0,0
225.8643306739567,4,859,17,174.72520016322787,0,0,0,0
114.75436373814087,2,1676,9,154.3595229912262,0,0,1,0
466.36090891558086,1,73,17,384.4583860430241,0,0,0,0
25.53997548468016,6,647,5,39.88337691502593,0,0,0,0
150.35555489650517,2,1550,20,232.29855247339404,0,0,1,0
2500.0,9,23,2,400.64548361663435,0,1,0,1
321.3543222246347,3,171,17,465.229957571095,0,0,1,0
4283.3595382791855,7,1,13,993.2390111946222,0,0,1,1
68.74290509415624,5,555,7,43.15029634420528,0,0,0,0
30741.83336864346,12,29,12,1119.0996089692253,1,1,1,1
12274.15748778416,10,593,7,594.1577859116372,1,1,0,1
20856.45420284976,6,9,12,817.047742407168,2,1,1,1
507.9447188163031,2,36,16,556.7119652679208,0,0,0,0
339.8678148562095,4,694,12,392.9405315700012,0,0,0,0
33.11456094577713,4,231,12,34.44443553891028,0,0,0,0
18.438154802640177,4,1199,11,26.04919523774207,0,0,0,0
184.90221047945337,5,1728,15,114.04760623496564,0,0,0,0
199.28979594601415,1,1069,10,205.7324375850786,0,0,0,0
79.63913606475268,6,1776,10,97.41572132362369,0,0,1,0
137.12361190013894,5,1763,15,145.05698260818698,0,0,0,0
417.17371728053695,5,309,13,664.9503932116721,0,0,0,0
164.19891954924847,2,739,7,251.09110266231016,0,0,1,0
204.25030504018582,3,399,7,199.63626378629039,0,0,1,0
69.50026673840728,4,32,18,49.830376042331395,0,0,0,0
4576.426293551887,11,359,0,996.5465422116599,1,1,1,1
231.6832636156096,2,742,12,156.3350723660908,0,0,0,0
236.82878314549808,2,977,8,343.44095133194594,0,0,0,0
251.49499241906378,1,1391,6,221.45745966542563,0,0,0,0
659.387827170676,5,691,15,888.8732951911559,0,0,0,0
268.113406729049,3,1701,11,198.01076063130935,0,0,0,0
511.6637507356493,2,858,8,726.6934797117476,0,0,1,0
6276.9519952224555,13,19,2,504.4039115654149,1,0,0,1
345.6220539779539,5,72,2,433.6533192946158,0,0,0,0
129.422586194975,2,261,21,127.7952433119774,0,0,0,0
367.8291901564254,3,470,18,482.82186520737577,0,0,0,0
228.78429521103627,4,310,11,152.93976355803903,0,0,0,0
107.27682909831367,1,1777,12,98.93528963708273,0,1,0,0
307.25101935894304,3,1557,10,277.63756591202724,0,0,0,0
15448.93663185885,7,21,5,117.51143906233679,2,0,1,1
140.37324846185342,2,1624,10,170.3899048662439,0,0,0,0
21.4503607430757,1,970,12,21.28869273710471,0,0,0,0
150.46674147019098,5,1763,9,122.05016642819258,0,0,0,0
286.4260975650545,4,1581,9,415.21543950584424,0,0,0,0
8121.546938748636,9,14,15,594.8272808327869,2,1,1,1
273.15183357851464,4,1737,13,380.9654161043526,0,0,0,0
197.3231268282037,4,763,11,237.96979494036373,0,0,0,0
391.26937561041024,3,1644,14,355.31753313579003,0,0,0,0
409.2711885824607,1,735,7,519.524230869907,0,0,0,0
138.97577220361904,2,558,9,117.20504190057937,0,0,0,0
241.9723805727974,6,201,7,381.2502223743572,0,0,0,0
65506.19223081895,10,560,14,829.5700606547914,2,0,1,1
229.09544114792953,4,934,12,228.87782080836388,0,0,0,0
206.7681515151921,3,673,17,256.4824514149378,0,0,1,0
2500.0,6,24,14,822.8438210658217,3,1,1,1
256.9185432520055,2,1294,16,213.68517487233586,0,1,1,0
85.56334537340594,6,118,12,76.22658009487887,0,0,0,0
109.56368671484036,6,1527,13,110.14518929041128,0,0,0,0
136.27454837569482,2,1374,8,200.51162283212457,0,0,1,0
32.14391935645578,3,1418,12,35.9264692067128,0,0,0,0
232.07386410998325,2,1094,12,173.75038168820763,0,0,0,0
20844.41064948651,8,15,6,939.6627632105913,2,0,1,1
30.78810544078361,3,221,18,45.3973895794436,0,0,0,0
42.06165291647828,1,972,0,38.976513388102646,0,0,0,0
77.55814590916178,3,399,13,103.85105417971305,0,0,0,0
51.00185756276612,3,199,8,48.4346074145197,0,0,0,0
27.516673179879078,5,410,9,35.20230912287802,0,0,0,0
783.4264620968979,1,140,10,514.029231388889,0,0,0,0
57.38410065760609,2,1653,12,59.05558233063947,0,0,0,0
128980.9569131146,10,26,19,495.141715913313,1,1,0,1
35169.570577118146,9,957,2,392.09101145698105,3,0,0,1
28.609599231877468,2,129,15,25.4858589102885,0,0,0,0
188.90630151574533,6,204,14,192.6683386517708,0,0,0,0
5567.6653423527,9,5,19,863.8844941476223,2,1,1,1
122.3228993224514,5,508,17,113.13379840879666,0,0,1,0
276.6166131333668,3,980,11,356.688576875938,0,0,0,0
293.3960613445046,3,298,17,467.4117188627131,0,0,0,0
139.29938922365312,3,541,6,135.98505621935476,0,0,0,0
447.7364173901439,2,652,8,459.43700026449596,0,0,0,0
233.25933601935242,2,1120,11,277.77282289538897,0,0,0,0
166746.17700044936,17,14,1,407.45575411096934,2,1,1,1
69.2973197817092,1,1601,3,102.89388077080012,0,0,0,0
199.37851070848598,3,642,14,160.61804890855063,0,0,0,0
1080.9663938881347,5,1595,3,1707.9935039772265,0,0,0,0
61.6229363636451,4,794,9,39.747452988833444,0,0,0,0
148.6776659695885,5,1168,11,149.2473941433782,0,0,0,0
13.438509513409102,2,743,5,16.205844093869764,0,0,0,0
134.8567910203986,2,1420,5,201.45401382583597,0,0,0,0
38.048737463522,3,1597,18,47.78801403110587,0,0,0,0
175.31647800329765,1,975,15,147.52122747172902,0,0,0,0
1000.6630532857428,3,1793,16,956.698545051653,0,0,0,0
11.846257992356401,2,470,14,16.38558985375222,0,0,0,0
648.0587561692196,6,506,0,967.8059854649681,0,0,0,0
263.63436205115397,2,991,10,303.04900663060556,0,0,1,0
328.5845101494563,5,383,17,305.41898803151486,0,0,0,0
186.37674369432494,1,1711,9,282.3079445751637,0,0,0,0
62.868548802803396,5,739,9,76.01142902157943,0,0,0,0
43.07994437864367,3,1430,9,32.04859284700705,0,0,0,0
108.9809801817433,3,1760,13,93.30262039836072,0,0,0,0
336.31885018703247,4,369,22,509.8177744740459,0,0,0,0
271.05255948304756,1,234,11,286.85136577066595,0,0,0,0
105.95740176003974,1,168,9,68.92032178048115,0,0,0,0
84.79842663228862,3,380,19,118.15801476493237,1,0,1,0
125.8825599916951,3,1242,22,154.03043712584733,0,0,0,0
10.98426537194015,3,1616,7,7.56189169717984,0,0,0,0
485.23938140066593,1,1393,8,432.0888771766915,0,0,0,0
89.71710278517955,2,1134,9,60.35484535088253,0,0,0,0
235.94752122663198,5,1041,14,153.15614566680318,0,0,0,0
850.2735214748767,3,393,12,1287.708025513469,0,0,0,0
98.47904576604259,2,773,9,119.2544451468143,0,0,0,0
103.98908689761262,2,31,8,164.97443417190357,0,0,0,0
12362.683962865094,8,9,4,790.5823571772876,1,1,1,1
364.4736686434333,2,399,17,380.6429890011223,0,0,0,0
120.65181009173598,5,512,8,182.18175679380204,0,0,1,0
139.9967302860409,4,1079,11,130.67287372818242,0,0,0,0
18.255137218822675,4,226,12,17.119213042895705,0,0,0,0
380.61485662242,3,1441,7,425.8000836268421,0,0,0,0
282.02660401090253,4,334,11,169.55013171681748,0,0,0,0
97.75294943781667,1,1051,12,130.2291446638179,0,0,0,0
21.209295656883448,5,952,8,22.566379026670305,0,0,0,0
119.47983289852912,4,789,13,135.86397306430936,0,0,1,0
504.51904145231765,3,1148,1,355.08117384237937,0,0,0,0
46743.79278129564,8,1096,1,737.0118716819745,2,1,1,1
74.61165136473643,2,839,9,80.16495904026512,0,0,0,0
393.6307849328252,3,1447,18,610.0586600954485,0,1,0,0
233.5683385948071,2,1156,9,266.08100247694654,0,0,0,0
215.77864524503678,3,285,18,155.65557755965438,0,0,1,0
155.50418682582327,4,1653,18,115.23668916688334,0,0,1,0
526.9459677758167,2,163,23,662.9862245034858,0,0,0,0
149.9006260459056,6,1501,10,226.70041509175388,0,0,0,0
186.65498347456898,1,1283,17,113.41371484409429,0,0,0,0
225.0497618425457,2,1645,8,218.24094774941184,0,1,0,0
198.57471365711567,3,624,8,127.11672075066919,0,0,1,0
550.0002297666376,5,1063,5,556.5304782632506,0,0,0,0
227.24431942512595,2,521,14,290.0273596074553,0,0,0,0
52.47811916553338,1,152,10,78.02464089554125,0,0,0,0
563.6988061553919,4,89,16,604.9292661963966,1,0,0,0
16.063282232460242,5,120,20,19.997255082333186,0,0,1,0
199.98438618419306,5,1691,18,233.48344004771212,0,0,0,0
207.55090111231036,1,331,16,322.1899843426886,0,0,1,0
276.9528072435625,1,135,16,399.82612508222854,0,0,0,0
245.39027166562445,5,1113,8,220.58725111816614,1,1,0,0
434.98472304358836,1,341,10,317.00315579420703,0,0,0,0
131.51647394135,1,810,4,186.77044798735315,0,0,1,0
348.3517343160175,3,1489,4,233.9855688331142,0,0,0,0
159.02225069863573,6,846,7,100.2904705543926,0,0,0,0
184.90620148020201,4,1513,9,228.35958850845296,0,0,0,0
402.04885405528717,5,968,10,292.9372915354738,0,0,0,0
111.68875273372379,2,1090,17,133.36674358350723,0,1,0,0
688.3118186293807,3,246,16,607.1111303994957,0,0,0,0
88.09179808037806,4,1508,15,138.47557256220455,0,0,0,0
251.56093253710455,3,1640,12,234.81576723984688,0,0,0,0
16.175853436038807,2,317,10,20.065560647815843,0,0,0,0
634.657720047623,2,1253,5,586.1635908372062,0,0,1,0
103.94650806456474,2,184,13,101.3707657523591,0,0,1,0
19.30858546441804,2,1266,10,28.34112602318643,0,1,0,0
3675.421510699807,3,5,2,1169.8352454689139,2,0,1,1
182.80534547731776,2,1078,12,213.80078871974854,0,0,0,0
68.07209784531057,1,157,6,43.127220457459686,0,0,0,0
51.635541907357315,2,432,13,54.79527124562739,0,0,0,0
109.46097052171953,3,365,12,130.42085762545284,0,0,0,0
12.064281958393702,4,1790,13,10.957767498596416,0,0,0,0
12310.094186666447,12,703,14,1021.6042077633746,1,1,1,1
77.67283342063135,2,1138,6,70.15724528508649,0,1,1,0
426.5224040196048,6,948,9,432.4349514811301,0,0,0,0
187.47757205104728,5,84,18,279.80691067837785,0,0,0,0
43.98431789958093,3,544,16,62.51148513826512,0,0,1,0
337.9887108521219,4,796,14,220.32803585494764,0,0,0,0
415.9519777665447,5,481,9,653.5603121815096,0,0,1,0
254.2662121554327,4,1342,15,277.53702490817966,0,0,0,0
618.3288490869579,3,1550,16,458.9196191364824,0,0,1,0
161.21689421645218,3,1558,8,232.20577380460628,0,0,0,0
314.2282856587811,1,1670,9,418.79867084019446,1,0,0,0
362.18728688464586,2,1340,15,286.71756898629695,0,0,0,0
321.25375908074284,2,1346,12,299.09540844778616,0,0,0,0
599.3940459424798,2,601,3,621.8905439340524,0,0,0,0
46.82548161813317,6,112,20,47.91013581203434,0,1,1,0
96.75569468654926,3,925,6,63.14949806212253,0,0,0,0
53.595768462782715,2,375,8,32.32924230234807,0,0,0,0
54.6787997413795,5,65,12,33.89384755018513,0,0,0,0
494.3556493952831,3,815,20,308.6754319840369,1,0,0,0
436.95293197047,3,1557,11,609.3368758593911,0,1,0,0
160.16343319555028,3,1554,8,148.62355682111536,0,0,0,0
163.85404287649789,3,1619,10,118.8902655831865,0,0,0,0
527.2303374867571,3,589,23,750.5151099770809,0,0,0,0
499.72471893969146,5,1749,16,747.0918187935848,0,0,0,0
138.6500235663017,2,1051,12,170.58770676369326,0,0,0,0
315.69196809236524,3,1213,12,198.00463547356344,0,0,0,0
86.47898575153489,2,796,21,61.72076564248591,0,0,0,0
155.98074708364732,3,1575,7,234.74311209210256,0,0,0,0
98.47031901877914,1,732,17,146.87936941616766,0,0,0,0
88.69770964929899,5,1695,12,100.8609890161822,0,0,0,0
141.01750149183906,2,1467,9,148.08167064333242,0,0,0,0
13016.540956079347,10,45,1,274.29332241180754,0,0,1,1
247.60100489784318,2,257,18,183.76381300050053,0,1,0,0
200.13681203226946,4,1492,17,194.4262058081024,0,0,0,0
136.45627108546736,3,1082,12,206.26639812977479,0,0,0,0
102.74052643062996,6,87,16,160.88629537069488,0,1,0,0
180.2127920577883,2,1731,7,145.40979884318483,0,0,0,0
357.3444266479891,5,497,11,480.76556119861374,0,0,1,0
1089.2956638073583,6,915,20,1501.3552658819874,0,0,1,0
51.142880112284054,4,696,17,62.761549731526266,0,0,0,0
65.1921037835699,2,1715,17,48.83660114129412,0,0,0,0
257.3542368782256,3,1303,21,205.42255955581783,0,1,1,0
155.0227106463496,4,1257,9,113.04937066276614,0,0,0,0
138.32981418035482,1,1538,11,149.24747725681252,0,0,0,0
187.88552622938477,2,1008,0,284.0624885002339,0,0,0,0
531.6768183238836,2,233,14,608.8141796063437,0,0,0,0
369.1892364773554,2,811,11,238.9957604453794,0,1,0,0
10.197455730310134,1,1029,12,15.473947762341517,0,0,0,0
375.7590758822391,6,622,7,407.276894070943,0,0,0,0
729.6602101741826,4,1753,11,652.0780156047166,0,0,1,0
153.91274790923973,6,1719,11,135.07549374947894,0,0,0,0
53.06530556674305,2,1511,16,75.1615426135942,0,0,0,0
921.7959717198677,4,730,15,736.319402494339,0,0,0,0
204.8377220239055,3,340,20,183.8985713893111,0,0,0,0
346.8029768657889,5,606,9,518.6294308086273,1,0,0,0
124.22331727611235,4,147,9,106.8322903800296,0,0,0,0
521.592950486303,5,850,12,362.98833545809094,0,0,0,0
262.028634010228,5,897,18,267.0962560555988,0,0,0,0
138.86974766186765,3,803,9,107.19326729195805,0,0,0,0
75.54862778873577,3,327,13,80.46428620967373,0,0,0,0
410.7240526875558,2,1031,18,536.6158357180998,0,0,0,0
197.53581258734758,3,1154,23,267.234086179151,0,0,0,0
42.892979640358476,3,994,0,34.285182001692824,0,0,0,0
90.23891558950874,2,915,19,139.1046489810263,0,0,1,0
176.61792195626697,4,1677,12,131.24506355006153,0,0,0,0
354.8980190460484,3,793,16,301.3794768977904,0,0,0,0
143.9229785232183,3,69,12,97.69775862477037,0,0,0,0
279.8475874241996,2,1402,8,279.4362364125989,1,0,0,0
5833.541477084841,9,6,1,435.1834905075343,0,1,1,1
160.82575114792778,2,616,7,118.37740929596993,0,0,0,0
132.3679829780896,1,253,12,178.98395426359832,0,0,1,0
28.864724556497954,3,924,12,29.10390981499837,0,0,0,0
633.6963504906762,3,1017,12,809.3168666740384,0,0,0,0
487.44660407587423,3,1129,8,671.5507396517065,0,0,0,0
206.06047259476435,4,742,8,135.57531516903856,1,0,0,0
154.2542183706938,2,621,15,181.38265126809625,0,0,0,0
2543.932608897152,10,15,4,823.1685033149388,2,1,1,1
700.4804118782423,2,638,11,1115.3382565104728,0,0,0,0
743.1129902356408,2,421,12,859.2082837834223,0,0,0,0
221.6986987581685,4,1360,12,288.4600055639914,0,0,0,0
317.01303115801693,4,307,8,370.56205052510745,0,0,0,0
277.2308126636474,3,31,5,342.473730717933,0,0,0,0
294.7592732909222,3,289,5,398.8010430018295,0,1,0,0
93.33070256118582,4,182,11,143.56027152675534,0,0,0,0
66.89298362595457,4,1286,19,66.82840404397508,0,0,0,0
167.49020678852997,2,313,23,258.0860963089168,0,0,0,0
16.22355557062783,2,1470,7,13.748515393399881,0,0,0,0
74.76891260825687,3,929,12,54.31113663198118,0,1,1,0
43.85103643121557,1,1754,9,35.14558561362848,0,0,1,0
38.56176218944813,3,1322,11,52.100418219820014,0,0,0,0
694.1811404294002,1,1377,12,812.6613750445196,0,0,1,0
100.82196499218958,2,1500,19,114.28297545982458,0,0,0,0
398.8723675403378,5,97,5,256.1996287014772,0,0,0,0
156.82922690910056,3,717,8,177.8273555474923,0,0,0,0
221.10138767082282,3,1715,14,271.96106677361126,0,0,0,0
184.1378250046311,1,446,13,120.31678985454559,0,0,0,0
171.17063211363444,5,1380,7,229.6906538272336,0,0,0,0
88.55100898327879,6,1544,12,129.81500973892577,0,0,0,0
23.12130060871698,3,1453,17,32.7733286247167,0,0,0,0
482.2343637883444,3,416,12,514.4982806308763,0,0,0,0
65.3586324627553,4,678,16,66.16539824650644,0,0,0,0
2500.0,12,4,3,648.5690272059426,2,0,1,1
443.6825869699154,2,1716,5,490.2124286323733,0,0,0,0
159.57484333692508,6,599,9,117.21820810224465,0,0,0,0
69.60408430539462,3,1357,17,83.86944607649426,0,0,0,0
18.441711426381012,4,610,20,25.652296750124673,0,0,0,0
145.46466137772308,5,295,9,107.36536161147755,0,0,0,0
419.4346906004593,2,1798,19,281.0152053791946,0,0,1,0
12.870917276065889,4,1765,8,16.517392630808587,0,0,0,0
114.1078167776854,3,1625,16,160.43636424930367,0,1,0,0
176.87767559076713,3,579,20,109.94529705997243,0,0,0,0
8438.232744892524,6,281,1,829.6577739431748,0,1,1,1
250.77026929399776,1,979,18,239.2284746071114,0,1,0,0
113.61584307366519,5,960,6,107.87421049297299,0,0,0,0
14.844709866611575,1,765,14,20.181180214688233,0,0,1,0
243.28886330002874,3,949,8,313.01167713868966,0,0,0,0
463.3906082181865,3,195,11,380.0008293115457,0,0,0,0
248.03825240677062,3,1629,10,232.44984775322098,1,0,1,0
56.499107142236866,2,1056,16,65.56673877418977,0,0,0,0
15.312244029634673,3,717,10,18.70770933631485,0,0,0,0
89.47189063655027,3,1165,9,107.95581149778977,0,1,0,0
192.14244961330587,6,1010,7,192.93955832682798,0,0,1,0
32.00858205576987,5,1387,10,19.426729740510073,0,0,0,0
12.772336098616904,3,1783,11,19.535731461946096,0,0,0,0
191.0007022905353,1,313,9,143.52750476460093,0,0,1,0
154.57536548686912,4,1095,13,154.12254176363507,0,0,1,0
17428.28728077835,8,74,8,488.4330228174611,0,1,1,1
3746.7238287349783,12,10,3,1067.114052381633,0,1,1,1
656.7264581462438,1,1313,9,733.4706989413345,0,0,0,0
208.92446153473293,1,331,13,178.05960611115722,0,0,0,0
206.0358713689594,2,467,16,326.55627729746544,0,0,1,0
33.19346790064043,6,1742,9,44.07086046013613,0,0,1,0
2500.0,10,662,0,621.616055592573,2,1,1,1
202.56459082370563,3,1557,7,319.54558127792836,0,0,0,0
92.13897872850484,2,668,13,85.23202835073504,0,0,0,0
198.56663617270925,4,1352,18,152.2639471988571,0,0,0,0
36.866345685948374,5,829,14,53.49144493940341,0,0,0,0
150.9192976713981,3,509,14,113.34972515148235,0,0,0,0
86.48627469782068,4,1115,7,78.54177914538808,0,0,0,0
224.82700104602097,2,931,9,139.11860442255033,0,0,1,0
9819.624079996174,11,25,5,878.2979164501671,0,0,1,1
129.7604046667743,3,175,18,119.41058394634854,0,0,0,0
605.4368456779786,3,1630,11,387.15034231445753,1,0,0,0
22101.3621493362,11,509,8,605.9505799773831,3,1,0,1
778.1729117281003,2,760,12,1104.7558521047188,0,0,0,0
237.96594511469024,3,386,8,323.30055706367597,0,0,1,0
108.4759739984936,5,416,6,141.56727582889332,0,0,0,0
45.30072975879161,2,1710,20,68.56682095861542,0,0,0,0
229.1309917867357,1,332,13,333.94563966373744,0,0,0,0
430.59209484882484,2,176,8,605.922060463165,0,0,0,0
29.263219897275786,4,1532,16,20.488431588999276,0,0,0,0
108.33888010999671,2,170,7,157.65102187153127,0,0,1,0
138.08282358778337,6,1023,15,188.27687671056265,0,0,0,0
83429.55501288066,9,6,11,768.8592255657251,3,1,1,1
229.4564654514389,2,827,9,148.0415007378269,0,0,1,0
486.42620268087444,1,967,15,332.0663723962238,0,0,0,0
13.27179709907125,4,430,15,13.906747948047688,0,0,1,0
197.18688896988357,4,986,6,261.07444779433246,0,0,0,0
814.7980765652802,3,446,13,1234.0407009233234,1,0,0,0
347.63921157777605,3,1204,10,285.976663046306,0,0,0,0
715.0124850336902,1,891,8,1131.0629411947812,0,0,0,0
402.7826953136519,4,600,14,274.9801915989005,0,0,0,0
2500.0,12,4,8,843.196883723699,2,1,1,1
113.53349861378157,3,594,10,115.91436110619418,0,0,0,0
134.20483433898264,5,1513,14,214.57335428714958,0,0,0,0
98.4740622508162,4,1772,17,120.62555054681134,0,0,0,0
408.06813473290987,6,1707,20,523.2498861169453,1,0,0,0
193.207438677779,2,506,15,157.4342738742923,0,0,0,0
218.14472446741132,2,1572,13,134.09874701186462,0,0,0,0
133.36183242290548,2,727,14,163.257479759322,0,0,1,0
17.990650038396858,2,1447,20,22.334364414248093,0,0,0,0
145.51320149815402,2,1132,10,173.48554238473577,0,0,1,0
13522.02915156703,12,735,11,158.8831990290284,3,0,1,1
7976.213743621845,10,538,6,792.3891383715614,1,1,1,1
104.5871303404739,4,51,8,133.22847166670223,0,0,0,0
595.942899043626,4,135,11,722.0257035573957,0,0,0,0
873.0723590690653,2,712,16,961.978031022221,0,0,0,0
96.85406425916186,2,1364,13,86.11199244279356,0,0,0,0
260.7201005139496,4,813,7,356.223759136694,0,0,0,0
117.48337338603797,3,332,9,138.4873407602598,0,0,0,0
131.13482003921177,2,1351,16,84.81118963712811,1,0,0,0
179.62282316683994,2,984,16,168.84726683978488,0,0,0,0
206.45674108118942,5,1759,21,264.19766003031,0,0,0,0
4302.742671660263,5,15,2,418.80627057599855,1,1,0,1
43.18213545902639,2,1197,15,53.94641533328603,0,0,0,0
28502.162387246393,11,29,2,701.963609895961,2,1,1,1
384.98934170250664,4,73,7,328.6727948394634,0,0,0,0
81.41740463720949,6,830,16,57.14203508045447,0,0,0,0
56.5006093055753,5,1142,13,82.68599499709825,0,0,0,0
435.64244517396156,1,1112,0,619.6529071038156,0,0,0,0
115.737714480987,4,213,6,168.59971962201962,0,1,0,0
472.02548839316995,3,966,23,629.1326676739914,0,1,0,0
184.0469297539973,6,786,7,291.5125754396115,0,0,0,0
480.9221368168846,1,803,8,592.6058421841722,0,0,0,0
154.5687202784701,5,642,12,97.74134362493139,0,0,0,0
101.73542038647093,2,546,16,151.62578398486633,0,0,0,0
139.04776181208317,4,1078,16,102.01602127520366,0,0,0,0
771.1610613787269,1,864,12,1073.269454670622,0,0,1,0
489.9206502973514,2,1637,20,314.50201499423656,0,0,0,0
111.99528139093819,3,249,18,132.36573356916114,0,0,0,0
91.39483910673243,6,1655,6,90.98765159376052,0,0,0,0
211.19565545579965,3,236,12,238.31804560959768,0,1,0,0
4348.237989739503,9,540,20,457.0186806796708,1,1,1,1
110.0190786229815,3,1723,9,158.20045830372015,0,0,0,0
53.95135186331769,1,999,11,35.505358818786206,0,0,0,0
118.59235584830076,4,1003,20,172.67619104594903,0,1,0,0
41.07865396444494,3,539,7,27.52489528123303,0,0,0,0
129.47842426159863,2,1102,7,115.35582029430111,0,0,0,0
376.60570729607167,1,1195,20,552.8030604032858,0,0,0,0
10061.219201752581,6,15,0,214.3565090045875,2,0,1,1
90.04807930842526,1,1554,15,143.41719419683287,1,1,1,0
73.59909696773599,2,880,10,70.21655285744218,0,0,0,0
10601.630186859069,10,633,2,82.27999363261466,0,1,1,1
201.93270506906578,4,488,9,250.76066635377848,0,0,0,0
37.713387702386534,5,531,14,35.406016769939875,0,0,1,0
459.8044890633816,4,1430,15,671.7489791500501,0,0,0,0
57.09315483900826,2,1160,14,68.64984873775495,0,0,0,0
92.49917198483415,5,789,13,99.08197865905188,0,0,0,0
457.85134052598244,3,703,10,460.55203704589474,0,0,0,0
2500.0,8,1156,14,550.0099786621531,3,1,1,1
318.8863819191835,4,442,16,476.074786158776,0,0,1,0
179.31930895082846,5,167,12,260.0880117707712,0,0,0,0
189.32853105909624,2,610,13,161.31273499567604,0,0,0,0
243.54340719132222,2,734,8,248.24180595041,0,0,0,0
50.58938236220462,1,1108,6,57.86838965659763,0,0,1,0
59.96339193053468,4,1125,10,43.26836292136352,0,0,0,0
220.5315841085356,6,1143,7,324.9380598930467,0,0,0,0
242.18574327362742,3,668,10,243.8722871288412,0,0,0,0
84.28590373239672,2,1116,16,51.39793315204975,0,0,1,0
77.80239792179049,3,1730,9,62.35149007198879,0,0,0,0
165.29026497490065,3,483,4,251.35386969668548,0,0,0,0
247.9602464643596,1,1158,13,170.57122945135959,0,0,0,0
312.7556104443365,5,1672,9,454.9291871032119,0,0,0,0
99.51310410705996,5,1583,10,115.26944564763618,1,0,0,0
11933.621578658078,10,615,2,719.1073255658637,1,1,1,1
190.13877577265583,2,1772,19,167.92490390033777,0,1,1,0
230.8400260166512,4,796,20,229.03735038748812,0,0,0,0
228.6663528576366,3,1614,5,156.50856857617705,0,0,0,0
18.948054362309172,5,560,5,14.14202555942775,0,0,0,0
799.2572172375021,3,804,16,1257.898991414917,0,0,1,0
55.366948926658694,3,422,11,48.614983311686125,0,0,0,0
1027.8268168538316,2,48,3,1011.3833576193498,0,0,0,0
46.04695014752588,2,600,16,28.063778618297235,0,0,1,0
51.801335086109276,3,198,0,37.7774322567723,0,0,0,0
1070.7161326101802,3,423,11,812.0009702287612,0,0,0,0
20.053874077798348,2,1372,12,18.476962288766476,0,0,0,0
20.008590789714326,3,267,14,15.172361788231541,0,0,0,0
145.31437178367844,2,570,12,108.98765678747839,0,0,0,0
115.69869912032885,3,1766,15,104.94824255088336,0,0,0,0
415.68564431219846,6,762,14,272.01955891234485,0,1,0,0
231.6136303353686,6,167,16,366.36326242150346,0,0,0,0
60.41436311402163,4,151,12,85.8496274092853,0,0,0,0
188.99944263013256,4,114,6,148.03695235657977,0,0,0,0
255.16982966833157,5,949,13,362.2746984525792,1,0,0,0
97.72009459723571,3,1578,14,90.04068345329425,0,0,1,0
142.657417939211,3,1479,6,170.08086658456295,0,0,0,0
148.82509554348442,2,1075,7,104.69011628741316,0,0,0,0
199.8847731862118,3,258,16,224.7366150841881,0,0,0,0
68.26323251587138,6,1230,16,99.01066572877644,0,0,0,0
182.45469560402526,3,1406,12,243.04019565141962,0,0,0,0
664.9234370007564,2,620,9,644.3151903640914,0,0,0,0
14762.621314118667,14,655,3,644.6021614312721,3,0,1,1
442.90643530691807,2,315,16,518.5610356098915,0,0,0,0
18287.142993353304,13,479,11,904.0803710970761,2,1,0,1
178.98916296214543,2,781,20,226.63519666131137,0,1,0,0
31.96957332490235,3,878,12,39.862712028885355,0,0,0,0
102.68090369736474,5,342,11,128.43302170222591,0,0,1,0
30.557362511228458,4,907,16,24.714670264622814,0,0,0,0
178.23119367334886,3,1520,7,206.94964014894367,0,0,0,0
51.225987888611606,3,1095,14,71.12562438684678,0,0,0,0
807.3350461293527,4,1263,13,1240.7341753894127,0,0,1,0
158700.91911362996,9,774,5,394.73650756959904,2,1,1,1
137.85504463626103,1,436,13,181.72311357132565,0,0,1,0
46.65313780706966,2,757,9,40.545107656826964,0,0,1,0
36440.1551884034,12,752,17,138.37908284479443,1,1,1,1
213.24443625207988,2,1194,12,307.163444033687,0,0,1,0
15.06884018757863,3,311,12,13.914603412622924,0,0,0,0
435.18239350268146,2,1121,5,563.7918718270727,0,0,1,0
289.22181143153233,1,688,15,266.50083666246076,0,0,0,0
17.927770971953912,1,1061,9,14.125567280733645,0,0,0,0
2904.408613125775,6,686,0,337.18383192000715,0,1,1,1
15.28280301403139,3,621,6,20.524832670384875,0,0,0,0
71.44078730606208,2,657,9,63.566866302586675,0,0,0,0
25.342871206375612,1,1241,8,39.61688471661496,0,0,0,0
144.03489997818937,1,1754,8,217.2839375257218,0,0,0,0
86.45249725069834,1,444,12,108.17630509130231,0,0,0,0
123.46268617179977,2,1048,7,158.29088068007027,0,0,0,0
171.42475444604747,6,1559,13,202.4506460166107,0,0,0,0
218.1438574003283,2,1620,12,145.0580158875251,0,0,0,0
75.47650755634866,6,247,14,120.3142381133789,0,0,0,0
37651.1401653317,12,1,2,94.64125695113611,1,0,1,1
119447.61358456314,7,71,2,960.4273666965096,0,1,0,1
99.80498175003135,4,296,12,104.1716034051643,0,0,0,0
482.83791010256317,3,1628,8,579.6999317679943,0,0,0,0
123.1992565313203,3,1294,0,176.61749123176148,1,0,1,0
245.634940647275,2,1748,10,377.9879054872036,0,0,0,0
360.8583595800102,4,701,4,279.467377902476,0,0,0,0
664.7031127811446,2,1009,9,1015.9090007374275,1,0,1,0
2500.0,9,540,21,116.26778735070455,1,1,1,1
33.13436725126995,3,1565,18,41.40585354906917,0,0,1,0
114.28310849879294,3,1700,17,120.95834249183966,0,0,0,0
124.21140759885743,5,464,11,126.42111676447857,1,0,0,0
151.69140707322163,1,602,7,186.28303356943115,0,0,0,0
163.3616230822587,3,218,8,231.63494221487377,0,0,0,0
525.4079493536041,4,533,11,602.1184666833818,0,0,0,0
106.87750743391359,1,1254,9,94.69211986595815,0,0,0,0
686.1889011010788,3,1224,12,1042.3681210798895,0,0,1,0
138.51225065573522,4,327,21,178.93348277712056,0,0,1,0
32.869007056206584,6,1584,14,49.448083394036125,0,0,0,0
80.80847733517092,3,319,18,57.43342223523299,0,0,0,0
173.0208521413694,1,137,17,215.4592301790504,0,0,0,0
470.8028278832899,3,889,11,669.6742403302799,0,0,0,0
316.70565173983624,3,551,0,269.110709879901,0,0,0,0
13290.31486500967,11,165,21,1171.7192517158726,2,0,1,1
441.267363674553,4,1506,9,632.1146317373766,0,0,0,0
526.9960615144184,2,1263,5,506.9509220662628,0,0,0,0
292.0316979043999,3,1227,10,257.82989065596325,0,0,1,0
94.00993414670401,2,1435,19,130.91611698959602,0,1,0,0
361.60256718295255,3,1652,14,336.08198087912746,0,0,0,0
285.508044878353,2,1773,0,301.88587998284606,0,0,0,0
120.68147411990029,6,704,14,133.61686151566124,0,0,1,0
382.5505799310888,1,738,9,508.221690310381,0,0,0,0
6737.721909732285,6,999,1,403.4235417153025,3,1,1,1
148.86044752750854,2,1022,21,104.3796695318831,0,0,0,0
59.2185702501025,2,1587,1,83.25210983683156,0,1,1,0
183.6545185205068,4,1748,11,180.78310883629268,0,0,0,0
30.565440081025603,2,121,16,31.963067349834482,0,0,0,0
123.3619304445194,4,1111,20,84.38990262792002,1,0,0,0
75.01257116884143,2,514,19,63.39355407549911,0,0,0,0
125.22361904681419,3,673,16,164.70984662324005,0,0,0,0
23.39900110729386,2,369,7,18.796658281676358,0,0,0,0
235.9956625834875,5,253,9,352.5103698321038,0,0,0,0
134.2580245366965,2,50,9,163.70227120275513,0,0,0,0
204.29497142006235,4,185,21,193.9431538736384,0,0,0,0
386.13179320657645,3,933,13,455.2597250208257,0,0,0,0
370.9942434927974,2,329,18,515.2368466115142,0,0,0,0
178.03853973499392,5,1684,17,225.68742074313087,0,0,0,0
29.965989340781153,1,618,8,29.4705589078366,0,0,0,0
382.34281945480706,3,370,9,574.469981915286,0,0,1,0
402.82168704466307,2,991,9,543.0985785972296,0,0,0,0
47.6043635523643,2,217,15,41.446395793532844,0,0,0,0
2500.0,9,8,0,878.093081519342,3,1,1,1
367.598188269216,1,495,9,316.8027583909361,0,0,0,0
174.17264117349492,4,1798,23,120.37620163634925,1,0,0,0
85.50150386718254,1,148,17,64.39882891610992,0,0,0,0
186.32755908905477,3,757,9,126.0557009708355,1,0,0,0
239.9342981777962,4,57,23,291.24154978950423,0,0,0,0
735.0363764365641,4,1157,14,731.9829366134272,0,0,0,0
2500.0,12,473,5,519.6197395863464,2,1,0,1
416.354366581047,1,1499,16,569.0803249434013,0,0,0,0
315.3129284546222,2,770,14,411.5504814772745,0,0,0,0
382.33374720107315,1,735,16,538.6863557074948,0,0,0,0
8573.60104302618,9,127,20,401.2949238170249,0,1,1,1
91.98766359059913,4,319,23,83.2538452962211,0,0,0,0
150.71484546428738,6,1252,16,187.2526107543723,0,0,0,0
41.249643850836165,1,298,15,48.82042058107317,0,0,1,0
212.56822703961888,1,1400,19,184.80536781802363,0,0,0,0
147.89288596481313,6,558,18,200.38077494480487,0,0,0,0
461.190138023715,3,1414,10,341.64770580480666,0,0,1,0
733.8904007802081,2,726,14,952.1841044013868,0,0,0,0
36.62591622635522,6,1561,9,58.489479417967445,0,0,0,0
55.30547435629841,4,542,18,41.127494392100346,0,0,0,0
180.48792662453812,6,102,17,226.4973788125466,0,0,0,0
118.04790486697128,2,1436,11,129.7214036751093,0,0,0,0
69.48368275842364,5,254,15,50.54730688095199,0,0,1,0
137.1068022924934,1,593,23,171.3416246889555,0,0,0,0
303.2924581629246,4,1486,14,324.5821549874825,0,0,0,0
43.05335872264281,2,357,6,50.74053084650412,0,0,0,0
725.1780022979032,3,1425,21,972.5575561969333,0,0,0,0
2500.0,11,2,8,1047.8670450326015,1,0,1,1
381.7955326677494,4,826,16,278.68465512456015,0,0,0,0
661.5753792147735,3,1334,13,616.2576506631125,0,0,0,0
66.55818639622116,4,1790,15,41.43383653939048,0,0,0,0
187.26539108142492,4,1657,8,146.6491137176182,0,0,0,0
599.4768242406134,6,1211,9,535.6876858297853,0,1,0,0
10.65890644796226,2,59,20,6.855194740332312,0,0,1,0
2500.0,10,752,6,694.8396254377487,1,1,0,1
76.5493269210515,6,112,11,104.5957656714575,0,0,0,0
266.64878184850676,3,263,9,232.66597667748408,0,0,1,0
250.4614426267019,4,1503,13,320.91797469045457,0,0,0,0
670.7747961889384,1,1148,12,596.1671188856893,0,0,1,0
91.23411475423734,3,964,17,130.79072350834457,0,0,0,0
19.059750727872995,3,1774,9,16.391600190832186,0,0,1,0
290.0276039127987,3,1625,10,322.9297311067867,1,0,0,0
15.934641275655956,2,768,17,18.646412824212938,0,0,0,0
7727.26350352186,6,22,4,1016.0340691005492,1,1,1,1
155.63881874682087,2,551,9,165.56182816242213,0,0,0,0
237.46107754912313,5,1243,11,148.9456635866154,0,0,0,0
45.564912101579175,3,913,8,55.51371469965173,0,0,0,0
108.36830663553398,3,1692,17,158.46546540339767,0,0,0,0
226.92802529852582,6,1636,8,286.43002733437595,0,0,0,0
77.82793924699598,3,419,18,73.74875565262,0,0,1,0
489.62502764408896,6,317,6,593.5555606094537,1,1,0,0
20406.318636907163,9,16,17,316.09974368721987,1,1,1,1
266.5403498556597,1,1354,20,196.91118575210285,0,0,0,0
299.2235025658299,1,1594,18,442.6403202379497,0,0,0,0
315.70039779968425,3,1664,18,372.4901480852064,0,0,0,0
140.35885686981695,5,121,8,144.91866450597573,0,0,0,0
27.335133263159694,2,100,14,17.48262990429417,1,0,0,0
180.31041859654118,3,171,19,154.34078438180558,0,0,1,0
184.57313705409862,2,803,13,136.20170542482373,0,0,0,0
40400.86625320541,8,14,6,1151.111834933059,0,1,1,1
356.5887699695045,5,1019,8,348.9952835605071,0,1,1,0
186.9306259428363,2,1159,17,166.93526176657593,0,0,1,0
13713.419723834391,7,137,5,345.14794597702,2,0,1,1
36.20023089262701,4,1493,7,53.744486491853294,0,0,0,0
112.06622157518528,1,1470,11,106.47772924074484,0,0,1,0
699.4554453296449,3,116,12,535.8076596598462,0,0,1,0
328.57486688318403,5,61,19,266.21026978035854,0,0,1,0
16784.748813367052,9,1,13,536.6013562471302,1,0,1,1
68.21934069682025,2,1267,8,101.36639523427341,0,0,0,0
20823.39181056621,6,229,4,1003.2117016572423,3,1,1,1
280.5351144225278,1,636,6,174.20420899196992,0,0,0,0
55.54406841515543,2,1190,14,44.26550837352372,0,0,0,0
74362.62071156017,9,8,1,313.35693487893565,0,1,1,1
427.6444868534213,4,769,14,543.3457220303185,0,0,0,0
33.931402637118815,4,582,9,50.15432350283664,0,0,0,0
192.30327339317083,3,1754,17,257.96744167930984,0,0,0,0
248.76756837746981,2,151,11,212.2835246126316,0,0,0,0
24.776152884096728,4,393,18,38.998121231551536,0,0,0,0
174.96013662993113,2,76,6,171.47097675509994,0,0,1,0
272.8891378312767,6,566,9,303.25521029837864,0,0,0,0
14.278688691498594,2,529,12,9.701660371494757,0,0,0,0
272.20326486714004,3,1075,4,289.6513151420614,0,0,1,0
190.23642868157765,2,284,15,274.08147400625796,0,0,0,0
432.4741943715315,2,1017,11,680.5657653759519,0,0,1,0
426.64041947561634,3,599,17,343.1932719263659,0,0,0,0
45.55862596145638,4,105,15,38.33271952309826,0,0,0,0
16.282587528685394,6,1400,9,22.559352575027617,0,0,0,0
155.53019784023147,4,1447,8,132.53257961341254,0,0,0,0
14.686329895856584,3,1726,18,23.160813541359307,0,0,0,0
25224.84108101699,15,847,16,553.6498002855145,0,1,1,1
19.515874820697345,2,1366,1,27.184028652327715,0,0,1,0
366.27974284869083,5,878,14,401.87108748127883,0,0,1,0
84.24875911777235,2,1760,8,72.86771949164962,0,1,0,0
189.08734037074245,2,1032,3,276.4227140925187,0,0,1,0
41.85337614274276,1,1506,9,27.026162848299204,0,0,0,0
210.64495710086192,1,521,15,152.1857764502932,0,0,0,0
129.67836549179606,2,132,10,165.47930037955265,0,1,0,0
515.7145563704955,2,1238,17,379.2878157132585,0,0,0,0
344.3840107539152,3,579,9,237.8974552333445,0,0,0,0
5009.206601589329,12,1169,4,691.1616009367682,1,1,1,1
153.3309765920853,5,1746,13,227.58742782539056,0,0,0,0
15.9806149828935,2,1198,11,23.853198361946266,0,0,0,0
432.9782507465788,2,1663,7,424.16564435612855,0,0,0,0
52.530185393213536,1,1341,11,75.88398089212602,1,0,0,0
57.12186458218377,1,1733,5,71.38258491085115,0,0,0,0
1083.5025280626915,1,597,12,1606.2845690240927,0,0,1,0
11658.550378228498,9,15,1,1072.6063980134622,1,0,1,1
79.74422376217998,3,1578,20,122.97918806486953,0,0,0,0
198.9164069216181,2,1069,13,187.74036983530206,0,0,0,0
574.2741150147515,5,910,10,873.0877130312037,0,0,0,0
150.680289641884,3,882,8,216.974493893781,0,0,1,0
16.38050716309818,2,1737,17,20.355762390599054,0,0,0,0
44.838698893489095,6,1417,11,52.2289284163867,0,0,1,0
93.81241909527043,2,897,11,79.43972075670577,0,0,0,0
231.7353215362342,1,1587,13,242.67180533862853,0,0,1,0
539.5505869238896,3,680,8,801.3522051638474,0,0,0,0
261.1779246048487,1,1522,14,250.91451859932317,0,0,0,0
208.03624121986934,4,1396,19,149.1233556608232,0,0,0,0
498.49549693516394,3,835,15,691.9060405367644,0,0,0,0
281.93826877553914,1,1741,8,370.5144771230176,0,0,0,0
34.48243275721137,3,1036,16,52.66362336281182,0,0,0,0
83.14667315599063,2,1545,14,54.66467801915567,0,0,1,0
45.46829796449782,1,1153,12,70.82179213850371,0,0,0,0
95.1534060214881,3,42,7,67.1476168942092,0,0,1,0
58.74091961917369,2,377,11,55.79662218197441,0,0,0,0
1001.2173910486744,2,126,10,1015.9139974884622,0,0,0,0
312.4399129321785,3,128,20,429.3025968835234,0,0,0,0
987.6351431793046,4,862,16,951.8905992783301,0,0,0,0
280.82576196038144,2,1178,8,170.48062157252488,0,0,0,0
108.32855329603284,1,838,2,165.9504259157979,0,0,0,0
72.52483882370808,3,999,12,104.17950580919626,0,0,0,0
89.79646216843491,1,1110,18,65.85051889789855,0,0,0,0
203.2555768045591,6,38,13,147.68517608273177,0,0,0,0
13.01891132003502,4,713,8,13.948274364209464,0,0,0,0
64.27996916212825,1,590,12,54.89770048075342,0,0,0,0
76.18502815347266,2,1640,13,97.18946575023372,0,0,0,0
70.21630674571648,3,1676,8,59.829766420515455,0,0,1,0
87.02927692126906,1,979,5,93.04746103754707,0,0,0,0
24.67938439674059,6,337,3,15.501524764778443,0,0,0,0
2500.0,12,1036,1,583.6669086357729,0,1,1,1
17.70600549839985,4,1620,17,20.150195799462022,0,0,0,0
10331.853085855517,11,1,3,389.80148344806094,2,1,0,1
577.7435312820894,3,179,18,876.1100585264388,0,0,0,0
427.7568427674186,2,371,1,529.3877345184148,0,0,0,0
15.927968231087505,2,949,16,21.585729043373963,0,0,0,0
268.8080150596792,2,1053,8,184.81486470813084,0,0,1,0
130.68769545149382,3,110,9,147.91536172407547,0,0,0,0
23107.314248295814,10,903,0,578.4646435018607,3,1,1,1
290.38296095749104,2,72,13,394.69735136757953,0,0,0,0
32429.51850743134,9,11,2,612.0128919846507,0,1,0,1
5021.554860559998,10,1081,0,529.8040239673951,0,0,1,1
2500.0,11,255,8,827.2687683057727,0,1,1,1
89.14011080220642,2,159,12,137.56044237151355,0,0,0,0
267.8054397234431,6,1780,8,390.52129025713367,0,0,1,0
88.58950514498123,3,60,6,131.09862055751773,0,0,0,0
90.24860311930566,3,1181,11,129.0621095725818,0,0,0,0
154.70841620233062,4,101,10,164.377190128718,0,0,0,0
22.2890419122461,4,875,11,29.13380224280881,0,0,0,0
302.4447105323442,2,578,22,409.83100879290134,1,0,0,0
243.1763199432613,2,1543,7,279.2729252695114,0,0,0,0
120.32343492558005,5,442,12,89.64875259853316,0,0,1,0
587.8254795959821,3,1760,12,715.0540676928271,0,1,0,0
11148.32842267833,7,845,2,1095.2371237452217,3,1,1,1
52.80935778738006,6,543,12,54.54637833523054,0,0,0,0
20.021177311788954,4,1567,21,15.029212833280793,1,0,0,0
15614.528605535177,7,26,4,1067.2917946263306,1,0,1,1
13.34254684882617,2,1679,15,17.378186490551975,1,0,1,0
336.89059445738377,5,1717,8,301.44755169613984,0,0,0,0
275.1843047373355,1,1406,14,309.58205317509174,0,1,0,0
32.111852876077755,2,584,12,49.44421213215568,0,1,1,0
89.87042948914815,4,851,20,86.05235993992407,0,0,0,0
55.46542626231808,4,221,1,64.92726255430954,0,1,0,0
21.029749654625476,4,293,10,32.29895217520313,0,0,1,0
20131.609122604677,12,1038,14,876.5929762717443,0,0,1,1
14.600211145675008,3,1514,16,10.726205373095222,0,0,0,0
245.902681284979,4,1379,12,380.7479781016175,0,0,0,0
127.43088685807628,2,33,13,86.8666388529779,0,0,0,0
48.17457768672445,3,632,8,30.64688458411599,1,0,0,0
2500.0,6,2,0,766.4843638552063,1,0,1,1
188.44766669972094,5,1340,9,221.5365687201837,0,0,0,0
152.99062418547163,4,1561,14,147.1261069788717,0,0,0,0
134.6975494944678,4,569,7,139.64329046761702,0,0,0,0
423.165031551036,3,255,12,614.9977097624231,0,0,0,0
19.57376892567557,4,516,13,15.233631968557088,0,0,1,0
168.26749950174525,2,1100,7,208.06260940614723,0,0,0,0
357.5037119053717,4,918,12,555.6931972395062,0,0,0,0
447.84343013103603,3,359,8,671.6081001703881,0,0,0,0
151.83711130926292,3,494,21,162.2310658223684,0,0,0,0
13105.827713458493,7,13,1,586.5735491077802,1,0,1,1
745.817686829338,2,1426,14,761.2552042090985,0,0,1,0
48.78117395805792,2,1491,5,48.2431873571545,0,0,0,0
39.23320895158351,2,442,20,60.57852336020317,1,0,0,0
307.7475786528557,1,928,20,197.28099675183054,0,0,0,0
18.14720267291068,3,448,18,14.028643286024556,0,0,0,0
23.04815330384047,1,440,18,30.068309231115357,0,0,0,0
176.0212050644546,6,1764,18,128.386525334011,0,0,0,0
701.7310661640604,2,1632,8,990.1611181471126,0,0,1,0
251.9832571847443,2,390,16,375.4526562447462,0,0,1,0
130.65034537436085,1,1019,8,208.88211923604987,0,0,0,0
70.6231760111642,3,1163,14,60.08631130793743,0,0,0,0
100.6353997789378,3,898,15,77.59185302308582,0,0,0,0
38537.78235374427,11,12,3,69.25566228778459,1,1,1,1
162.16287913286615,2,389,9,129.74715448910874,0,0,0,0
116.52882213844242,1,985,8,151.99011381567087,0,0,1,0
502.83624296995833,3,932,19,696.4878231462988,0,0,0,0
4033.7158887453184,9,1099,20,621.7864532472017,1,1,1,1
1143.9097506698865,2,1507,9,1195.578403796244,0,0,0,0
456.48939270114005,2,943,18,372.9434654445516,0,0,0,0
286.22293162103074,4,1296,12,257.2924950042852,0,0,1,0
12.922146512732725,2,1674,7,13.605094713847782,0,0,0,0
2878.268587266004,7,6,0,949.8849139345012,1,0,1,1
94.62185864550744,2,1764,16,131.29070255504365,0,0,0,0
216.79055444024354,3,1272,7,279.9201138562663,0,0,0,0
87783.37812985557,10,14,13,568.2491495642325,1,0,1,1
25.016389306481088,2,1699,12,18.75108397244378,0,0,0,0
101.47053197868433,3,839,9,64.15987987216363,0,0,0,0
292.624433785449,4,1050,12,338.7516944733087,1,0,0,0
71.89761453619928,3,1244,1,70.58077148714919,0,1,0,0
184.0460943877998,4,725,10,165.3531869483109,0,0,0,0
122.21530937245811,1,752,19,89.4207498680466,0,0,0,0
27.181192343482387,3,177,18,32.2440381170737,0,0,1,0
16.675160708270912,4,1390,11,21.709425366715266,0,0,0,0
388.3626596743927,2,1792,14,346.9667143923435,0,0,0,0
415.5810818832424,4,124,13,348.93896833016015,0,0,0,0
389.1255951473867,3,403,12,471.10018193975407,0,1,0,0
90.28071525925473,1,200,7,124.42968544113477,0,0,0,0
68.57921418712827,2,582,7,100.75092774551344,0,0,0,0
62.07135015836251,5,916,1,89.04434980623778,0,0,0,0
24.311602485470782,2,1021,10,38.559062857185644,0,0,0,0
5405.224300789445,9,13,3,984.5328881635776,1,1,1,1
13129.205972614502,7,17,18,232.6940571980604,3,0,1,1
237.03289592554074,4,1207,9,218.38347115681887,0,0,1,0
205.09072821136428,4,588,12,241.1818503195718,0,0,0,0
1124.6404112546945,2,890,17,1136.0973583696002,0,0,0,0
5910.193565764988,16,647,3,945.182548063369,2,1,1,1
4117.038742584609,10,753,2,555.5201962281467,2,1,1,1
327.08273851978066,3,313,8,289.08586382706,0,0,0,0
16.700728217780103,3,934,17,14.310967832018687,0,0,1,0
127637.22574467078,10,7,4,456.32858253846155,3,0,1,1
90.38873095332667,5,1676,13,99.90164320735965,0,0,0,0
336.2813264065993,3,1348,8,340.1242625142073,0,0,0,0
673.1390120551952,3,1145,8,857.6588073513033,0,0,0,0
139.3912163521081,4,938,15,191.90229786472878,0,0,0,0
63.836921121376754,4,966,10,93.5161240178763,0,0,0,0
341.4823204930506,5,396,8,242.48374205244414,0,0,0,0
2500.0,9,9,2,353.8971188280066,1,1,1,1
87.17537441675388,4,1267,11,91.75844281990679,0,1,0,0
212.70635577428916,2,778,8,236.86263198158363,0,0,0,0
1207.064594092969,4,1565,17,1027.1576360225797,0,0,0,0
7649.449311820007,6,15,13,954.2024767560735,1,1,1,1
272.97348468738824,3,1731,11,342.4430499641846,0,0,0,0
87206.15228988661,8,6,2,130.68385475157854,2,1,1,1
292.2296554796491,3,952,9,187.20805155189112,0,0,0,0
90.30334576172541,3,638,12,63.696455094853775,0,0,0,0
424.4906155907873,1,1782,9,557.9268977717086,0,0,0,0
436.4330259732061,5,397,16,690.5687328242918,0,0,0,0
245.12570701146223,3,706,13,201.07804596486034,0,0,1,0
246.8881380480384,2,1491,16,206.2659866908369,0,0,0,0
852.6116878047961,4,1522,16,866.6477409220506,0,0,0,0
177.79644274486876,5,1772,7,196.37679478054955,0,0,0,0
203.16672809772163,3,732,13,280.0506553628012,0,1,0,0
156.4946713468477,2,432,6,183.86636112704542,0,0,0,0
15867.129434340648,10,20,21,875.6048534424956,0,1,1,1
12547.34893058803,11,389,13,821.6894544610046,2,1,1,1
150.15697772154036,4,1215,12,140.19554371349895,0,0,0,0
305.55352401855185,1,1443,11,484.04116461632947,0,0,0,0
56.867163168905954,3,55,19,90.9531204205783,0,0,0,0
148.12589920425322,2,352,17,232.2689286393796,0,0,0,0
522.3484746386466,3,958,20,723.5248412060791,0,0,0,0
142.1221844365353,3,287,16,147.2955839192748,0,0,0,0
3604.2281796680736,13,790,12,648.864265649637,3,1,1,1
1054.4816487542364,5,1520,10,803.2297529342404,0,0,0,0
318.1601681675277,2,110,17,312.6819680914071,0,0,0,0
126.50646040720902,2,1319,8,79.71048764481736,0,0,0,0
122.57370121824559,2,83,14,96.59235653865035,0,0,0,0
134.02212274209722,3,64,12,123.97002385489097,0,0,0,0
537.2278588600896,2,568,14,426.4706326348378,1,0,1,0
20.090292513054397,3,799,9,15.252243945719044,0,1,0,0
12398.011210611478,11,1002,5,756.4252551549384,3,1,1,1
2500.0,7,3,20,283.4557355513492,2,1,1,1
195.0939890865111,3,976,18,176.45851741230916,0,0,0,0
268.0450990935589,4,524,11,308.0722833023888,0,0,0,0
189.12247571091524,3,1458,12,197.50159608173485,0,0,0,0
239.67164678460256,3,1510,22,144.37255554536168,0,0,0,0
492.7105942933641,3,364,7,361.6334664366371,0,0,0,0
256.0315514455028,3,855,0,154.46752271128415,0,0,0,0
943.2568080385302,1,454,10,704.5346214251089,0,0,0,0
98.30263670347124,1,1773,12,131.70660874005517,0,1,0,0
52216.95591841383,12,668,18,980.3537727573539,1,1,1,1
100785.12160828555,7,1134,4,521.0826320045907,1,1,1,1
190.09593634061875,6,269,12,295.40337914974646,1,0,0,0
58.76338028707109,1,1615,14,44.214932539489645,0,0,0,0
16.280567043185812,4,662,10,9.90815405167726,0,0,0,0
275.08103842711927,3,502,7,324.13158134238665,0,1,0,0
113.39938009384049,4,704,15,83.34297112993498,0,0,0,0
155.77458523295098,2,1419,13,103.71613417321143,0,0,0,0
566.5781812477188,4,1059,16,453.05491669467847,0,0,0,0
49.659591867215205,3,1665,13,76.24165712991359,1,0,0,0
434.706846444515,1,565,12,474.3685351243618,0,0,1,0
365.1655125964439,1,763,16,258.9841818665861,0,0,1,0
365.1021958522985,3,1624,6,540.7462763050826,0,0,1,0
17372.517854616748,5,924,3,61.75959872489986,2,0,1,1
3453.5202130917555,7,803,14,152.99664562633905,0,1,1,1
39.837571248184645,2,1145,21,51.988495397940056,1,0,0,0
76.33445637540116,3,1527,5,74.28249596425962,0,0,0,0
295.05449780993223,3,135,11,447.96786943187794,0,0,0,0
271.8076146837021,5,560,12,378.0013122579515,0,0,0,0
64318.02854268557,10,12,3,817.5625530054247,3,0,1,1
470.69268644044854,5,1251,12,592.0304797841279,0,0,0,0
16784.163312785306,8,16,19,926.9025017604056,1,1,1,1
160.16313150880768,2,1738,6,147.42666581220755,0,0,0,0
149.50948339871192,3,1657,18,194.9810117975662,0,0,1,0
100.50119256247001,2,491,8,153.3099950283264,0,0,0,0
56.62539227453481,1,1480,11,81.53962882065319,0,0,0,0
714.1031157457762,4,306,16,641.3080437548496,0,0,1,0
36.12845880369037,2,943,16,24.02390397316289,0,0,0,0
69.23769935486561,3,342,18,109.47192594294025,0,0,0,0
4503.482238461596,12,7,1,333.34244601921876,0,0,1,1
1057.7948167555182,2,1453,10,939.7853929355974,0,0,0,0
1158.6110350563872,1,1667,6,1364.7963910547662,0,0,0,0
295.0365866678771,6,937,19,194.4838932208492,0,0,0,0
137.14995391739194,3,941,22,194.3936977262449,0,0,0,0
599.2576771838136,2,1176,16,484.41234473390534,0,0,0,0
80.19613262447764,5,840,9,79.85433310320113,0,0,0,0
378.8613444314133,1,1307,20,523.9226154927934,0,0,0,0
62.101040359016125,4,363,1,74.18017957223529,0,0,0,0
30.440802762272977,2,1529,9,48.15948515959063,0,0,0,0
368.4719065598657,4,167,21,312.95598107026706,0,0,1,0
11.402465443352424,1,1183,8,14.875234820272444,0,0,0,0
13046.775643352386,9,87,12,604.7264861938708,1,1,1,1
278.12307961646417,3,1420,18,356.67711663213305,0,0,0,0
787.7756324154705,5,757,6,1232.5203279067475,0,0,0,0
228.49612944503562,2,96,17,322.56576113273985,0,0,0,0
242.2740422454624,5,1525,14,288.21286866891415,0,0,0,0
20741.256465341226,15,27,11,205.8620528676759,0,1,1,1
14.951342605920187,1,724,20,17.15920446205615,0,0,0,0
110.622512161028,5,699,12,142.60586020494233,0,0,0,0
73.58838341763803,4,1371,10,110.82334824882548,0,0,0,0
148.28146702910905,5,1088,11,201.72497047706835,0,1,0,0
146.18653713630422,3,748,18,201.50534988087398,0,0,0,0
119.88711943071337,4,412,1,73.86482073090053,0,0,0,0
683.6995188391273,3,1072,14,735.6634299208315,0,0,0,0
33.06781742560797,3,448,17,42.11152347946561,0,0,0,0
286.56052767201277,2,1261,10,337.33500503088726,0,0,0,0
169.2732748852267,2,1096,18,123.8819876494883,0,0,0,0
120.71935715167105,2,363,17,127.74525057934208,0,0,1,0
316.24993828250126,2,961,17,250.7555210893531,0,0,0,0
323.57000897939406,3,1727,20,327.26727250349023,0,0,0,0
188.53792034204795,3,1763,11,261.6086602824852,0,0,0,0
111.2420253059617,3,315,22,152.92661416775897,0,0,0,0
646.8894839181188,2,1379,9,808.1024490560599,0,0,1,0
328.62895329396866,1,1383,8,210.70247806010835,0,0,0,0
21.664214283491095,3,1395,13,28.132081930567576,0,0,0,0
65420.06193608,8,309,21,914.8389123211845,2,1,0,1
569.0559297674396,1,909,17,741.0283045927421,0,1,0,0
609.3364445636875,5,93,8,643.3091798568545,0,0,0,0
517.3756345425575,5,524,11,570.0017489889352,0,0,0,0
231.9462012776526,3,1370,20,168.08953145739557,0,0,0,0
357.855797148466,2,259,12,236.58348212113526,0,0,0,0
251.94387689071309,6,746,17,204.39663213127008,0,0,1,0
100.05111901868447,1,66,16,156.11456792925398,0,0,1,0
64.61541857688607,4,1137,17,63.52305133483656,0,0,0,0
179.74430480849801,2,1396,9,252.47520073733526,0,0,0,0
725.002332873472,3,626,7,475.61507159228233,0,0,0,0
115.626087134884,4,355,8,173.5504477647723,0,0,1,0
136.82404301927525,3,155,14,117.13697179436804,0,0,0,0
111.91276459839405,2,489,17,167.3998154443806,0,0,0,0
157.2052075430924,4,1720,5,247.49183892709817,0,0,0,0
146.74314846892722,1,851,10,230.92412049966302,1,0,1,0
42.693273345744295,3,970,20,27.820466706900426,0,0,0,0
80.99924249859262,2,1515,10,49.59897819339309,0,0,1,0
3500.179312796143,8,141,2,693.3611251572696,2,0,1,1
58.830049405986465,3,830,20,86.37317498374776,0,0,0,0
740.9203213999177,2,1748,2,1154.3122435587554,0,1,0,0
618.196898935803,3,1063,18,853.5743867349942,0,0,0,0
400.2610638246529,1,585,13,527.1565493642721,1,0,0,0
547.861093972161,2,446,8,807.9415230399742,0,0,0,0
40.192423735356016,1,1294,16,34.63106280468582,0,0,1,0
91.09531410816746,2,232,8,56.10123001408057,0,0,0,0
98.29471250040513,2,251,9,133.10678191015893,0,0,0,0
3126.6170390870852,9,2,15,387.76996265464805,0,0,0,1
5533.468885670232,7,60,1,771.0862203688574,0,1,1,1
244.9043378011864,2,149,7,150.38887774791655,0,0,0,0
44.67616524235008,4,1232,20,62.22211012571847,0,0,1,0
521.7760981654585,2,1519,13,347.61948761913266,0,0,1,0
300.1929866120555,1,707,6,360.03114207675355,0,0,0,0
42.41846969313214,3,134,12,63.20687282227367,0,0,1,0
28816.543613027192,11,299,13,871.9759070384654,3,1,1,1
19.232108423415546,2,1463,11,29.151863286964787,0,0,0,0
218.4122250320015,1,1731,14,190.8377059137346,0,0,0,0
522.3823165240998,3,511,10,501.55654608817616,0,0,0,0
309.3936114527307,2,1064,8,204.24872889243073,0,0,0,0
169.88364856217405,2,459,12,208.3718472284106,0,0,0,0
81576.05970867028,5,23,2,486.27864737235603,2,1,1,1
135.45503846776944,4,1397,12,114.15092313982822,0,0,0,0
118.33110202259483,4,1148,19,147.23643981412877,0,0,0,0
7914.064018652351,8,9,4,87.03783177654779,1,1,1,1
177.771374877215,4,378,9,151.50352237143304,0,0,1,0
128.24877695370606,3,1147,9,140.43318816758963,0,0,1,0
454.6524022924599,4,1161,3,398.6772145333857,0,0,0,0
489.81549415488075,1,1789,11,669.7143030231589,0,0,0,0
42.8826226932671,1,1519,11,42.2053359328881,0,0,0,0
74.42713582669622,1,1254,6,96.59946844568401,0,0,0,0
92.04510306313593,2,435,13,69.5356126129567,0,1,0,0
580.6089815545307,2,1285,6,706.4827401068717,0,0,0,0
52.98040289732959,4,1166,11,46.974274927378644,1,0,0,0
69044.95588058255,9,1039,20,639.800799935692,1,1,1,1
707.0253180216467,3,557,7,790.4563403184983,0,1,1,0
441.74570994572446,1,530,21,647.3039989429216,1,0,0,0
490.00459680092195,2,240,6,491.75375326129864,0,0,0,0
147.99223681090754,2,1295,6,132.4561685801176,0,0,0,0
246.82222685098148,2,625,17,287.1348980629753,0,0,0,0
292.1142644559385,2,705,17,390.70074835002805,0,0,1,0
317.87654364885293,1,1039,10,367.8709125645946,0,0,0,0
323.2265509563874,1,1234,8,438.9148520796963,0,0,0,0
138.6643547966871,2,898,7,193.36818017142215,0,0,0,0
428.2506705741666,5,811,12,434.51245670259766,0,0,0,0
227.94365113471665,4,416,18,302.63842189745606,0,0,0,0
116.3009742995105,2,1019,17,125.79571229299346,0,0,0,0
23.766299667425454,4,1795,11,27.91810280993294,0,0,0,0
19196.026180454024,11,25,5,991.2404539205075,3,0,1,1
163.86824276800695,3,1660,17,259.10950145023634,0,0,0,0
20836.888150030212,4,6,11,457.0964505034851,3,0,1,1
570.8258326341113,2,320,8,816.9946008367133,0,0,0,0
186.1745586412741,1,1566,14,120.90576800296093,0,0,0,0
318.40675685166667,2,1450,11,380.05416888663666,0,0,0,0
160.46944337308486,3,1333,11,127.19572145239906,0,0,0,0
49.13382248581263,3,645,8,45.09982568838439,0,0,0,0
271.5620846903121,4,1469,1,267.4673905947971,0,0,0,0
64644.893420270724,6,432,13,1001.7445579213642,1,1,1,1
24.570194929312418,2,559,23,24.20848794947486,0,0,0,0
18785.297688503113,8,201,6,564.2631993336637,2,1,1,1
181.80303086528443,3,1610,16,189.89437863814567,0,0,0,0
64.11145677753046,3,1147,19,101.24908293435233,0,0,0,0
509.98965022759495,3,308,9,463.1712407607583,0,0,0,0
82232.0527676631,9,20,21,1166.5203866238812,0,1,1,1
117.64254015181095,2,180,8,177.36753992335218,0,0,1,0
12.301953068496221,6,513,20,14.28795584746661,0,0,0,0
514.1140242337854,1,440,10,477.5531786077228,0,0,0,0
371.08214596976984,3,739,12,379.3248810200178,0,0,0,0
365.52613261128886,2,580,18,560.0491948918458,1,0,0,0
220.60630545162329,2,564,9,330.4809703685244,0,0,0,0
499.8310055194661,3,718,17,406.40000072689975,0,0,0,0
18.902257744194976,3,1222,20,13.783299719998396,0,0,0,0
41642.888342935556,12,413,2,410.84383150179247,1,0,1,1
1655.9327574458514,3,513,19,1824.9223949164327,0,0,1,0
672.1894702410295,5,247,17,615.8962761798191,0,0,0,0
184.8278351402607,2,1512,9,208.1160947007607,0,0,0,0
98.83478399220033,5,1602,15,75.8335648682091,0,0,0,0
373.27644084561257,5,1250,12,344.74674216103546,1,0,0,0
294.731071875288,2,990,12,328.69215097414246,0,0,0,0
278.8842484170222,4,347,10,196.85737718832317,0,1,0,0
7873.717954099616,11,7,10,424.9926062023861,1,1,0,1
197.52329812176816,2,1344,10,301.42424202860957,0,1,0,0
192.61628617750992,2,195,16,255.25470165866756,0,0,1,0
593.512508342761,1,53,14,811.8999719526797,0,0,0,0
39.34379753649854,1,906,10,27.681934395574068,0,0,0,0
967.2594577530826,3,556,7,763.189613670586,0,0,0,0
6464.415487688082,10,27,6,269.47678962991273,1,1,1,1
458.81630248211053,2,1063,20,462.9610407910223,0,0,0,0
77.64737693797662,4,55,9,83.55152030550717,0,0,0,0
74.62816845040184,6,1353,14,112.22506938475654,1,0,0,0
72.59450027845614,2,443,14,50.974485618797864,0,0,0,0
12.067586706199268,2,589,17,15.758169642229998,0,0,0,0
168.62728394037185,2,1642,15,243.8986604719221,0,0,0,0
334.7200085931486,2,365,7,248.394400706522,0,0,0,0
65.54078142651775,2,1716,16,95.7879834392313,0,0,0,0
725.7802806727874,3,1060,10,865.8435766893218,0,0,0,0
230.84937272293467,2,1227,8,207.1009588137748,0,0,0,0
59.5064213000091,2,1233,14,69.28266562175695,0,0,0,0
145.0843286182237,1,491,12,113.35172054713254,0,0,0,0
2744.582808236208,7,668,19,992.688738845826,1,0,1,1
134.8870307209161,4,248,18,88.80217114629419,0,0,1,0
607.1952588453945,6,1135,5,699.2624352987378,0,0,0,0
175.31374491787994,3,769,11,219.4563615781052,0,0,0,0
649.3673394614066,5,249,8,556.8992050604812,0,1,1,0
465.28553790958074,4,526,11,623.7498102562142,0,0,0,0
8191.001709856387,9,10,1,937.6769618277176,3,0,1,1
306.48572609183645,3,213,12,255.6910695462722,0,0,1,0
556.6546660552003,2,528,17,679.4419718302585,0,0,0,0
39.24421855575628,2,514,20,48.85671359973556,0,0,1,0
2500.0,8,292,16,548.6466805469311,1,0,1,1
50.08148749324741,4,304,19,66.1216918283183,0,0,0,0
36.053799448618,1,1651,3,45.182238223955586,0,0,0,0
60.84894830797821,3,743,9,80.60475813630077,0,0,0,0
12.504815077653058,1,1275,9,12.652059070444103,0,0,0,0
253.60830222050242,2,282,8,323.7881975169631,0,0,0,0
14.064015774024638,5,1082,19,21.748140909790678,0,0,0,0
4785.189964007762,13,563,22,299.5336082403069,0,1,1,1
719.5720592933558,4,578,17,970.8599281555141,0,0,0,0
150.66392998104757,2,1123,7,191.0743633420785,0,0,0,0
116.94760163637896,5,1767,18,105.77752845631048,0,0,0,0
153.20650005517612,5,539,14,238.05421693987174,0,0,0,0
271.1504073137689,3,1496,5,220.3125203490539,0,1,0,0
3405.41626084249,10,4,2,827.059961374769,0,1,1,1
852.8114221609321,2,1452,12,1345.591750216298,0,0,0,0
728.6673983737677,3,1405,11,685.3121202786479,0,0,0,0
87.99275781582125,3,1564,13,111.9346868015408,0,0,0,0
64.53284105338619,3,207,6,97.40164340327682,0,0,1,0
215.17876363445924,2,335,13,275.29562190195594,0,0,1,0
442.8785134136827,4,1171,18,660.9090027275906,0,0,0,0
146.971046380366,3,1164,8,98.55585553694625,0,0,0,0
231.80574734445918,2,786,3,330.9371235695317,1,0,0,0
169.36573744688462,4,1759,19,213.3801902283376,0,0,0,0
41.63258318464506,3,1124,13,53.722342442497215,0,0,1,0
992.658033319914,6,550,9,1546.3411934347914,0,0,0,0
395.0556353606988,2,700,12,375.1691686423374,0,0,0,0
274.41182521257224,3,701,11,388.93358601321574,0,0,1,0
309.42887560369843,2,873,20,346.7600981589691,0,0,0,0
108.44713809614488,4,700,10,84.89973022795593,0,0,0,0
43.698102840039766,4,547,9,43.09708182592636,0,0,0,0
156.5874653712363,3,888,11,203.77455573657463,0,0,0,0
367.70943552227783,4,275,4,526.7375212387611,0,0,0,0
106.69681284913298,4,1005,12,78.21305028479708,0,0,0,0
115.81197681663068,4,528,14,154.02201018872202,0,0,0,0
15.690353542358745,3,132,11,11.917212802549253,0,0,1,0
341.637108449931,2,1391,18,334.43654348571556,0,0,0,0
282.3068119993328,3,1125,14,280.0236118334997,0,0,1,0
270.9153130042264,4,1704,15,311.49557010834496,0,0,0,0
20127.81947112633,10,1051,1,67.74105232739322,0,0,1,1
562.5344249768593,3,378,18,698.8371263816994,0,0,0,0
169.07944605978264,1,1564,14,203.37431999009087,0,0,0,0
383.1744538890647,3,953,6,492.43712313789496,0,0,0,0
93.81667770359812,3,586,16,59.11637924582575,0,0,0,0
308.28885210997834,2,633,11,276.89406066369446,0,0,1,0
107.45250931790946,1,1404,22,166.054502437832,0,0,0,0
82.21372328118869,4,162,15,75.97446871767414,0,0,0,0
136.9783981549191,2,466,7,155.34237976938118,0,0,0,0
296.84492516004946,1,1232,17,424.3442103148573,0,0,0,0
766.1863295505129,6,137,13,804.1173119916491,0,0,1,0
305.1279021986335,2,1296,12,322.82047447051264,1,0,1,0
127.31702249421477,1,431,23,116.49265399654688,0,0,0,0
4231.131838010804,9,2,14,1147.1821655562376,1,0,1,1
941.0837889055251,1,1397,14,735.1345325186566,0,0,0,0
98.20302867958986,2,730,9,136.294626757025,0,0,0,0
157.5798026620751,3,800,16,187.82716232824043,0,0,0,0
27.07234514338769,2,435,11,40.60800760699666,0,0,0,0
71.41092134650341,6,1297,11,66.28668208993017,0,0,0,0
289.76987680628264,4,1335,19,345.1000630718058,0,0,1,0
99.12793219183646,4,677,7,135.53557725768516,0,1,0,0
747.2241073500362,3,1216,17,1027.7391428424062,1,0,0,0
682.657157500422,1,794,13,420.1449220559427,0,0,0,0
17.621504365505878,1,206,16,17.808635129653915,0,0,0,0
64.75319811177067,5,1076,19,95.36536071126581,0,0,0,0
241.04930153408947,5,927,13,318.163981460602,0,0,1,0
358.99450742677965,2,1376,18,395.9229389213864,0,0,0,0
459.63296684267596,3,1753,7,377.24840165491565,0,0,0,0
141.46491111628546,6,785,9,160.10416338479158,0,0,1,0
1244.0039354945275,4,993,10,1509.8560852240876,0,0,0,0
217.0495824024837,3,936,14,260.3675319729948,0,0,0,0
532.5022349492913,4,199,14,778.1085944727371,0,0,0,0
173.21972433926535,3,1169,18,250.0688965325838,0,0,1,0
15.516262338750384,3,1239,20,18.095532314321744,0,0,0,0
175.40697735250612,1,1207,12,221.3405536838582,0,0,1,0
73.61256993821382,3,604,17,72.15047051962364,1,0,0,0
228.11040958569978,3,733,11,363.086948158839,0,0,0,0
57.36950972929725,2,743,19,64.92001587389854,0,0,1,0
103.8644734619514,1,1480,1,122.66770672167527,0,0,0,0
65.20242603373225,2,151,18,42.56041834763317,0,0,0,0
105.69592612224974,2,138,16,96.14519142473644,0,0,0,0
729.560129910179,4,1724,11,823.3105955450641,0,0,0,0
360.41669132853855,2,596,19,366.2154325466949,0,0,1,0
625.8121710320501,3,725,16,895.3189826665576,0,0,0,0
26880.229086488398,7,16,5,751.93523575647,1,0,0,1
305.20391466415776,1,1776,15,188.76716709933788,0,0,1,0
65.06514748423916,4,1592,16,76.06465217244163,0,0,0,0
535.590768220709,5,653,14,537.0563108676577,0,0,1,0
137.69933033061403,4,1544,17,219.46951229284034,0,0,0,0
81.43426494644221,1,389,21,77.99889720084731,0,1,0,0
128.40332836727265,3,225,15,155.96520681037342,0,0,0,0
104.55434720313963,2,1294,15,138.55578366547516,0,0,0,0
37.68335344826187,2,477,11,37.31495200555517,0,0,0,0
176.02661469881767,3,1064,14,137.53739216195174,0,0,0,0
293.60635774437384,1,915,14,242.95222634667357,1,0,0,0
108.4087272295211,4,456,11,121.90728215952295,0,0,0,0
18.693307621328344,1,1192,10,16.23002697181321,0,0,0,0
153.958866206283,2,434,15,146.188901613199,0,0,0,0
433.1327969436801,3,1080,9,328.29969887588464,0,0,0,0
243.69287400970072,3,1400,12,237.7132541712474,0,0,0,0
234.83272842225455,2,314,13,179.13778944508084,0,0,0,0
7103.851879956589,13,11,5,687.1839591263893,2,1,1,1
52.17575169023887,3,289,19,69.9606825738296,0,0,0,0
33.98540821286379,4,860,15,32.219312162492024,0,0,0,0
610.1057218482559,5,451,14,535.8918951099971,0,0,0,0
195.9819577152136,2,706,11,290.0885852695435,0,1,0,0
131.82476934247836,2,1541,18,101.19621532164916,0,0,0,0
52.376559128720054,4,1364,18,79.79750660634923,0,0,0,0
367.9500948963815,1,745,9,368.7153775320467,0,0,0,0
124.53237061418288,6,991,18,88.83591818607506,0,0,0,0
261.4531234828221,4,446,20,338.45487970245165,0,0,1,0
304.81421602567434,4,986,8,440.37737859072,0,0,0,0
132.73621093278894,2,1117,12,171.18344288495135,0,0,0,0
1083.6101066713989,2,287,16,1592.7899071965583,0,0,0,0
329.1848583879314,3,1702,19,331.0280612180127,1,0,0,0
52.087440226695776,2,1559,12,73.22364673929819,0,0,0,0
1374.2961576584553,2,868,17,1056.0753817588873,0,0,0,0
443.22130766361744,1,1622,13,465.0385494443717,0,0,0,0
336.24512781580523,2,1621,17,351.8743463162396,1,0,0,0
202.7322864844438,2,367,12,131.87263051501026,0,0,1,0
412.5315157289299,1,1493,13,387.899833849397,0,0,0,0
41.573345652016734,1,1594,10,44.82787895751004,0,0,0,0
18701.17573633427,7,1058,2,677.1355289199533,0,1,1,1
84.67794019795768,2,1554,10,102.2091185686419,0,0,0,0
808.8142207201156,6,1371,11,895.8579286644392,0,0,0,0
10.102593407729065,3,1019,10,9.066861977590648,0,0,0,0
204.14806323725904,3,1101,12,202.83352981337976,0,0,0,0
37.63811314666746,2,543,7,52.78985403324059,0,1,1,0
70.18744981011528,3,1399,6,68.28377289143668,1,0,0,0
427.87260559959265,4,776,19,321.2537166669545,0,0,0,0
14222.127924067332,11,12,1,142.6233937378251,0,1,1,1
2500.0,8,119,3,217.9439056115982,3,0,1,1
29.563974846810947,1,420,10,35.59441301277132,0,0,0,0
117.89601472509543,1,47,6,162.47945462775206,0,0,0,0
35.557049337330724,1,794,11,28.916300022345286,0,0,1,0
305.5487533147626,2,1244,14,205.60101709729554,0,0,0,0
125.76381511882812,5,850,19,94.54045754527164,0,1,0,0
814.1988079639999,4,1188,13,1068.2467857594263,0,0,0,0
3054.831332022491,9,52,4,847.4694056924707,2,1,1,1
24.698517287194374,3,918,6,21.47578846665815,0,0,0,0
1433.7183501860832,3,697,10,1997.1299484042795,0,0,0,0
19.10075420878865,2,1392,19,13.577602305233697,1,0,0,0
100.11349768629302,3,1211,12,81.95842194357292,0,1,0,0
735.6402191132149,1,1304,15,724.9242311986841,0,0,0,0
301.2124782777127,2,762,6,480.36341738762025,0,0,0,0
3202.458119090291,5,27,3,840.1440976397141,1,1,1,1
2500.0,13,353,5,260.9161977736534,2,0,1,1
49540.28601177034,8,303,11,1010.8441658116245,2,1,1,1
89.52404327388275,4,594,15,65.81864875835332,0,0,0,0
9415.720509849043,9,17,3,232.8837254097957,2,1,1,1
48.57691363552984,3,430,17,38.01893819493003,0,1,1,0
695.3617652242887,3,789,16,896.566751887483,0,0,0,0
271.3611847401439,3,264,9,242.32942653070597,0,0,1,0
262.92617126678033,4,247,8,349.80387049732815,0,0,0,0
55.24120719959651,3,1513,7,79.71675599922457,0,0,0,0
305.83127627830106,6,188,0,249.15661602232151,0,0,0,0
573.6516068008428,4,1341,17,654.5616532261013,0,0,0,0
662.9156907605197,6,274,19,568.6414066968839,0,0,0,0
2500.0,7,594,4,794.0398992641706,0,1,1,1
86.98727961256468,1,1048,12,64.17606989222729,0,0,1,0
672.5962737399889,3,1472,8,427.1719813013391,0,0,1,0
1404.8051531216684,3,931,18,1324.78420081274,0,0,0,0
13528.937494440012,11,22,1,425.60261406795706,1,0,1,1
126.87951666251047,2,1013,15,190.68393543638362,0,0,0,0
12362.451198632149,8,1049,21,303.9681592405509,2,1,0,1
37.58056734496891,5,1663,7,54.80975946694364,0,0,0,0
176.41099225519002,3,209,7,208.8900847571023,0,0,1,0
834.9883349942769,3,753,14,1232.7471927073505,0,0,0,0
103.39063784895012,1,521,10,104.35439489953806,0,0,1,0
15.829206259250638,5,356,6,19.735615076791678,0,0,0,0
496.1404918366339,2,1072,14,611.2867804089527,0,0,0,0
682.4971341728129,3,1193,21,672.0326259741622,0,0,0,0
146.28940400299038,4,1461,11,143.1728557883077,0,0,0,0
21.510152489413137,2,194,5,30.371774515671678,0,0,0,0
12.756621229075614,3,1767,15,14.768608564997326,0,0,0,0
263.9797669634203,4,1633,23,266.9266309100445,0,0,0,0
248.24516858884706,3,1538,17,385.0142378492409,0,0,1,0
47.13300944041395,2,984,7,57.670836183872694,0,0,0,0
794.0298280081915,4,997,18,590.1462142638158,0,0,0,0
177.26660673420145,2,576,20,279.60599295944235,0,0,0,0
34258.00064384224,16,15,0,276.40507884308374,0,1,0,1
30.207449143581332,3,559,20,44.45924688618182,1,0,0,0
45607.21734801762,12,79,19,140.37169142842887,1,0,1,1
111.70587709006372,1,1073,19,107.96400327967767,1,0,0,0
29.515696325785836,1,1476,10,46.50673138432927,0,0,1,0
404.98731489377894,3,79,11,372.72193083822935,0,1,0,0
17956.634113607208,16,5,8,514.2038161641207,3,1,1,1
797.2622186640428,2,100,11,612.7780063382493,0,0,0,0
160.25117405302314,4,854,13,220.0302256765662,0,0,0,0
82.21837737981646,2,981,18,77.10020953759465,0,0,0,0
508.083044059389,4,1236,4,697.0699709779736,0,0,1,0
16455.164886302035,9,14,2,294.1501834797537,0,1,0,1
32.93091014309441,4,1061,7,34.63548024899067,0,0,0,0
125.11937972843074,3,1207,10,83.13098062872918,0,0,1,0
70.94270250118022,4,1283,11,112.72853602196975,0,0,0,0
454.349508752336,2,1512,8,522.0755264354725,0,0,1,0
59.074624864817146,4,1045,6,77.01105730296544,0,0,0,0
266.0210127689516,3,864,16,350.7025066831343,0,0,0,0
271.5165491070229,2,571,23,339.45631511732387,0,0,0,0
602.0589543551715,6,1353,11,896.236357847886,0,0,0,0
213.38235461541726,4,266,2,295.63250568282524,0,0,0,0
401.0243333344969,3,366,17,577.9491395849003,1,0,0,0
248.10013104820422,5,1742,6,171.48845596991467,0,0,0,0
150.76200339946527,4,216,17,96.6635321409254,0,0,0,0
171.96864098445582,1,1474,16,145.5621430871501,0,0,0,0
204.51209274181383,2,1237,20,207.7721647614488,0,0,0,0
130.308633287703,4,822,9,192.690451905628,0,0,0,0
80.24398832643563,4,1752,12,60.565436686419694,0,0,0,0
39.09500582426445,3,200,10,30.783990020250442,0,0,0,0
538.6743798098798,3,773,18,792.9035012028761,0,0,0,0
268.7381117477321,3,1274,22,385.25872536883406,0,0,0,0
253.57889243761215,2,1392,19,336.99542304657587,0,0,0,0
1264.142775053613,6,1163,5,1315.7190714606256,0,1,0,0
1233.7008789586232,4,301,6,943.9647002671778,0,0,0,0
25.869633835901986,2,1456,12,33.47795901134723,0,0,0,0
16.519885981510487,1,420,9,19.704878941091405,0,0,0,0
609.2392975320674,4,1196,8,733.6259627785955,0,0,0,0
61.60572240116667,1,1168,13,63.94811713885424,0,0,0,0
31.6070689179609,1,222,7,19.21683031495531,0,0,0,0
30.649903865435967,6,1222,16,40.53006929524078,0,0,0,0
462.6945841849838,2,280,7,295.9843348431359,1,0,0,0
771.5000137340833,4,739,10,980.869606331266,0,0,0,0
120.84615649220072,3,653,10,124.45048494279935,0,0,0,0
37.484014650343205,2,161,10,26.86789760081102,0,0,0,0
334.691043492316,2,1753,8,471.7021046330462,0,0,0,0
122.90048763915543,3,226,13,82.57383060204864,1,0,0,0
335.77846275419967,3,1506,18,412.80527839210237,0,0,0,0
534.0769064876123,4,1427,21,329.70906923352493,0,0,0,0
169.48790096513733,2,507,8,237.04782401629487,0,0,0,0
514.2407404986012,1,845,10,439.54308390487626,0,0,0,0
481.1484169770488,2,541,8,525.9142254939566,1,0,0,0
138.76127643906523,1,855,10,129.90051464496761,0,0,0,0
63.22822158984898,3,405,11,70.57534913585108,1,0,0,0
365.66900361430044,2,1466,8,302.03373386813,0,0,0,0
20319.953538362228,9,929,2,1091.4178843153923,0,1,1,1
277.1264726870124,3,945,18,180.91609072324948,1,0,0,0
209.00148568834092,2,1621,23,323.34545889087684,0,0,0,0
241.4307337921412,3,965,8,319.7279399037737,0,0,0,0
382.5290499329126,2,1336,18,452.0645904862722,0,0,0,0
218.59161826865088,2,614,12,273.90585901037525,0,0,1,0
3360.435055147154,4,10,4,635.5047605671203,1,1,1,1
88.76252667629224,4,1660,8,75.66095249538323,0,0,0,0
332.1456914183856,3,1211,12,280.06576913453824,0,0,0,0
38.27134741167672,3,518,19,23.989028346329672,0,0,0,0
69.09105881871038,2,597,18,100.78636068949127,0,0,0,0
390.81714762806183,2,583,13,361.8789149572833,0,0,0,0
87.15636036972037,1,1663,8,69.57585330722719,0,0,0,0
141.83975340837,2,1017,10,106.37172474904484,0,0,0,0
37.71590201881887,4,1111,12,43.65790351574389,1,0,1,0
99.58301468650265,2,85,8,107.54810336571492,0,0,0,0
30.082309949654732,1,275,10,26.253008558021552,0,0,0,0
446.91184406882843,6,514,12,340.6862793173846,0,0,0,0
366.0432010753886,2,221,11,421.7824542082245,0,0,0,0
144.5564984262193,1,1508,9,122.05828923085615,0,0,0,0
188.8506327386715,3,1543,3,148.28548686129034,0,0,0,0
123.07041509695871,3,783,12,181.51387001839186,0,0,1,0
480.3303181189492,4,550,8,294.06502696731127,0,0,0,0
204.5486480121811,5,1443,2,145.76500109329785,0,0,1,0
36.51726902452211,3,71,11,37.93990331665055,0,0,0,0
70.73299950450598,1,1165,9,85.81242223677826,0,0,0,0
297.44643172270474,3,136,18,378.81456143121585,0,0,0,0
51.962936811410735,1,1686,13,51.12215457866664,1,0,1,0
161.30940795787834,2,752,14,139.35163102551368,0,0,0,0
64.48710613807705,1,1768,20,46.01191515879603,0,0,0,0
76.51529148987419,4,1782,0,114.47883099494433,0,0,0,0
168.64667071151817,3,580,12,158.80769573458758,0,0,0,0
22461.380509157178,11,29,2,733.8255463043834,0,1,1,1
26.97015702967887,2,611,14,38.85867045277118,0,0,0,0
56.54838277093482,4,857,9,66.06980343617653,0,0,0,0
48.83266745222596,3,1456,8,55.412730624109045,0,0,0,0
102.5008838931478,4,1725,13,68.57333768271215,0,0,0,0
145.47972460875351,2,160,4,163.41799087018717,0,0,0,0
5898.180455202022,5,12,10,612.3428360624217,1,1,1,1
492.0128053772315,2,290,14,634.232347395697,0,0,0,0
44.07181712551815,3,256,12,66.62231512074608,0,0,0,0
278.566642346219,2,1484,13,222.0653996581506,0,0,0,0
2629.8897101072625,12,587,1,543.1823555046276,1,1,1,1
153.19666646352712,1,1662,18,202.9277951771551,0,0,0,0
477.0947483582629,3,119,12,741.7464392904126,0,0,0,0
115.38249747989383,3,1267,2,172.93138608782508,0,0,0,0
637.8703156787833,2,1722,14,478.57109016647473,0,0,0,0
112.20162171165832,1,1099,8,144.91450052069996,0,0,0,0
12.34385804111404,3,712,11,15.949438345785234,0,0,1,0
175.6656411671536,3,1518,7,209.16875984001337,0,0,0,0
181.87443255847083,4,1174,7,182.11620615607245,0,0,0,0
17.783029130904872,1,1231,9,25.016865307990923,0,0,0,0
9235.327812395797,11,881,0,1162.69454574696,3,1,1,1
69.15431164734773,2,95,21,73.03221438109772,0,0,0,0
76.88961982941711,4,1719,17,96.47085004915021,0,0,0,0
343.45890345218066,2,474,21,452.52726520396567,0,0,0,0
18.24535052213826,3,177,8,28.61170240522528,0,0,0,0
173.08859787881235,4,934,11,188.61858393118268,0,0,0,0
27012.598610354715,9,781,2,511.1154028255265,3,0,1,1
149.2664557737031,2,554,16,89.6807680610463,0,0,1,0
29314.78743836496,17,1086,19,289.64929373052905,1,1,1,1
104.12295141317917,1,1336,6,159.53222649802063,0,0,0,0
128.5211554932947,5,1557,6,135.02757396333283,0,0,0,0
170.50578906879346,4,1184,16,267.0929413807649,0,0,0,0
97.25443962623015,2,652,3,143.26571822913024,0,0,0,0
14684.656495949053,10,22,9,954.5849536548739,1,1,1,1
127.97754890507291,3,1619,15,150.26974017723006,0,0,0,0
5072.7573248075005,10,21,16,1178.2983879940355,0,0,1,1
169.24386986695427,1,360,20,135.83193922871462,0,0,0,0
83.08782349915793,3,1682,11,83.62305986043944,0,0,1,0
142.76462495592799,2,1669,17,220.2959567515344,0,0,0,0
53.57072906380131,4,153,14,79.6252967320681,0,0,0,0
288.863949217195,4,1266,12,343.3394081565647,0,0,0,0
1325.4013582733276,2,171,12,855.382990284047,0,0,0,0
32.42491540669352,6,243,9,47.32103198498399,0,0,1,0
536.992275239585,3,1692,16,387.7502649733262,0,0,1,0
157.5964889703836,4,1481,7,173.10147994508404,0,0,1,0
149.022376874902,3,1715,3,174.27700120931928,0,0,0,0
236.20483102223642,1,748,6,231.2135822659533,0,0,0,0
425.06851244674027,5,791,0,592.6960119038459,0,0,0,0
997.7062186322817,3,525,15,1012.4522505260235,0,0,0,0
68.24287237486155,2,717,12,46.913863626388505,0,0,0,0
96.1022881868528,3,1037,19,125.10257785027083,0,0,0,0
360.56722290304236,2,329,12,238.52214874070296,0,0,0,0
588.066692482356,3,1653,23,467.14353643536623,0,0,0,0
913.6917082498107,2,519,10,1117.1938500204753,0,0,0,0
173.93472340919257,2,358,10,265.38044207656145,0,0,0,0
29.529024347157964,3,990,11,39.43952901857701,0,0,0,0
2500.0,14,1,1,964.3997100994949,0,1,1,1
313.4768839752683,3,269,6,471.91060979422133,0,0,0,0
62.807912644781155,2,497,16,49.34732101150248,0,0,0,0
463.68481517322505,3,503,10,685.8215669177005,1,0,0,0
259.80752009763114,3,1752,8,300.78438431413866,0,0,1,0
227.12417412154352,2,1530,18,180.2881545044231,0,0,0,0
433.25040391998647,4,804,0,534.3148373660194,0,0,0,0
691.086036990657,3,970,11,887.4555510665278,0,0,0,0
218.07507647562457,2,1153,18,309.1209400276161,0,0,0,0
707.5409993452407,3,664,15,915.6285308102011,0,1,0,0
94.61684172226347,3,1586,17,101.51388465207287,0,0,0,0
3048.9363481574474,9,249,16,769.5006648590648,3,1,1,1
709.666235965943,4,234,9,471.69201797750793,0,0,0,0
248.30317146587524,4,52,9,222.55970146854438,0,0,0,0
357.7544224320185,2,1054,17,223.99386450029291,0,0,0,0
347.50856208841753,5,1390,10,326.4867004399504,0,0,1,0
870.6781231903885,3,761,20,699.242748260786,1,0,0,0
611.49699493697,5,881,18,906.9967675392105,0,0,0,0
163.84429145388032,2,850,17,180.9075934567501,0,0,0,0
779.3484268342462,2,1226,9,1102.3685281017276,0,0,0,0
49.72605103110822,3,1671,17,70.26228344996355,0,0,0,0
539.2370443363745,1,1371,21,669.2566761618901,1,0,0,0
156.44132166380737,4,1639,13,145.19587499708678,0,0,0,0
25655.749104304097,10,358,3,805.4265123291949,2,1,1,1
319.67798582801566,3,589,13,460.7662466824722,0,0,1,0
40.92595619916554,6,252,18,46.30125422871028,0,0,1,0
335.1495049941324,3,1110,15,518.3806608281337,0,0,1,0
145.14119350834744,2,1624,19,143.4974303463468,0,0,0,0
535.880942060809,4,1303,10,763.3818405611519,1,0,1,0
205.2397258518792,4,1395,18,141.84609568079296,0,0,0,0
6028.9581157810435,9,18,5,573.9686283006455,0,0,1,1
33.37164259785619,2,1168,3,30.409704523892476,0,1,0,0
114.35197035269941,3,1127,13,171.43214169137642,0,0,0,0
455.49740303478484,3,1466,9,585.3865173419936,0,0,0,0
22404.12883033682,9,8,0,195.31367424911247,0,1,1,1
57.34375661576456,2,1687,1,60.863494701604786,0,0,0,0
40.49581803603386,6,1412,9,57.51676619528867,0,1,0,0
29.97817128353079,3,680,15,18.232212239759356,0,0,1,0
560.2435281299166,2,1600,9,451.2080318866538,0,0,0,0
713.0377646394517,2,166,9,808.2066281357291,0,0,1,0
37194.45522279924,10,452,7,148.70760352096772,1,1,1,1
102.98375848623479,3,1659,15,161.18171322819174,0,0,0,0
21648.236071979907,8,18,2,775.8372207766596,0,1,1,1
62.23023279282413,1,47,22,44.65384748850134,0,0,0,0
90.09820996604537,2,565,10,64.3316288276457,0,0,0,0
184.22331259380624,1,183,6,223.9688379529975,0,0,0,0
16938.986633349836,7,1073,2,1171.631601504286,1,0,0,1
183464.32962107658,12,13,2,218.93028455001888,2,1,1,1
504.1232178845165,3,461,13,625.8208306317543,0,0,1,0
187.6781300631761,2,795,12,163.535864532539,0,0,0,0
312.78804208376147,3,1667,14,460.9713309695308,0,0,0,0
34.29999893465249,2,1165,7,42.507366642356686,0,0,0,0
267.3490499599502,3,1018,13,377.29803429653003,0,0,1,0
145.58220092376806,1,1555,15,215.23078685364288,0,0,0,0
189.655335281005,4,1377,15,209.34084106650548,0,0,0,0
470.27436066008147,1,822,9,476.1496857471786,0,0,0,0
126.88734755598911,3,1584,11,81.96878750181152,0,0,0,0
94.99575207816844,4,1555,14,89.74015773795571,0,0,0,0
17728.558507823906,10,236,3,493.18616215875903,2,1,1,1
349.9938543363435,2,1093,9,507.4036524990324,0,0,0,0
7723.947351998512,11,1131,11,409.1860758504378,0,0,1,1
103.49208486601016,3,194,10,79.39064676700087,0,1,0,0
7750.119929679708,7,400,0,211.62794108813057,1,1,1,1
11601.496395350428,8,15,11,537.1715362741887,0,1,1,1
2694.2283391050028,8,573,4,275.0563133315869,1,1,1,1
45.43749033243847,3,1352,8,38.574393464158746,0,0,1,0
243.96568191543497,1,244,15,170.89225743628984,0,0,0,0
762.0108095796481,1,190,11,1148.0016657058613,0,1,0,0
106.91978843148354,2,1561,9,126.45889887692397,0,1,1,0
165.28831986477914,2,1351,11,213.99665659579068,0,1,0,0
309.164102849316,3,191,12,460.4069923271806,0,0,0,0
524.8421362803347,4,830,12,521.8447597743423,0,0,1,0
58.20550715963804,2,1340,14,67.06386210356395,0,0,0,0
12.0961979595074,4,708,11,10.628990029905605,0,0,0,0
20.621458091225175,2,1425,13,31.26270619654042,0,0,1,0
20.296876489235736,2,1776,18,13.125124828625134,0,0,0,0
334.5878376551788,5,869,17,428.2955094831001,0,0,0,0
1038.8245194142382,3,756,10,1254.1743585305753,0,0,0,0
23.537445158653533,3,55,19,25.21290244752275,0,0,0,0
75.72326308244136,5,1255,23,66.37783501653828,0,0,0,0
11.334603645929102,4,311,15,7.062363629652713,0,0,1,0
151.27776800947373,5,1452,6,114.08230545412066,0,0,1,0
19.77978353063373,5,1431,7,14.711283856333244,0,0,0,0
182.89285744352523,2,1598,19,288.98680512348835,0,0,0,0
167.99478817422454,1,284,21,178.49450468784903,0,0,0,0
571.2946326785022,2,1628,9,780.6854298606279,0,1,1,0
138.90648280402192,3,701,13,214.6941866155071,0,0,1,0
409.1625334381831,3,325,17,479.8864867839111,0,0,0,0
445.8129222028078,4,296,16,321.6959950968247,0,0,1,0
281.31487312716393,3,895,9,375.8964351246551,0,0,0,0
236.75216007195172,3,814,20,257.72041116399987,0,0,0,0
553.2881488765414,5,1619,12,559.4001824758157,0,0,1,0
14.657215962493854,3,710,14,8.918570896454726,0,0,0,0
22.561525187687558,2,1533,13,14.011819673390853,0,0,0,0
610.2158167283197,4,1301,10,407.8708716137198,0,0,0,0
722.6287206336418,2,1302,10,483.7393151854008,0,0,0,0
43.96454608314855,1,373,13,55.381040704476256,0,0,0,0
139.04655659471686,1,1527,18,110.22346833749218,0,0,0,0
194.91970969431677,3,899,16,175.69484531848423,0,0,0,0
3797.056671138098,11,23,3,54.70969464055672,1,1,1,1
418.8047498720494,3,1591,17,523.5225210152274,0,0,0,0
200.56356576648312,3,199,11,300.3608105451705,0,0,0,0
59.97375102909143,2,684,20,40.867823117475965,0,0,0,0
300.40341116499707,2,588,17,257.60829831301527,0,0,0,0
340.12675554120665,2,807,10,229.4144065062673,0,0,0,0
345.3742808508646,2,693,10,327.37640350509173,0,0,0,0
78.44813500857973,2,1703,17,89.33587142662067,0,0,0,0
166.27131500584787,1,728,9,253.6847561373444,0,0,1,0
575.9092901378972,2,86,13,857.9877300896956,0,0,0,0
254.2128346850825,4,1639,19,280.814961430224,0,0,0,0
245.8144946803448,5,1531,10,184.57441490977158,0,1,0,0
410.8289590542083,3,479,7,305.15721867301465,0,0,0,0
266.620165167778,2,1549,21,354.6900997811689,0,0,0,0
15.15314953399621,2,59,18,11.1178733469998,0,0,1,0
301.5127676685218,2,104,7,379.7511274178571,0,0,0,0
452.3515412254394,3,1097,1,616.6584061761782,0,0,0,0
44.35453103414578,2,544,13,34.10894559479728,0,0,0,0
55.63845645120409,2,711,15,82.92169822634126,0,0,0,0
66.60994263749802,3,348,8,47.106157109182504,0,0,0,0
228.85153373889045,3,1213,19,341.26137024980875,0,0,0,0
18387.187968383703,12,1002,0,427.9207797687747,0,0,1,1
1425.6343759013614,4,974,17,1089.1668751854775,0,0,0,0
253.70601433840858,5,1391,17,400.7311714996592,0,0,0,0
162.08012849884614,2,1389,15,248.5699826013422,0,0,0,0
938.3439495299602,2,1270,12,1287.3535583076923,0,0,0,0
1912.8340295957041,4,1673,10,2793.6634960734,0,0,0,0
23310.938063619076,11,18,1,1174.172026655024,2,0,1,1
372.62476837803507,4,113,7,461.46805542112963,0,0,0,0
17.061867614680583,3,1594,4,21.287989705683135,0,0,0,0
36.58714037745172,3,1440,19,40.15851421514908,0,0,0,0
106.9132864735032,3,1008,0,145.80506274103058,0,0,0,0
278.63156183297025,2,1730,9,172.25184074781828,0,0,0,0
213.01496455060973,4,1284,9,172.44542924952404,0,0,0,0
773.3607301043144,2,584,12,547.528670339668,0,0,0,0
152.5588427245508,4,1284,20,174.61166310167687,0,0,0,0
681.7412631083033,2,1078,11,929.1710173512793,0,0,0,0
106.4215442023713,6,1421,14,154.14165629728276,0,0,0,0
202.8810553768198,6,663,11,175.4795846773633,0,0,0,0
291.25546310688895,2,1266,14,221.51656788197727,0,0,1,0
45.73961463773611,2,720,14,65.91968304525872,0,0,0,0
63.26351475086883,2,1718,20,62.777445802738484,0,0,0,0
975.5834919940805,2,988,11,1421.7416264529113,0,0,0,0
56.966246511360836,5,1090,15,71.97780575631826,0,0,1,0
417.6690993248095,3,1103,18,468.5703902734684,0,0,0,0
279.14754410039274,6,245,8,226.01074165634898,0,1,0,0
134.40724379386515,6,1664,5,203.19868711994974,0,0,0,0
14.581211168552905,3,1489,7,14.487130638989553,0,1,0,0
313.05582871443454,6,354,15,257.38327393223193,0,0,0,0
253.57729902171795,1,120,14,201.4577617562657,0,0,0,0
281.4525415987578,3,1720,8,211.38526939756377,0,0,0,0
269.56367364136344,4,1165,18,218.4627241578654,0,0,0,0
126.92807849429808,3,921,8,80.109490134613,0,1,1,0
9854.578333505173,10,513,17,144.11327137514962,1,1,1,1
867.7628482293454,4,1606,15,1348.1883980535456,0,0,0,0
389.0678917732963,4,289,2,412.60208156044496,0,0,0,0
104.82277405817729,3,506,16,77.3243108379619,0,0,0,0
282.25832080778366,2,816,12,244.7877039932063,0,0,1,0
158.7536659057144,2,785,14,177.982732692197,0,0,0,0
534.1521375909791,3,717,17,532.9274952076345,0,0,0,0
32117.714598785366,7,618,17,1095.5579161763792,1,1,0,1
367.01655570705213,2,1371,14,524.0152668073375,0,0,0,0
79.50389820894729,6,676,6,85.81966115102084,1,0,0,0
868.6482027960728,2,273,1,954.199649052575,0,0,0,0
12.22569941807131,3,187,20,9.282071768589866,0,0,1,0
400.25019902953295,2,258,4,383.05676534653645,0,0,1,0
115.027979939102,2,1100,15,139.29596923656217,0,0,0,0
153.63388893616263,3,485,11,148.87202554158864,0,0,0,0
275.7997180868051,3,1591,10,339.1818400714147,0,0,0,0
529.814506878133,2,1181,8,833.5251138759903,0,0,1,0
7502.232368725504,6,368,2,883.9787734022626,1,1,1,1
148.08080626380496,6,1135,15,235.57863879942568,0,0,0,0
66.24302295433478,2,706,19,92.23444077686636,0,0,1,0
161.3283074589222,6,758,8,217.6111529613349,0,0,0,0
114.37884773305433,2,509,10,108.05707465176059,0,0,1,0
394.1432838998618,1,1658,12,376.34268107826244,0,0,0,0
426.34151041545823,2,1030,8,630.3997008940763,0,0,0,0
313.3802470377592,2,806,18,462.5937684596082,0,0,0,0
36.73511534798422,2,680,8,35.26449798118978,0,0,0,0
306.71397603300005,4,1031,17,274.8978509859244,0,0,0,0
45.19605048335635,4,673,15,59.9740693949894,0,0,0,0
84.069181752755,3,291,12,122.03304260695384,0,0,0,0
474.7481226690375,3,1143,13,728.0594653192451,0,0,0,0
61.39715357908319,3,381,17,84.20465749322803,0,0,0,0
327.09948920556235,4,60,22,488.77336827721774,0,0,1,0
321.5409725109629,4,172,17,282.40838970979826,0,0,0,0
176.20519620599262,4,1345,18,245.1832690445815,0,0,0,0
63.462317888449476,4,873,9,58.94036406449607,0,0,0,0
371.37594980592894,5,805,13,277.83770484960695,0,0,0,0
328.4807512867798,2,204,13,303.9308943186456,0,0,0,0
99.82483218968186,6,130,7,116.61088360678048,0,0,0,0
266.4499386921363,2,1203,10,241.13557899012147,1,0,1,0
143.32850908441938,1,1539,18,211.8184026346679,0,0,0,0
149.41403561745108,3,1569,10,184.9486601862506,0,0,1,0
52.32713549384392,3,262,16,79.87941830512939,0,0,0,0
358.456910660799,2,1763,11,417.40246202442034,0,0,0,0
3406.345988073674,7,554,4,776.05368956163,2,1,1,1
368.80222778648255,2,1293,14,433.3139395383674,0,0,1,0
136.11675879716685,3,441,5,214.1530270434681,0,0,1,0
626.5018878695894,5,1740,18,616.8796101757237,0,0,1,0
3438.5601446337246,7,571,12,283.1029044242178,2,1,1,1
409.0013408316225,2,385,11,252.78892920790958,0,0,0,0
116.76344037136354,4,831,15,149.87161674718854,0,0,0,0
590.4830310090915,3,1588,8,616.864964730617,0,0,0,0
2500.0,7,616,3,559.9344809075337,1,0,1,1
835.7175265629777,5,1490,20,1258.8731709943852,0,0,0,0
169.1049684977979,3,378,21,214.54182237300628,0,0,1,0
449.9374165614255,1,1671,10,578.6651725773862,0,0,0,0
139.79892995095986,1,462,15,200.62275334751754,0,0,0,0
69.99187546005231,3,1159,9,65.33887887945166,0,0,0,0
67.11958523850006,2,792,8,71.70729184945928,0,0,0,0
34.49366466858396,6,245,17,29.23539982374782,0,0,0,0
417.2631429867808,3,830,16,630.2473797377623,0,0,0,0
63.38774524877377,3,685,10,81.92562678935268,0,0,1,0
1437.1945783768983,1,346,18,1017.9181317217067,0,1,0,0
704.4182673439825,2,458,8,530.0212280689509,0,0,0,0
148.95838712255483,3,1733,13,115.44754748261687,0,0,0,0
66.56226716296804,6,1701,12,85.10201656635444,0,0,1,0
186.0625436889459,2,1677,8,117.4965687123329,0,0,0,0
158.7365870509468,3,907,13,118.45569332481571,0,0,1,0
554.719442312749,3,1585,0,639.1279886746381,0,0,0,0
17977.78774440377,7,1030,2,187.97295276673447,2,0,1,1
76.8012928980222,3,925,4,85.8791040803899,0,0,1,0
113.75034118282153,2,1118,18,122.3132806718091,0,0,0,0
211.28551711234886,5,186,8,128.93928669111608,0,0,1,0
271.5251520084418,5,321,9,322.5839715232184,0,0,0,0
208.84393761253915,4,1637,19,162.03043473212804,0,0,1,0
226.46678679926814,3,1128,11,291.11129296720975,0,0,0,0
120.8770548115363,2,129,6,177.05670648416069,0,0,0,0
105.2950795332106,5,1354,7,67.20926984620564,0,0,0,0
43.40825225722465,2,504,10,60.935629072382405,0,0,0,0
38.072178291153406,3,1412,12,39.12956758467954,0,0,0,0
2500.0,10,9,4,905.0167234247435,0,0,1,1
556.3407132300649,3,919,12,456.86616255218314,0,0,0,0
369.20620946746624,3,308,8,340.98633714339263,0,0,1,0
21.487765545420686,2,596,17,33.46479031186493,0,0,1,0
120.31342068441879,4,1676,1,112.84981130313011,0,0,0,0
1500.2764243594922,2,76,4,1857.4589951696696,0,0,0,0
327.118602961566,3,64,19,466.08497541323743,0,0,0,0
1147.9341563214316,3,773,18,1797.918910851838,0,1,0,0
684.687798299096,4,870,7,532.4585648900595,0,0,1,0
15.110947522467743,2,1199,19,10.297887169774016,0,0,0,0
75.13535924410198,2,590,20,97.30287840374069,0,0,0,0
324.9818182785147,4,1514,22,434.8751971099083,0,0,0,0
79.24544147287762,4,662,17,64.11161043942667,0,0,0,0
336.289686864752,4,1364,8,258.03979666533644,0,0,0,0
225.07163319515016,2,1775,14,152.1775793252892,0,0,0,0
186.841774889658,4,457,8,214.03016777005703,0,0,0,0
451.015997733856,3,1795,10,485.4792158791344,1,0,0,0
39.059363548798125,4,1257,9,47.04320462731062,0,1,0,0
67.82958252927895,3,1030,15,86.00215343530549,0,0,0,0
26310.28250605969,8,6,4,507.61088452684487,1,0,1,1
68.9007095625658,4,685,8,96.96076227275182,0,0,0,0
241.23739882961405,3,1238,13,244.55991995046136,0,0,1,0
469.5382651888937,5,1555,11,670.0410822307566,1,0,0,0
252.33091082998857,2,307,8,367.0816129230029,0,0,0,0
224.308159397979,2,1435,0,228.1656476867829,1,0,1,0
347.5194111322938,3,421,21,378.2647241453023,1,0,0,0
44.53877606352644,4,1677,6,62.49543537871234,0,0,0,0
301.10682242315835,1,528,19,426.13224748703084,0,0,0,0
365.1217539982956,3,1560,19,315.5011841991729,0,0,0,0
1058.747526736288,3,1385,16,1040.8577026480239,0,1,1,0
435.6928629235471,4,594,20,535.6198069616067,0,0,0,0
301.279286453299,5,744,11,481.9349556632572,0,0,0,0
84.78933678579898,4,346,9,90.88864003201513,0,0,0,0
309.46597047819733,2,207,11,447.4363741286016,0,0,0,0
189.9084295355106,2,1430,13,147.4047516428359,0,0,0,0
131.96082784095114,4,1211,6,142.60537903243588,0,0,0,0
761.9107973080276,2,1205,4,607.4905588290061,0,0,0,0
76.30391074146237,1,461,10,72.4955919024111,0,0,0,0
427.1020319022371,1,1031,15,339.17317885540524,0,0,1,0
55.66633059280225,3,1235,9,36.91644787167627,0,0,0,0
30149.972517490296,13,6,1,430.03490236808364,1,1,1,1
57.097982764774294,2,65,12,73.50694001771566,0,0,0,0
2537.0235636588022,9,17,11,805.434639055027,1,0,1,1
105.98119011345828,4,965,6,129.72994760679578,0,0,1,0
191.76093815366536,4,1390,23,257.41983228497816,0,0,0,0
27385.112866802832,7,8,3,771.011769033002,2,0,1,1
23.421055373657126,4,1554,13,34.54920667406751,0,0,0,0
290.4397090402173,2,422,7,214.02892393408965,0,0,0,0
330.26077441122635,3,344,12,525.0746584786098,0,0,0,0
2500.0,7,560,4,94.15041111529776,3,0,1,1
94.98414170822112,4,1139,14,120.88887486985226,0,0,0,0
202.71188657197163,2,1331,9,225.48452227785342,0,0,1,0
75.33916310781404,2,534,10,74.17033499148026,0,0,0,0
21.70530981948871,2,1078,10,21.388774305056064,0,0,1,0
17.217538253525937,4,1487,20,19.102723285634493,0,0,0,0
383.0613442845352,4,1142,17,284.9377740913469,0,0,0,0
609.9191242609284,4,416,11,963.121765842679,0,0,0,0
681.158085896554,5,1290,19,663.4959452433214,0,0,0,0
285.16697227974845,3,1368,15,201.8942977345705,0,0,0,0
102.60407760119634,5,671,2,143.18499577458482,0,0,0,0
9646.43660818097,9,265,2,962.6908469299113,0,0,1,1
202.49324607270927,5,921,11,123.54770446790863,0,0,0,0
315.08569102994954,3,76,15,271.7234716430662,0,0,0,0
93.44054506542598,2,372,9,69.11892051608243,0,0,0,0
112.82297859218261,4,448,9,67.8000830857572,0,0,1,0
12468.008077771108,8,59,3,296.6387175697412,3,1,1,1
27.561912572777075,3,1713,14,33.9401907549885,0,1,0,0
90044.49892764064,13,487,3,859.6759694333166,3,0,1,1
133.42085584426547,3,136,16,96.84002055546375,0,0,0,0
83.67036676340732,3,1372,7,66.75517171947216,0,0,0,0
232.84934391623614,2,158,7,195.0203031673142,0,0,0,0
48.66145938767343,3,1690,11,43.4439312680291,0,0,0,0
17527.06784076589,13,25,9,65.07188220895776,2,1,1,1
13.295236206414806,3,569,14,20.411877362384747,0,0,1,0
258.4419182593829,2,1268,16,230.2682705613629,0,0,0,0
193.99173882457157,2,282,9,190.81853546009282,0,0,0,0
94.89620184454301,1,865,7,96.93133509135494,0,0,0,0
22.086699813107984,3,822,12,18.46935098760891,0,0,0,0
354.6160138759092,3,1213,10,489.6002739831535,0,0,0,0
46.71956062017188,3,1011,10,55.48565359773175,0,0,1,0
89.73155160750876,2,1011,12,118.95370663717597,0,0,0,0
39.75544606047076,4,1351,12,49.15938038898948,0,0,0,0
51.41277049274879,6,57,4,72.440638586708,0,0,0,0
514.9051595551325,5,42,14,534.1429727417224,0,0,0,0
172.77510165844396,3,312,13,236.77340152037442,0,0,0,0
79.37043706963023,3,784,15,96.02339541832018,0,0,0,0
220.92838909653574,5,580,12,308.69077407529613,0,0,0,0
119.03681003043985,5,181,16,119.90632888350828,0,0,0,0
324.5632664705043,4,71,12,401.75389130022063,0,0,1,0
114.80208189429774,3,1439,11,97.3971786439597,0,0,0,0
52.64154232097526,5,1778,11,80.08795442716132,0,0,1,0
143.57732914190544,3,1105,13,206.54175133076512,0,0,0,0
339.61652907832945,2,452,17,271.79156576332514,0,0,0,0
398.89428943283764,1,616,12,380.3616894769277,0,0,0,0
3899.760228493956,7,528,23,1028.8534392359404,2,0,1,1
732.6115622920081,6,1030,7,897.561227155148,0,0,0,0
27.499616411933314,4,1250,11,40.411534409166364,0,0,1,0
208.59859893340644,3,510,8,264.2483505264332,0,0,0,0
38.000047213664054,4,1608,17,36.60461409864434,0,0,0,0
118.1359974516079,1,1258,10,125.14291581438266,0,0,0,0
1084.0938587729263,3,1037,17,752.0147326769516,0,0,1,0
28.46727027986925,3,913,10,41.25524387283093,0,0,0,0
354.9750679468806,6,793,13,317.5937101239446,0,0,1,0
127.91797144670919,5,1272,18,128.25356262396062,0,0,0,0
14.879212917469278,3,114,7,20.025556096507,0,0,0,0
201.361066824696,2,1593,16,230.6960198371484,0,0,1,0
301.15824902028294,3,1798,3,375.11519683555167,0,0,0,0
500.6422423143769,3,324,14,547.1753536123042,0,0,0,0
88.01542745381822,2,1164,9,129.2450985927548,0,0,0,0
24.88129643785606,5,31,2,27.223807772242942,0,0,1,0
257.5485284148087,3,1545,16,261.88184027211383,0,1,0,0
263.6169251781139,5,815,23,252.3984939052913,0,0,0,0
148.56089485185348,4,457,11,226.82929665245067,0,0,0,0
516.5079055483791,1,70,14,502.5715282405462,0,0,0,0
291.1601546087206,2,1028,18,201.86928854952316,0,0,1,0
344.30566464241014,1,1725,18,496.0268983473382,0,0,0,0
46.194538803886374,3,406,9,68.27340298522094,0,0,0,0
12.815622416347429,3,508,0,8.348891365389425,0,0,1,0
263.12670909718065,2,1067,6,185.0360976083378,0,0,0,0
362.8657260357276,1,707,14,318.87198663846425,0,0,0,0
175.34441412795636,3,206,10,153.71362144260866,0,0,0,0
24.89622251562102,2,796,6,24.453768378988734,1,0,0,0
507.1323929145557,5,489,10,387.1033777350595,0,0,0,0
182.35351112190412,1,983,21,279.90745792258707,0,0,0,0
3284.343412855135,13,1184,0,151.78464536257638,0,0,1,1
54.09862265036924,3,1627,3,46.11136927819707,0,0,0,0
19.62921194603656,6,172,10,27.65258951426348,0,0,0,0
99.1321647292042,2,1325,13,85.69760396691623,0,0,0,0
171.94558756251192,2,271,11,255.89214329870344,0,1,0,0
200.38610563236938,2,834,13,137.81376449438343,0,0,0,0
309.510484595273,4,671,3,256.6570968494298,0,0,0,0
343.78032618713314,3,451,9,278.19968545339185,0,0,1,0
714.3303921825602,1,463,6,553.0604699387574,0,0,0,0
72.74824346667626,3,1239,8,115.96004525138375,0,0,0,0
243.5462433309795,5,248,6,268.8122371211735,0,0,1,0
270.6902039881416,2,1244,17,321.59004455560216,0,0,1,0
371.91828219672027,4,741,7,277.43424180702283,0,0,1,0
249.26870929119144,5,478,11,323.6012412081785,0,0,0,0
12.928308087352425,5,436,1,11.65730490466019,0,0,0,0
27.979846112265317,3,1261,15,39.64584521276898,0,0,0,0
18.09380751441298,1,1620,14,20.870693764486365,0,0,0,0
78.83718106854661,1,287,6,77.56134761969527,0,0,0,0
16517.783772246512,6,12,9,1167.5904219824513,1,1,1,1
38.147133541330454,6,1463,18,28.212949561001235,0,0,0,0
329.5948794930707,1,835,18,399.7995630156185,0,0,0,0
571.3139114737112,4,1312,13,509.51785167115,0,0,0,0
67.29116328540177,1,605,16,46.14026586221616,0,0,0,0
178.83652241172342,3,431,19,267.5663977422799,0,0,0,0
151559.66304344364,10,828,0,331.26249872491945,0,0,1,1
142.73994045716273,6,1537,8,150.3072869587536,0,0,0,0
445.93508006993375,2,1557,4,707.9307459983244,0,0,0,0
2500.0,13,18,12,1191.0725266307622,1,1,1,1
574.7754388450779,1,1765,10,888.1755257528856,0,0,0,0
171.92583107319496,4,1758,17,202.7480840404236,0,0,1,0
124.47557808716711,2,1438,11,131.05348610959527,0,0,0,0
91.0534898926161,2,1090,9,139.38951264003109,0,0,0,0
110.75087945477999,6,1462,15,77.57629308591163,0,0,0,0
621.0543360424484,2,1302,8,906.885612499897,1,0,0,0
63583.54925471894,8,709,20,820.3672634052649,3,1,0,1
350.9412336690859,2,609,10,222.15909457387073,0,0,0,0
21950.649886557047,7,1037,8,218.4381690627818,0,1,1,1
64.67626500862379,1,47,7,45.57596721842197,0,0,0,0
248.67561409878192,4,1325,21,338.61323966233095,0,0,0,0
118.65180367671896,3,370,18,132.98062583405186,0,0,1,0
33394.13434820601,9,2,5,1041.0490556235673,1,0,1,1
231.50296734467676,3,982,9,263.93615322453655,0,0,0,0
70.05255227318189,2,545,18,68.25059269960853,0,0,0,0
18703.579113982705,8,22,1,815.3265830327925,3,1,1,1
761.6114697265255,2,649,11,749.198179948136,0,0,0,0
339.5664677459503,1,1696,16,462.9503925500141,0,0,0,0
107.02757127915694,3,437,16,96.75731795928192,0,0,0,0
28.973377364782376,6,1581,14,20.610045417349646,0,0,1,0
727.036471786787,6,1722,6,944.8185596651974,0,0,0,0
252.4990476187087,1,1176,17,331.86966218158136,0,0,1,0
281.5639496412451,3,472,10,210.40308821052858,0,1,1,0
93120.3514138626,10,880,2,1083.0090134409304,1,1,1,1
236.01516296827432,6,41,12,290.14558387058236,0,0,1,0
290.7318744888226,1,722,16,196.74583007156463,0,0,0,0
970.2219055631539,5,1654,19,1010.2875831536373,0,0,0,0
1111.2832908453315,3,1665,9,1591.557719032058,0,0,0,0
114.52814253861906,4,446,6,153.11632921989028,0,0,0,0
140.7943670928167,5,1051,11,103.11758669962421,0,0,0,0
152.72538668988068,3,977,13,178.89528268397822,0,0,0,0
654.7426337861029,2,655,16,729.2328061379342,0,0,1,0
716.1990090396307,2,1631,16,641.0984096992038,0,0,0,0
11.599869111457183,3,254,13,14.258644520361017,0,1,0,0
450.4631403654534,4,1404,12,624.6924120576033,0,0,0,0
153.96616855892105,4,1046,15,235.22043473148054,0,0,0,0
11.049058880579583,3,77,11,14.239609557896854,0,0,0,0
137.99794304789748,2,275,15,179.1981332656316,0,0,0,0
97.76749529662128,3,756,17,122.61721287454102,0,0,0,0
76.50594008009831,1,124,9,118.6573484813219,0,0,0,0
57.041458476375375,1,1217,5,50.968925943945315,0,0,0,0
72.05147361192759,2,477,16,62.38263964501809,0,0,1,0
178.63518392067525,1,1596,12,275.3999590504684,0,0,0,0
134.58356922104326,5,525,14,105.87470688705808,0,0,1,0
135.53887816446624,2,298,14,116.57937912319032,0,0,0,0
297.2682523222915,5,1565,12,345.19179890316644,1,0,0,0
646.8870850071396,4,1120,19,454.73002393616923,0,1,0,0
42.90287807234668,5,449,19,35.27226656629291,0,0,0,0
74.15273457308635,5,1175,18,53.61850234060067,0,0,0,0
980.8651272316489,4,1730,23,1278.1132013813835,0,0,0,0
155.91904329087347,2,1591,21,216.911669290722,0,0,0,0
533.6054631375671,1,1296,14,780.9626694398992,0,0,0,0
225.04231457909668,3,1593,13,226.29445240596255,0,0,0,0
407.49281259410964,5,342,13,598.2446028248645,0,0,0,0
254.50534952304722,4,618,14,212.44770046033955,0,0,1,0
35.69432875062656,2,1279,16,40.606956903541644,0,0,0,0
49.77046982870899,1,1637,8,31.163274843863967,0,0,0,0
128.32383263941966,5,459,17,162.21799681665777,0,0,0,0
112.91642765471417,2,867,22,137.5973843720423,0,0,0,0
142.68945337634443,1,1346,10,187.78808933029046,0,0,1,0
12127.184529008471,7,1,2,88.44745860317079,0,1,1,1
16099.723871025586,7,11,17,729.309839988843,3,0,1,1
969.9949785301516,2,769,18,1480.2793581161982,0,0,0,0
131.0616990373401,4,1505,6,200.50762686890067,0,0,0,0
23.83339420753963,3,571,9,27.887807382738796,0,0,0,0
35.90278642490689,5,57,9,27.941362095750787,0,1,0,0
12546.00899306657,11,25,1,332.7747037402771,3,1,1,1
2500.0,10,28,2,974.6167578121117,0,0,1,1
288.60368070696296,4,155,18,186.30124518932493,0,0,0,0
153.8298907071078,3,1086,6,155.59202502025016,0,0,0,0
4693.046768962618,7,7,14,739.0486434792961,1,1,1,1
466.74258825324245,4,675,15,679.2367234059319,0,0,0,0
194.24639300220443,2,862,10,172.07491003610812,0,0,0,0
63.50767385250989,2,772,20,68.95936329696055,0,0,0,0
133.05263606529473,6,939,5,121.5293290109202,0,0,0,0
321.20561056936083,2,887,14,297.23212746410667,0,0,0,0
119.40308125675287,3,1164,17,163.80487351890608,0,0,0,0
421.7472268160353,2,1266,19,326.9677829298625,0,0,0,0
158.96506739543295,3,1631,7,107.24131331708689,0,0,1,0
58.73339255620567,2,767,16,39.11431277512458,0,0,0,0
294.90625370883834,2,189,14,231.1628683058775,0,1,0,0
602.8586819492481,3,1273,16,745.3637144702423,0,0,1,0
116.43688879759817,3,1580,6,90.7157407823864,0,0,0,0
30.68767183694937,3,451,18,46.80107934213064,0,0,0,0
101.12070316665054,5,758,11,82.01899851224161,0,0,0,0
70.91084048368191,1,956,14,71.40359301956852,0,0,0,0
11.310833958561243,2,75,17,13.870423512269577,0,0,1,0
834.1553194419164,3,495,15,801.2204660910453,0,0,0,0
130.33079575037812,2,345,10,206.22415705001802,0,1,1,0
9078.59714569595,9,13,6,1187.2937030369583,2,1,0,1
88.19172196633667,2,299,17,109.72264960433809,0,0,0,0
601.3467753025186,5,1635,16,938.0932791129048,0,0,0,0
62.350171445360075,2,1203,6,42.442893208833574,0,0,1,0
473.9140115968577,4,119,11,306.44409158794497,0,0,0,0
308.58082626429723,4,882,19,242.98063811223327,0,0,1,0
947.5787508571046,3,203,15,744.2525815327188,0,0,1,0
202.65595242792412,6,509,17,297.5981049551337,0,0,0,0
329.04021074259725,1,869,3,296.9485688322142,0,0,1,0
162.2499500026254,2,800,11,222.7844898077238,0,0,1,0
686.1884893044678,2,956,6,852.986871894218,0,0,0,0
17.400914950563035,1,654,7,24.002433445621477,0,0,0,0
68.90901205571186,2,1582,14,57.71596405278954,0,0,0,0
39.803726772493505,3,433,17,46.22339552055453,0,0,0,0
111.13993321240761,3,231,11,116.62500703472959,0,0,0,0
143.11422455220492,6,414,9,135.35930416316893,0,0,0,0
82.69235069538968,3,969,9,113.92726607813364,0,0,1,0
73.36758406501569,4,754,7,113.48294877261998,0,0,1,0
548.6924155272187,5,1259,15,686.3771400783261,0,0,0,0
22392.585967701314,7,22,9,516.0701790874075,3,0,0,1
33.18740860019933,2,376,17,44.38032823037218,0,0,0,0
121.73856063133323,5,1759,4,133.71909080996343,0,1,0,0
262.6780708095992,1,436,10,399.9302222160645,1,0,1,0
435.1739757548696,4,1635,11,553.5730656707616,0,0,0,0
247.8797207353487,4,191,17,371.8158426269305,0,0,0,0
76.78221931100775,1,1641,23,81.99167741341559,0,0,1,0
52071.15599051338,6,1097,3,777.4930650139336,3,1,1,1
81.3798566209202,2,514,5,120.317613825683,0,0,1,0
1021.1408802991459,3,1083,13,930.709413391115,0,0,1,0
315.2908860361084,4,463,12,477.749526528192,0,0,0,0
2500.0,7,1065,18,354.30983263459746,0,0,1,1
59.612617794001174,3,891,8,37.505668940954365,0,0,0,0
542.5728694978887,3,1202,7,658.0700510589273,0,0,0,0
211.96070297936413,2,113,10,162.00011653594734,0,0,0,0
30.447958215090214,2,1181,2,26.77776223547264,0,0,0,0
47.40355199587406,6,892,12,49.081147106944364,0,0,1,0
194.6633970697539,1,1418,16,308.95919797361665,0,0,0,0
264909.0238096252,16,3,1,1124.0986405656615,2,1,1,1
573.7292245147552,1,1589,18,828.7686228614901,0,0,0,0
223.25026885606226,2,1444,11,270.76139659486137,0,0,0,0
626.6846347050488,4,61,14,871.2993254661803,0,0,0,0
151.2908975742192,4,242,10,234.58806960657344,0,0,1,0
108.80245899946503,2,345,12,74.96737706100105,0,0,1,0
733.9720975884669,4,310,23,716.6321111364988,0,0,0,0
718.1498075355142,2,695,23,1052.653132731299,0,0,0,0
228.58895593324215,2,459,8,196.0705907664267,0,0,0,0
513.2696406065872,5,383,20,566.5966984924482,0,0,0,0
2500.0,13,255,3,1197.2578118367899,1,0,1,1
379.9517702401288,2,211,15,596.3167778118066,0,0,0,0
426.0838582167143,5,1179,10,442.49508665493,0,0,0,0
71.38852373371947,1,1201,18,107.7489755856527,0,0,0,0
560.7286334684452,3,523,11,408.0026030818229,0,0,0,0
226.98014599654965,1,1227,8,247.5107063956128,0,0,0,0
143.66906228221964,2,1179,10,116.73593703218654,0,0,0,0
33.3057669310997,3,1085,17,26.824950277443275,0,0,0,0
151.72959376813725,1,1258,6,201.60447282247924,0,0,1,0
28.620496813916244,2,47,5,27.44889107861966,0,0,0,0
11.872782247930951,2,175,7,7.47339700991782,0,0,0,0
156.7105323069741,2,1035,16,223.61012620948446,0,0,0,0
829.9573047619392,3,40,7,598.8012194113277,0,0,0,0
102.6959574289909,3,925,3,65.02214092349361,0,0,0,0
51.71769711515945,2,704,12,43.294862188053855,0,0,0,0
398.9567039625793,3,145,5,305.8769192717042,0,0,0,0
96.43027943966237,3,700,10,79.25975357343485,0,0,0,0
363.66806749698446,4,427,7,518.7918495717063,0,0,0,0
21102.835076221178,12,26,4,1031.07179343321,0,1,1,1
83.62203613308388,4,848,3,70.84416360655082,0,0,0,0
115.39086207979798,2,186,11,181.3360602172325,0,0,0,0
366.24483640618774,3,838,17,349.48743883571666,0,0,1,0
239.15015743406974,4,464,11,255.66906339327687,0,0,0,0
49.63599155319264,2,132,7,75.49231207629143,0,0,0,0
23049.735973406317,12,16,1,753.4462095925749,0,1,1,1
15402.665292215446,9,469,3,1004.9142529043911,0,1,1,1
152.12365385053587,4,852,9,205.27156687835628,0,0,0,0
10.756360849514609,2,450,13,9.133288859199329,0,0,1,0
28870.67097174919,8,13,16,422.9626545617785,1,1,1,1
392.29891282839986,4,1598,15,460.06893217698314,0,0,0,0
247.06974102569032,4,863,11,156.9951012231183,1,0,0,0
140.25355987058913,3,137,6,192.46252511182425,0,0,0,0
449.59965637227526,3,978,8,319.0439145601126,0,0,0,0
11899.268001753808,12,28,2,972.7770701466266,1,1,1,1
1204.8146975830057,3,1634,0,1136.421031835242,0,0,0,0
108.01401062103652,3,1620,17,75.21769025920332,0,0,0,0
742.9918646338061,1,1663,22,509.66042869976974,0,0,0,0
726.2668510712634,2,219,1,718.6645493812327,0,0,0,0
188.21355722542913,2,1256,6,280.0910607015075,0,0,0,0
499.1680594115496,2,1389,6,300.68157287083113,0,0,0,0
142.37285547964035,2,330,3,103.12377197761447,0,0,0,0
165.75411519447397,3,1618,9,131.23209477813987,0,0,0,0
13001.172686026592,10,10,20,682.8097655094605,2,1,0,1
439.72370283923743,3,1747,6,278.5915732319302,0,0,0,0
330.78936246993635,3,442,9,266.2569949173143,0,0,0,0
76.96117026217672,4,68,8,73.95564039607542,0,0,0,0
62.03405321544711,2,799,9,42.426488105874924,0,0,0,0
117.19730729535557,5,67,22,127.64695842055318,0,0,0,0
24.016312593302423,2,157,6,14.857122248161263,0,0,0,0
125.57184912434168,3,770,13,134.3681803794896,0,0,0,0
217.76724223771396,2,191,12,344.0611423175805,0,0,0,0
142.07049372066814,2,629,16,100.85988544049135,0,0,0,0
331.4590911948609,6,415,23,329.77266387581716,0,0,1,0
53.881504222837066,2,1785,18,53.392342602935656,0,0,0,0
8573.55353032753,9,19,1,116.61757465018124,3,0,1,1
17251.505996490017,7,29,18,1008.2555490821219,1,1,1,1
6399.978395179086,6,23,0,814.3932953287353,0,1,1,1
721.7912029471325,2,1253,14,1011.686452316584,0,0,0,0
57.46421831688016,4,1528,16,83.09519667856596,0,0,0,0
218.53461899913952,4,1277,12,330.47301915033114,0,0,0,0
578.2451393680444,2,404,7,460.8279766593626,0,0,0,0
44.91344508232909,4,1034,8,41.1854435125058,0,0,0,0
53.705598982261144,3,641,10,85.83019864074427,0,0,0,0
1039.3252625280804,2,42,18,655.9676482597567,0,0,0,0
223.29956358828085,6,960,14,266.7684330068958,0,0,0,0
449.05293542990904,4,592,19,583.1555566424114,1,0,0,0
181.1231454107653,2,1740,6,282.2987065599802,0,0,1,0
19439.927249809032,12,974,1,421.91892325264286,1,1,1,1
126.82797634314005,3,1399,9,187.1007631364358,0,0,0,0
70.87987590654899,1,246,12,69.62570108627703,0,1,0,0
17.356364449584074,1,135,0,16.46897752611258,0,0,0,0
62633.59592514638,10,23,4,803.7641410496063,0,1,0,1
241.73651869464638,1,978,15,318.5654016380486,0,0,0,0
15.706787856984388,3,930,20,15.159148789124925,1,0,0,0
7171.014037200691,10,1187,22,402.7891420694293,1,1,1,1
21.890962439102136,1,703,17,25.940126447680957,0,0,0,0
606.2168097378143,4,1721,8,751.6808838087617,0,0,0,0
152.5900152566744,1,852,9,201.9088125708047,0,0,0,0
338.35670228133677,6,206,17,323.7433164110716,0,0,1,0
434.2661876575132,3,1074,15,282.29590844031634,0,0,1,0
452.34697096105907,4,596,10,358.1609717502356,0,0,0,0
197.43706561083988,4,1611,18,243.7333313358595,0,0,0,0
984.7067982707164,3,1224,10,1501.9424211358814,0,1,0,0
13612.790078525399,8,18,10,698.4446216335076,0,1,1,1
256.02218760589096,3,361,17,251.4972448444664,0,0,0,0
514.0795297562487,3,521,5,805.5501217089818,0,0,0,0
213.09007417792265,3,369,17,279.6831700170249,0,0,0,0
644.2168559232283,2,905,11,965.8326507755474,0,0,0,0
287.4949136114658,2,1143,18,255.24467505443053,0,0,0,0
74.9512892293485,5,824,5,106.05312458805624,0,0,0,0
478.2675123610394,2,1048,16,314.7450886981682,0,0,0,0
156.14264223902148,2,945,13,179.69325184513792,0,0,0,0
95.7224835750247,2,1715,19,124.77449697518853,0,0,0,0
39.298211702884146,3,916,16,51.86777279495424,0,0,0,0
405.1673177534176,3,1371,12,273.489562787691,0,1,0,0
5375.795985155285,10,1047,1,692.8254828052002,0,1,1,1
70.25568795630193,3,305,3,47.15494912536885,0,0,0,0
739.5580751835721,3,1640,12,822.6260005160308,0,0,0,0
316.6350357704386,2,1363,5,416.9123553740539,0,0,0,0
50.86302231614999,1,104,7,79.94022423385948,0,0,0,0
521.6185945017007,1,539,19,543.8803824289137,0,0,0,0
75.32866388026957,2,1553,11,56.81735742310503,0,0,0,0
447.07775602473157,5,614,7,385.0287133763007,0,0,0,0
150.2749413692684,2,1180,12,106.35380329258949,0,0,1,0
4950.395527739589,10,14,3,1159.1003809572426,1,0,1,1
285.2153519106352,4,839,14,360.5067604850861,0,0,0,0
106.65939885000098,1,296,23,150.75313177643034,0,0,0,0
220.01718485264456,4,518,10,233.03333040361255,0,1,1,0
170.34543761463613,2,809,19,215.918841618493,0,0,0,0
30.02316429491943,3,359,16,45.883765849583746,0,0,0,0
54.86255559251779,2,154,19,71.49167002237499,0,0,0,0
70.49890331101183,3,1480,15,47.198002300877235,0,0,1,0
237.39853748503143,4,214,12,232.459390842346,0,0,1,0
236.38705011077084,4,161,7,363.72777022569505,0,0,0,0
497.8674935651601,3,1416,13,716.7248823984112,0,1,1,0
56.79584809029201,3,545,7,88.79675291194626,0,0,0,0
112.17130072357394,2,492,16,179.13126245466535,0,0,0,0
171.34010449128715,3,1720,5,122.76508552731896,0,0,0,0
228.6229377726678,6,1608,19,246.15535172599658,0,0,0,0
124.19442160579955,2,1485,8,112.51737697657376,0,0,1,0
428.96250896620626,2,1219,12,566.1638704279135,0,0,0,0
450.6154358509199,3,325,14,695.328454139506,0,0,0,0
33.13766366499385,4,53,15,38.49840039322949,0,0,0,0
12989.514771715481,7,1176,1,704.4697880404991,0,1,1,1
15.199826999784655,3,1205,5,10.15928719150419,0,0,0,0
183.4874484970876,2,274,7,199.9303467409936,0,0,0,0
335.58436240309834,2,348,11,444.98594670945096,0,0,0,0
11.238055743456904,1,1399,20,14.109476792497206,0,0,0,0
279.26095234092264,3,1745,17,281.1228987214386,0,0,1,0
27.886327882343,4,670,12,21.026522305464137,0,0,0,0
218.2684360946573,3,1178,8,317.15555477688315,0,0,0,0
33.8080455034468,3,816,9,40.610887628526335,0,0,1,0
915.4056268479542,3,488,18,836.2609449338834,0,1,0,0
2500.0,7,17,2,990.4368728533825,1,1,1,1
72.362132363294,4,1435,8,108.46951905202638,0,0,0,0
107.27493056172464,3,1150,12,72.38344899122801,0,0,0,0
46240.50897625642,11,10,9,578.0690439592009,1,1,0,1
2500.0,10,29,5,382.4162833231926,3,1,1,1
183.96320619597148,3,58,11,278.26221606249015,0,0,1,0
129.08830021933298,2,1049,9,198.44423980326414,0,0,0,0
92.10306534724899,6,775,9,116.22047097192439,0,0,1,0
349.38447618733045,5,1699,9,360.7957264278597,0,0,0,0
47.70205290294988,3,1716,15,50.602840568763135,0,0,1,0
145.08767048861543,3,1502,17,189.80578119942777,0,0,0,0
129.38495202713443,2,531,7,114.19148802740769,0,0,0,0
168.39100880415594,1,1227,13,219.76648698696562,0,0,0,0
224.91994962766637,4,1068,6,251.03718395993153,0,0,0,0
229.06092650166076,2,244,18,307.40602788269973,0,0,1,0
494.9809995471516,3,346,12,698.7454511862368,0,0,0,0
53.8673748232425,2,1651,8,58.05234227506071,0,0,1,0
38.60686087377663,1,122,13,55.699185739383644,0,0,0,0
664.0075917263704,2,624,6,690.0238929231531,0,0,0,0
434.6833561820956,1,386,10,678.0072152291127,0,0,0,0
14.83262603016026,3,1587,23,16.539670401341933,0,0,0,0
7615.509469558916,5,18,5,177.4591778608508,0,1,1,1
238.45534843364163,3,878,6,276.68281785405026,0,0,0,0
284.54457823207736,4,139,12,205.64872984128735,0,0,0,0
395.6583057158986,2,477,17,470.0776920099283,0,0,0,0
523.0282112192282,2,398,7,677.2489901849717,0,0,0,0
23.276598094368875,4,550,7,22.61545900233669,0,0,0,0
50.142912834104735,6,1311,17,60.495169470976506,0,0,0,0
305.5345138353679,1,800,6,468.62087529839073,1,0,0,0
697.8233677017604,3,1143,8,889.7589023483449,0,0,0,0
203.00595069730204,5,874,12,132.7481980341293,0,0,0,0
6983.552584946699,8,283,12,456.31972238871913,1,0,1,1
94.40766507863063,3,1582,7,63.6052386151237,0,0,0,0
117.80050892744434,3,404,11,117.97744702594322,0,0,0,0
26078.697692513,11,852,8,1098.3526843511247,2,1,1,1
221.48895523213514,1,1112,13,200.38686391247722,0,0,0,0
74.36947782491184,3,766,14,90.70301218287722,0,0,0,0
87.08771011924951,3,300,11,131.1436620974294,0,0,1,0
68.96450748956002,2,204,11,89.79296963987238,0,0,0,0
3167.2243977840208,9,605,2,994.5046943271134,1,1,0,1
439.50150190573385,4,266,12,495.18023303710396,0,0,0,0
123.55129776813207,4,255,7,178.83672671711534,1,0,0,0
69.91502034471448,3,1026,13,70.20191721706625,0,0,0,0
199.46451856389677,3,553,10,311.6875583712456,0,0,1,0
245.64331522566948,1,1551,21,199.09237389564964,0,0,1,0
94.71212318365468,2,1507,14,144.4059821613342,0,0,1,0
73.34193849241076,4,107,9,58.773130568473334,0,0,0,0
113.43360713049147,4,1458,20,155.5952589797158,0,0,1,0
68.009757535047,1,1703,9,53.53497630676735,0,0,0,0
313.0718890561225,3,1368,18,483.72905483732774,0,0,0,0
64.28248454644917,1,1044,18,58.820406407897586,0,0,0,0
16.544665685415065,2,1149,11,16.321348198271064,0,0,0,0
48.52517574028365,1,503,18,54.93592684663887,0,1,1,0
115.33098351206391,4,1404,9,151.68073144159155,0,0,0,0
546.0462010571104,2,1588,18,636.151004177408,0,0,0,0
136.71353785853148,2,1438,16,142.70128160651987,0,0,0,0
1087.5565881277616,5,1744,9,812.8481665341511,0,0,0,0
79.32848382155994,3,640,22,102.38397206516473,0,0,0,0
234.70533567126964,3,544,11,341.2182978156236,0,0,1,0
95.79221421685757,2,137,0,95.07086278672476,0,0,0,0
299.4747501038135,3,841,11,285.66538213466475,0,0,1,0
430.2725949042165,1,407,12,508.41835133717,0,1,0,0
1133.8669567794464,3,1313,11,1018.4171532255772,0,0,0,0
129.56949867934978,1,1544,15,78.20205798101162,0,0,0,0
76.27102094098053,3,292,9,48.70454016224502,0,0,0,0
6449.648605089158,10,17,5,290.36961836076466,1,1,1,1
70.42105792904977,1,40,20,107.33618657618949,0,0,0,0
60.99490801545012,2,1001,8,87.6033942659634,0,0,1,0
230.9807644678434,3,339,6,175.28664789352302,1,0,0,0
48.10824229740703,5,435,13,48.05417363502252,0,0,0,0
167.70183734486335,5,1095,8,170.45973786085057,0,0,0,0
310.6930227195003,4,1173,11,281.1999521709337,0,0,0,0
62.170553485869405,3,1354,23,96.48892524446798,0,0,0,0
333.73422437555854,2,761,8,532.2008629101805,1,0,1,0
124.17816671294996,6,173,12,117.32269269220502,0,0,1,0
669.0692315631624,3,99,9,562.1049681053199,0,0,0,0
200.53757457443953,3,688,12,215.6539775284762,0,0,0,0
14.82529234139646,2,459,20,16.267391368540196,0,0,0,0
28.36177494066605,3,541,12,35.921282647362325,0,0,0,0
133.21491628616727,6,968,15,212.1610072616336,0,0,0,0
223.31441495932194,2,505,19,232.6264643239782,0,1,0,0
8371.105383584696,4,28,2,314.2196586345149,1,0,0,1
580.195642177063,5,800,11,535.9263989424267,0,0,0,0
113.47623838091292,4,1685,15,115.31921749939043,0,0,0,0
5027.758830244962,7,315,11,651.5995751981991,2,1,0,1
91.65530152628531,3,1736,21,55.123449315230395,0,0,1,0
1058.8928910055572,3,707,11,826.3900169352445,0,0,0,0
44118.58408507871,7,75,21,224.24534020699102,1,0,1,1
947.2266888416891,4,1515,16,974.8266235282317,0,0,0,0
158.3445731987729,2,32,20,246.76481354618141,0,0,0,0
226.97776371631767,3,1252,12,319.6844286759696,0,0,0,0
717.4095340157681,3,1070,12,495.40442552872594,0,0,1,0
305.152912985144,3,458,14,409.5951228589745,0,0,0,0
27331.72176026816,8,1113,17,84.36044961552994,2,1,1,1
459.6563617439814,2,726,17,435.2429178242051,1,0,0,0
26.514429083794962,2,1506,13,33.68444313913819,0,1,1,0
18778.21376644088,10,877,11,833.336929563382,2,1,1,1
18130.5560834747,6,29,2,566.3938869270008,1,1,0,1
104.98637215665727,1,229,8,96.86339428952024,0,0,0,0
54.86116413998768,4,993,15,63.39943474945246,0,0,0,0
434.28515877931727,4,1710,6,354.9061115035815,0,0,0,0
7510.310507273728,8,712,3,1082.7836928801435,3,1,1,1
72.15676767925379,4,219,13,69.92392339151567,0,0,0,0
204.8590043164082,1,1553,7,291.57319902157326,0,0,0,0
174.12868025954018,4,1473,9,248.58193282491632,0,0,0,0
707.1070089761456,2,193,13,964.1700749813434,0,0,0,0
978.6597483404929,2,751,17,675.1663062995846,0,0,0,0
26824.665474057034,13,11,22,729.1591254097796,0,0,1,1
96.79030396291415,4,52,17,113.48314434374613,0,1,0,0
49.71862078236816,6,247,7,56.48775598060905,0,0,0,0
19.93983792013649,5,1168,12,23.68914737812924,0,0,0,0
5268.748331636643,13,23,17,1181.793645111369,0,1,1,1
98.1282434831459,1,689,16,67.21383733499646,0,0,1,0
3359.665485139359,9,975,6,938.9857877982354,2,1,1,1
222.608354178214,6,207,9,241.66797980538712,0,0,0,0
135.9396757803242,1,1187,19,141.91209974354666,1,0,0,0
289.3506835757867,1,582,21,413.50483385490963,0,0,0,0
53.17354386531975,5,403,9,37.92564660057479,0,0,0,0
402.12206813489126,3,1213,7,533.1770911370315,0,1,0,0
26.81598271982606,4,1705,20,21.513363853640385,0,0,0,0
563.3385109108267,5,253,11,571.0096803221236,0,0,0,0
671.0813700000239,1,1364,10,574.6821694054894,1,0,0,0
65.64294461722334,3,1772,15,62.2048953690691,1,0,0,0
16375.534505550699,11,6,13,199.98551231017453,3,1,1,1
35.49472456263485,6,948,18,49.98844927483031,0,0,0,0
161.74743182220993,1,984,7,141.50586117951508,0,0,0,0
537.0235320314854,2,109,20,838.0767904646267,0,0,0,0
540.2307041224354,5,414,9,457.99975888954697,0,0,0,0
224.81016721703898,2,152,20,284.05856625454186,0,0,0,0
185.548456612541,2,215,18,296.62596530033176,0,0,0,0
447.26794979034383,2,1624,4,397.2620804942707,0,0,1,0
347.25881691966754,1,1468,7,355.3745916483902,0,0,0,0
2500.0,11,818,2,1063.743889336517,3,1,1,1
144.3400211622541,3,1099,18,223.66371156795992,1,0,0,0
584.5849623876459,3,1718,11,567.1502862570284,0,0,0,0
353.66879858908766,2,1009,15,239.27677432983293,0,0,0,0
175.21503946751824,3,36,10,109.3716622920686,0,0,0,0
67.25271667901127,6,1109,0,104.18904325837725,0,0,0,0
355.1861559418495,3,1443,11,510.85194913069796,0,0,1,0
29.048631959722723,2,1351,8,20.45179983368953,0,0,0,0
340.70258071481953,2,1126,17,532.1649281744379,1,0,0,0
194.47571606234916,3,377,7,308.86863488156354,1,0,0,0
124.99636313979255,3,65,8,155.88908556519573,0,0,0,0
390.1989431634069,3,577,17,464.62410194238885,0,0,0,0
82.07653304830656,2,1629,21,71.33227108779317,0,1,0,0
42.352522264275294,4,1695,18,34.838105736040816,0,0,0,0
9956.448490495863,13,493,16,304.6872943104629,1,1,1,1
212.62457477890516,2,1312,8,322.1422012500016,0,0,1,0
7916.29677304522,10,1181,5,1129.1516063308832,0,1,1,1
22.026166072994304,1,1757,5,16.241469209163473,0,0,0,0
47.91264759512638,3,1380,16,53.03848927043912,0,0,0,0
514.4646880647051,4,1772,17,538.3189325182393,0,0,1,0
120.47742980752497,3,785,11,125.88159920525179,0,1,0,0
239.44441755519802,5,1122,14,370.77753698252405,0,0,0,0
5181.978985451593,8,10,3,792.9835369022366,0,1,1,1
124.24157470232258,2,659,11,90.00217760842861,0,0,0,0
71382.36493432593,13,4,2,132.7493676329413,2,1,1,1
44.12116668232806,1,1276,19,66.73974420617161,0,0,0,0
334.0598168333192,4,218,10,352.58106148178854,0,1,0,0
11971.232446286775,6,7,1,435.6131961454511,0,0,0,1
7380.324387346211,6,855,2,1141.8911239951412,1,1,1,1
191.5456337008584,5,498,15,185.13631041431333,0,0,0,0
1256.3785811261475,3,818,11,1768.8635536607562,0,0,1,0
166.59979386380536,3,306,9,219.45293821653487,0,0,0,0
129.67051411189462,3,669,8,146.7473939966677,0,0,0,0
64.30298297475832,5,583,11,88.25249974718882,0,0,1,0
738.5366994134214,2,96,8,572.7293100719589,0,0,0,0
814.793222366414,2,1378,9,986.250447354942,0,0,1,0
149.5198898730443,3,413,13,206.79861122800767,0,0,0,0
198.8027233285879,2,195,9,184.67293524260478,0,0,0,0
429.3515832148809,2,1156,10,412.1134600964309,0,0,0,0
775.3480598890404,2,300,19,1009.784094887046,0,0,0,0
170.9135424088232,2,678,13,138.71089810589746,0,0,0,0
1014.9664106726713,2,1680,13,1445.768934911927,0,0,0,0
841.604238042179,3,1668,23,577.6213443765196,0,0,0,0
193.9174395130666,2,77,10,277.6578771800384,0,0,0,0
414.670335971551,4,1459,18,583.0904317912606,0,0,0,0
79.7522957525692,3,1647,10,61.8778622828049,0,0,1,0
196.136088635901,3,1410,15,214.18862162101163,1,0,0,0
397.0704482687401,3,509,10,261.30519507465806,0,0,0,0
100.40507963179296,2,1674,13,130.8640446374539,0,0,0,0
145.9439733743735,2,1683,19,105.39855899018998,0,0,0,0
335.8293945204214,6,964,0,290.90713556900937,0,0,0,0
168.4399330443566,1,953,7,240.9731844821345,0,0,0,0
298.1687286781211,4,1544,0,281.89398552113227,0,0,1,0
107.71480399390309,1,735,9,158.9144601729327,0,0,0,0
470.98756897874983,2,596,10,338.463258467673,0,0,0,0
378.80363151087835,6,712,15,406.778481825981,0,0,0,0
117.49780059054723,4,1099,8,146.62952373401572,0,0,1,0
29.286916656642823,3,1674,17,32.05567229090395,0,0,0,0
18300.16795208868,8,1085,2,1039.0167514638747,3,1,1,1
348.3380285609821,4,1669,9,395.6783624816058,0,0,0,0
142.69428587293572,2,1275,9,126.93592237745125,0,0,0,0
381.67198116668146,3,1760,17,328.84274429536896,1,0,0,0
104.73265640101282,2,816,15,137.9635892095778,0,0,0,0
174.4533779389448,4,1513,9,230.8617181518718,0,0,1,0
54.4537280902318,2,1403,12,60.46790463130039,0,0,1,0
215.9718737214572,5,376,16,196.48292975110326,1,0,0,0
25258.08368137548,7,6,1,358.7850423769977,1,1,1,1
141.2546258884735,3,649,11,217.1942319906855,0,0,0,0
892.2692890781042,3,43,14,727.3152891454814,0,1,0,0
244.60745391013936,1,714,9,363.07256841485184,0,0,1,0
470.68235096152694,4,779,18,705.9075243970517,0,0,0,0
56.22421925692792,4,234,3,43.892038463996904,0,0,0,0
95.33663037110742,3,1796,4,129.1633720652317,0,0,0,0
3609.6560137959186,12,1007,1,1009.1300034767008,0,1,1,1
131.25968186382946,2,241,14,137.9271365329092,0,0,0,0
42.24970591602933,3,1123,12,58.65437053318488,0,0,0,0
54.70062634498524,2,1131,12,38.43436533628232,0,0,0,0
164.768629666594,2,1482,11,106.02183925196768,0,0,0,0
319.83248734735264,3,1490,7,293.5684587254043,0,0,0,0
33.283755551574174,2,1108,3,46.757340700419356,0,0,0,0
174.09677268932944,2,1408,14,241.50426062414016,0,0,0,0
476.1464985295744,2,1765,7,744.9042100538368,0,0,0,0
230.83595861589316,6,1310,8,360.5218398216889,0,0,0,0
126.95782500226996,2,917,0,185.62735010645923,0,0,0,0
267.76391957646916,2,639,12,209.27576895952234,0,0,1,0
26.055503118518185,3,1041,7,21.641145668809965,0,0,0,0
2500.0,8,12,3,837.3473984056632,1,1,1,1
442.4046025432519,6,1395,0,580.0264252113667,1,0,0,0
288.1302610503089,3,1176,1,201.89611500627106,0,0,0,0
606.0532391922221,4,357,17,478.65372442572726,0,0,0,0
314.92458688520986,2,925,2,305.9833911320556,0,0,0,0
17.90726227388875,1,306,17,26.378225976336374,0,0,0,0
22.63225283755547,2,1160,9,24.04731602985962,0,0,0,0
341.4086599137165,2,1646,10,422.9783316214383,0,0,1,0
170.97928116719547,2,1254,7,198.70782916626254,0,0,0,0
824.5583355719019,3,762,17,813.3512011194996,0,0,0,0
624.952058224079,2,881,0,739.1934735415209,0,0,0,0
66.19625814644627,5,501,16,72.59367676815702,0,0,0,0
37.15984484313739,2,594,17,38.97099088571063,0,0,0,0
264.1244032237407,2,1355,12,366.57003134048614,0,0,0,0
31.798498424489313,3,1605,17,38.31798895492605,0,0,0,0
124.81542567752533,3,497,18,118.26418023137853,0,0,0,0
56.547118470777065,4,522,12,78.80962467872052,0,0,0,0
72.27701498711446,3,591,19,102.51291613650011,0,0,0,0
135.45659120911873,1,559,10,115.42747189698059,0,0,0,0
100.99671949443103,6,639,9,79.46125111818526,0,0,0,0
706.3873614773435,4,660,16,879.2247922917647,0,0,0,0
120.71825358819005,3,1594,21,99.82704337131595,0,0,0,0
36.111927427773196,1,736,15,34.79602033939956,0,0,0,0
359.30509790651604,3,1425,18,567.6614062505312,0,0,0,0
111.35372479361038,2,1431,4,173.98457662683055,0,0,1,0
24.707436967279584,5,390,17,27.117022354527318,0,0,0,0
6185.299775894155,5,16,5,382.86536528064715,2,0,1,1
430.4621941691789,2,321,13,371.3525146186904,0,0,0,0
66.34743936575552,2,449,14,99.1135520104537,0,0,0,0
8962.347759506089,11,255,21,1083.5246161057496,1,1,1,1
375.3508083372414,1,510,13,425.0461098836963,0,0,1,0
46.0920701352065,2,1675,14,38.350550725192214,0,0,1,0
91.93248827856007,3,1615,10,100.07548808408394,0,0,0,0
306.59194619075447,4,166,20,414.1432144369058,0,0,0,0
269.3126421220424,4,1645,5,425.4781174464874,0,0,1,0
964.1034873256158,3,840,14,1220.6413896582915,0,0,0,0
791.1594162994837,2,1081,9,694.6237416513047,0,0,0,0
791.0034277585593,3,1542,11,845.9417258274734,0,0,0,0
220.63078009528422,1,1451,3,272.1998631235696,0,0,0,0
99.73611858446648,1,609,15,159.11713401487987,0,0,0,0
397.26107739427465,2,857,12,579.8544824661092,0,0,1,0
155.3366623136256,2,1215,12,146.75675528544338,0,0,0,0
315.6213276102778,1,1683,16,213.0866098649028,0,0,0,0
200.33390814368292,5,252,12,238.62035181098832,0,0,0,0
128.9866557075689,3,1569,10,127.26674451549069,0,0,1,0
604.3137730487726,1,721,19,392.32889788085896,0,0,1,0
248.7705191549684,6,261,3,227.56730235061866,0,0,0,0
7420.691655193731,6,1053,2,888.512710906985,0,1,1,1
428.14706752413986,3,655,15,489.62683519715097,0,0,0,0
466.055925728544,3,1385,3,396.48031507355506,0,0,0,0
77.29946746858697,1,1520,18,59.22662439395167,0,0,0,0
348.31454835787065,3,1561,10,512.8692298123337,0,0,0,0
132.93032853464393,3,1194,13,123.88406743156085,0,0,0,0
6606.504734123892,13,619,9,549.4918974939546,3,1,1,1
8614.334905184041,11,18,2,172.5387504848726,0,1,0,1
2500.0,10,6,8,612.1982866055774,1,1,1,1
217.66121666839857,3,258,20,146.58826384604905,0,0,1,0
616.9948840890012,4,923,16,457.1657023797756,0,0,0,0
250.38386930504805,4,1575,19,276.73177561927304,0,0,0,0
355.8898811915064,2,712,12,517.3053100456441,0,0,1,0
489.25604758060933,5,1203,12,768.3926485709909,0,0,0,0
291.4929696925657,1,834,7,206.1103879894516,0,0,0,0
116.01945257785525,5,1628,8,182.23283615323626,0,1,1,0
457.431592174073,4,918,16,348.99800360219825,0,0,0,0
95.800283222616,2,489,8,88.94756861569144,0,0,0,0
368.65925730423885,1,98,15,228.528374446687,0,0,0,0
27.72869339675927,3,488,11,36.96337569631466,0,0,0,0
136.89723382406532,3,1601,8,161.71890439544106,0,1,0,0
37013.26138144957,12,521,3,254.05780505584636,0,0,1,1
214.49707873883392,3,1169,11,270.01691245573596,0,1,0,0
331.33518149734965,2,1768,16,291.75954622123487,0,0,0,0
121.2454023178433,1,1587,11,110.02230640139058,0,0,0,0
188.1962728734707,3,913,13,259.78783459441433,0,0,0,0
461.70699972024244,3,1485,16,594.7779805083255,0,0,0,0
473.4071568987582,2,1409,11,441.68273116001484,0,0,0,0
164.97687658029082,1,1008,8,122.76012006773576,0,0,0,0
10.877704812746085,2,1253,21,15.305791638897933,0,0,0,0
123.30034169347793,1,796,11,192.44985496610454,0,0,0,0
154.73497945715658,2,579,12,129.75927376238698,0,0,0,0
150.6685523038913,2,111,7,190.44344016240845,0,0,1,0
462.9194476666529,4,1063,3,380.7307132536152,0,0,0,0
321.38992315310895,3,87,19,209.69145238190006,0,0,0,0
328.5299036204522,3,1047,10,299.0433462248968,0,0,0,0
61.97828308298337,5,1385,8,88.5300913918001,0,0,0,0
620.5809762175151,5,1588,9,505.06245311380957,0,0,0,0
775.9620772129543,5,708,17,614.3252482462877,0,0,0,0
19.796029185939013,6,1009,18,26.406142505574994,0,0,0,0
463.29188214190896,3,109,20,516.4184362743255,0,0,0,0
421.3581337811498,1,1413,20,274.6868293495332,0,0,0,0
54934.87368757424,6,828,9,1035.8202357791001,1,1,1,1
24.973010795926115,4,113,10,31.37414747428065,0,0,0,0
255.78124869568214,1,491,20,185.88405795887095,0,0,0,0
2500.0,15,20,23,507.10716439466904,2,1,1,1
14.203021260051669,1,680,9,13.449188988741799,0,0,0,0
79.10332703358642,4,1488,17,57.24496515326179,0,0,0,0
18.74843036086977,3,983,8,22.898605576660913,0,0,0,0
51.37762728103043,4,1476,16,41.37032229461325,0,0,1,0
154.83879641181287,2,1023,18,127.44291750255393,0,0,0,0
68.56282250653717,2,784,16,50.90686946500623,0,0,0,0
378.4124897866837,6,1535,14,402.4120289184314,0,0,0,0
308.61769455242967,4,1059,9,318.0132258167689,0,0,0,0
1450.0314099280238,3,1672,10,1089.067440094113,0,0,0,0
8801.51771709058,8,27,1,522.1065408176464,1,0,1,1
63.30333331184937,4,1408,17,66.88884128515723,0,1,0,0
20.130303578395306,4,1051,13,13.73288627065314,0,0,0,0
496.2784161618237,4,1430,12,716.4537914245773,1,0,0,0
236.69816381465023,4,1468,14,367.7383957377903,0,1,0,0
90.36430026505418,2,1530,9,87.45954577667169,0,0,0,0
158.2496478561814,1,825,10,97.09562966004646,0,0,0,0
165.84242424052766,3,1583,8,240.72422074861316,0,0,0,0
168.71403428247356,6,1181,12,260.6391796837527,0,0,1,0
184.25646361537665,2,1666,15,159.35519585477454,0,0,0,0
97.19999381558328,3,529,7,73.52849766530174,0,0,0,0
530.8396014383968,1,1496,10,720.508441611596,0,0,0,0
1294.8741686768262,5,853,19,1839.5433261653945,0,1,1,0
280.6630544353389,2,1072,12,301.8076561748374,0,0,0,0
7713.216802014858,11,3,10,619.1118668050414,0,1,1,1
163.70657960602063,3,1167,18,176.47947087663314,0,0,0,0
176.58008276182983,4,1794,18,220.78491660734304,0,0,0,0
354.6541570512536,4,915,18,377.0959588503127,0,0,0,0
175.35267060325967,1,1550,19,124.26312517915588,0,0,0,0
6270.532286365234,10,1075,14,997.5415299449509,1,1,1,1
84.63777950023801,2,1038,16,130.50955217866604,0,0,0,0
71.09635390622498,3,1338,13,47.35467499544465,0,0,0,0
189.8084965779732,3,662,13,127.69945558022312,0,0,0,0
292.38649261008896,3,319,9,334.7819157497093,0,0,0,0
423.9156896522507,4,797,8,643.7041251558314,0,0,0,0
70.17856107530358,1,731,19,97.50143708639884,0,0,0,0
82.52092481485248,2,1237,12,116.33612268399625,0,0,0,0
462.6434444534949,4,366,7,609.834249304393,0,1,0,0
336.0543449587365,4,648,13,426.56423560401873,0,0,0,0
34.25152144526298,1,564,16,37.84750247559881,0,1,0,0
12270.520206434356,10,1089,23,491.31837450255506,2,1,1,1
241.63078913116823,2,473,6,307.69968105704095,0,0,1,0
327.84745566034667,1,1185,8,446.7119016906563,1,0,0,0
20.15639914089751,1,828,17,17.66799872838421,0,0,0,0
28.603282444068633,1,1275,11,35.75055760875452,0,0,0,0
183.4660395739614,1,1722,18,110.26609126455632,0,0,0,0
172.7572203029419,3,1005,0,204.82466309428418,0,0,0,0
103.82597184976056,3,910,9,113.89375167170931,0,1,0,0
321.2108704338209,3,1583,14,330.3602880552875,0,0,0,0
85.29250353782845,1,988,16,107.22290959342634,0,0,0,0
187.7720687474539,2,1232,10,186.9937168905546,0,0,0,0
129.17081770768107,1,241,10,110.87118548180668,0,0,0,0
195.8136345372852,2,556,10,222.16544733594864,0,0,0,0
213.5692413017785,3,1586,15,338.1311687949099,0,0,0,0
298.57763123592366,6,1555,13,355.48678806594063,0,0,0,0
140.48703206734453,3,364,10,121.11683448341326,0,1,0,0
190.9877089464807,3,1535,15,218.58078948099939,0,0,0,0
19.86327418493368,5,873,14,24.249315269604903,0,0,0,0
210.92920641538993,4,1105,9,305.52158163784804,1,0,0,0
17276.797060041405,14,6,6,322.8507167663856,1,1,1,1
56.509663624599035,4,1034,7,80.00669560917115,0,0,0,0
111.03755217262444,2,938,20,105.30328059314719,0,0,0,0
704.4594465956012,1,448,8,723.9407291494747,0,0,0,0
423.9014074390997,1,417,14,655.0737258182061,0,0,0,0
402.02385645798233,3,1495,14,437.07116847248534,0,0,0,0
12.89823835318331,6,1140,6,16.041336711248853,0,0,0,0
56.90970717245503,3,68,19,44.16311093394348,0,0,0,0
16231.94614813184,8,444,1,502.9726582452527,2,0,1,1
57.66066357010404,3,1153,11,57.44269683591765,0,0,0,0
364.19851897326856,4,1757,14,403.2507666321658,0,0,0,0
194.2536805142386,1,517,10,187.70723188556065,0,0,0,0
418.56944179410965,5,589,17,604.1578601062939,0,0,0,0
738.9735154480721,2,557,21,601.055972709389,0,0,1,0
403.4011722279962,3,1258,17,420.6210770165803,0,0,1,0
234.23858543815578,1,110,10,188.09766072564926,0,0,0,0
206.4548919625088,2,750,10,284.1718918840693,0,0,0,0
288.15581403954064,3,587,18,446.21779760966655,0,0,0,0
79.24413809893096,3,1019,12,56.94295643557578,0,0,1,0
17.82742285353579,2,154,9,14.194544840504758,0,0,0,0
227.25950027895644,4,250,8,320.00760540922914,0,0,0,0
390.0028969305533,1,892,8,582.4831754147838,0,0,0,0
601.4964115077917,4,257,17,589.2486879000531,0,1,1,0
115.12266551964838,3,1227,19,111.0866106517496,0,0,0,0
232.79857120882397,2,504,12,370.6404847139263,0,0,0,0
240.89733263155972,2,1656,17,385.18250509525734,0,0,0,0
318.9853190167799,3,1060,6,388.46081211731905,0,1,0,0
186.55871345591757,3,1169,18,146.0424765718502,0,0,0,0
91.38156241082376,2,1299,10,132.35373263482697,0,0,0,0
315.72079100594016,4,1178,20,450.6319304366612,0,0,0,0
352.85625922294616,2,1260,8,242.0871452140966,0,0,0,0
451.097829991522,4,708,10,705.5390678493236,0,0,0,0
397.9807515298287,3,678,22,602.6872196811587,0,0,0,0
132.6847175087874,1,652,7,127.96294534953795,0,0,1,0
214.47495993206167,1,31,18,131.3649271829144,0,1,0,0
199.8155056040355,4,1179,14,233.44050432488694,0,0,1,0
28.00292326627764,2,1603,17,24.565260547719117,0,0,0,0
32.16346694445167,6,479,9,48.326616895161045,0,0,0,0
327.16253139174955,6,883,20,319.7790483552145,0,0,0,0
356.1006467213311,2,1331,8,273.7436703542644,0,0,0,0
135.2533340713269,6,329,7,108.27245515105082,0,0,0,0
115.43354028686504,4,588,5,95.02347990270792,0,1,0,0
9687.45781276433,8,1195,4,1111.2001364468936,0,1,1,1
36.32120659014159,3,782,8,28.723587364695955,0,0,0,0
140.55983298775587,4,1755,11,94.31510826466075,0,0,1,0
146.06428567338753,4,52,14,106.7664253222868,0,0,0,0
290.36184652489277,4,1383,19,308.91299191904335,0,0,0,0
211.02022576872562,1,1602,10,139.170321293088,1,0,0,0
142.73926666851807,1,859,10,140.07620832553957,0,0,0,0
284.60343637974074,1,1327,17,229.73102128924046,0,0,0,0
12134.783258481524,13,23,1,927.9168821631969,1,1,1,1
90.46150490425273,3,898,8,90.76153991694828,0,0,1,0
233.1594838945808,3,471,14,338.7981580916737,0,0,0,0
236.0483469908792,2,1517,15,193.07534716671984,0,0,1,0
281.05502751475996,3,1639,9,204.76685142162242,0,0,0,0
1313.6897507958809,3,190,10,1010.4420025245153,0,0,0,0
24.07513196282742,2,989,21,29.173899744338296,0,0,0,0
40.52298182570432,2,1408,17,26.341303281847132,0,0,0,0
422.87142751887006,6,636,11,482.26788194744665,0,0,0,0
25.488311355796906,5,207,22,32.74068855310524,0,0,0,0
97.92240889608225,4,1261,10,98.642761952084,0,0,0,0
358.7378233736436,1,500,10,248.02267479393566,0,0,0,0
305.93092075624605,2,1354,10,213.14053089149866,0,1,0,0
1940.882380515615,3,832,13,1649.190376330784,0,0,0,0
41.43752995727691,1,67,9,56.4568760517785,0,1,1,0
79.95975162935828,1,775,15,73.03621882148818,0,0,0,0
300.1314539091741,5,194,10,199.59243261252763,0,0,0,0
162.34714812505587,2,1543,10,132.82450568499073,0,0,0,0
61362.1938433845,7,13,0,173.48778377610324,2,0,1,1
379.86601183660173,2,1247,15,562.1842599372966,1,0,0,0
618.6389848808998,4,514,15,401.6045549968899,0,0,1,0
718.0669011203382,5,1295,10,713.8820630786392,0,0,0,0
50.99671593035907,3,1687,17,49.31193902798615,0,0,0,0
21.627865435870245,2,257,13,21.793271883995683,0,0,0,0
38.742580671163935,4,949,19,48.489142607708985,0,0,1,0
28.864767623990584,3,866,7,24.76495527424369,0,0,0,0
116.04579844831585,3,1607,19,122.64151280543388,0,0,0,0
43.93662036632369,3,1104,6,40.302260388139004,0,0,0,0
157.52575580374744,3,1334,21,105.1198417802045,0,0,0,0
904.746247001032,2,1702,11,958.1454579906106,0,0,0,0
17731.131709156787,6,941,16,299.6542455176674,0,1,0,1
249.4738870377492,3,627,20,188.98625695253483,0,0,0,0
453.2877479933311,4,441,0,483.3525375683323,0,0,0,0
88.50310681476032,3,1564,18,58.60792555958161,0,0,0,0
237.5951783692935,3,1582,10,360.91881989360024,0,0,1,0
20.33256850359457,2,893,19,23.46263869771314,0,0,0,0
2500.0,7,19,2,670.5827541226123,2,1,1,1
105.40853975214762,2,398,12,99.75114134346542,0,0,0,0
161.26522718280677,4,755,17,140.8824838391744,0,0,0,0
225.21385630720278,4,706,14,294.3143471295128,0,0,0,0
3097.618141812274,10,17,1,1086.2407215647913,2,0,1,1
330.0973428112274,4,307,19,376.5486726538266,0,0,0,0
279.0822620714139,2,937,14,406.6634561647023,0,0,0,0
56.4936269221471,5,882,20,81.93087949827147,0,0,0,0
10.321312777069007,1,716,7,16.004500470683176,1,0,0,0
212.46665881346254,2,1047,10,283.10140785582615,0,0,0,0
667.664888714354,4,130,9,457.1846830022939,0,0,0,0
59.41647341164343,3,793,21,64.41474748743569,0,0,0,0
61.88274853881729,5,601,16,47.79738160546256,0,0,0,0
7943.591335139777,12,22,4,164.35484853591112,1,0,1,1
134.28318501093588,1,809,11,149.36456057767177,0,0,0,0
354.19432823423483,2,1067,8,552.6666311565604,0,0,1,0
158.62467811095465,4,1176,16,96.39262272903972,0,0,0,0
302.7707564163877,2,744,6,285.3614387048948,0,0,0,0
404.7707210741653,2,62,19,419.27547863689745,0,0,0,0
94.51469961279177,3,1016,16,81.55302444006679,0,0,0,0
56079.26843480062,9,14,2,829.554209722451,0,1,1,1
7484.207709983287,13,24,8,381.5299294106774,0,0,0,1
54.02260291046105,3,1754,8,35.455970629798124,0,0,1,0
69.44880954689083,3,1207,7,72.02107818211412,0,0,0,0
613.6936275216947,3,573,19,764.1735685705112,1,1,0,0
225.1649821911423,4,1486,10,297.2604966130432,0,0,0,0
82.2545355696932,5,1594,23,97.34393516786429,0,0,0,0
32127.534401884357,16,13,18,674.7196612348487,1,1,1,1
395.80670478872815,1,1076,13,471.8149485856518,0,0,0,0
120.17130556630696,1,1096,11,123.9596289325482,0,1,0,0
217.0279535986326,3,1066,2,261.77862945063134,0,0,0,0
4085.018190616278,8,1,0,516.90195676913,3,0,1,1
100.37316197726052,5,1663,9,100.74734979913879,0,0,0,0
423.685372934227,1,1502,21,642.6999600010633,0,0,0,0
22837.714686384847,9,1004,4,236.4107292156491,0,1,1,1
4571.171126997611,11,669,5,931.3166708272146,1,1,0,1
873.8009343244241,5,467,21,1079.1303372799678,0,0,0,0
427.5223834609692,2,67,7,626.1823325459907,0,0,0,0
211.82642347835275,3,109,4,314.76285268078044,0,0,0,0
226.0345024521619,3,1572,12,285.32152147929094,1,0,0,0
442.08676894396837,5,633,6,691.5668585897893,0,0,0,0
2500.0,13,10,6,418.0961077318676,1,1,1,1
82.69596760219197,1,1273,11,92.4186102566582,1,0,1,0
28.286703290328354,5,1784,14,44.16498878592326,0,0,0,0
185.88308580366984,2,604,21,174.06157765339802,0,0,1,0
355.493567022048,6,489,15,376.5466104247512,0,0,0,0
4232.695083408676,7,830,4,905.8962448316757,0,1,1,1
333.2631684838931,3,1778,15,455.4889493189266,0,0,0,0
255.12339374414154,3,1628,14,306.93188360148355,0,0,0,0
124.06930455521176,2,1326,15,198.081637802666,0,0,0,0
198.05760749222404,2,578,18,261.36180972650834,0,0,1,0
55.827838348490424,4,794,11,59.50648110070396,0,0,0,0
139.19851338593855,2,142,17,160.59797308114645,0,0,0,0
128.22981134082931,4,1299,16,119.20260477217074,0,0,0,0
131.72455958959648,6,373,17,152.52123291646365,0,0,0,0
431.61364233698083,5,1386,20,271.6384480407834,0,0,0,0
25598.969213646113,8,606,4,745.7773289121758,1,1,1,1
314.43711425000055,3,771,16,340.3830350317841,0,0,0,0
415.8980721948838,1,747,15,528.979818958233,0,0,1,0
745.7059342493028,2,640,14,792.8741840413005,0,0,0,0
326.673129551975,2,643,13,233.45352070509435,0,0,0,0
388.4889850158083,3,613,18,569.0943960293799,0,1,0,0
511.81749977699866,3,1683,21,464.0134997184652,0,0,0,0
166.98491900112688,6,1613,16,104.16175881103052,0,0,1,0
88.00980768267837,3,734,18,75.12476554316711,1,0,0,0
256.2712480213255,3,1091,13,383.7472920934253,0,0,1,0
56.0161981159997,3,1157,10,41.5399387050321,0,0,0,0
214.03990901597868,2,732,13,199.1535667496308,0,0,0,0
312.9980035533694,3,1370,23,221.95511084923365,0,0,0,0
54.09318750310138,3,1216,8,59.23512559330077,0,0,1,0
82.61143424763542,3,301,16,114.95220098111503,0,1,0,0
61.45131789467389,5,1663,20,71.94941075080513,0,0,0,0
8489.253486899324,8,341,3,1184.4308060442027,0,0,0,1
116.8595702268456,4,491,8,102.66175277058456,0,0,0,0
192.1733879754444,1,153,16,150.23893582528692,0,0,0,0
27.113929525570043,2,1323,16,26.4065872752952,0,0,0,0
451.3524710305394,3,1162,8,478.89891448694647,0,0,0,0
6925.146433425792,4,750,0,474.35261250921553,1,0,1,1
253.3256948096725,2,1081,11,155.605166505293,0,0,1,0
384.92001168651166,2,929,14,449.18174181612267,0,0,0,0
958.0778264195174,3,661,19,1015.0957943403753,0,0,1,0
10818.16024658191,7,1179,4,720.6674792792627,2,1,0,1
105.08658830952936,5,1283,9,68.49639180643346,0,0,0,0
209.46989291749912,1,1197,17,174.5517396057834,0,0,0,0
61.63002765136566,2,1249,18,96.79428649253353,0,0,0,0
411.9746020233053,3,359,10,465.03557869109744,0,0,1,0
208.3037563096799,2,1770,10,284.74103019258524,0,0,0,0
2500.0,7,11,4,326.80185922462545,0,1,1,1
236.67338907956704,2,425,7,215.97725181392858,0,0,0,0
100.87487055294577,2,845,8,129.22966936645184,0,0,0,0
306.03609694619274,2,1771,4,423.42416796545336,0,0,0,0
515.0190429024253,4,182,16,449.16427841626125,0,0,0,0
10042.079951928436,9,5,11,376.3721805077178,0,1,1,1
1369.1178094158606,3,1206,17,1089.8370726920784,0,0,0,0
61.546037266078194,1,1251,7,66.63176990350534,0,0,0,0
1477.9633649902332,3,1509,0,1322.3280040193636,0,0,0,0
94.69250022489578,1,881,8,89.228131720152,0,0,0,0
38.85271003354915,2,938,8,33.32287518732988,0,0,0,0
114.21110423346732,2,971,17,96.57261828178919,0,0,0,0
20687.339269514643,10,1,2,219.12781561323817,1,1,1,1
169.46416101131794,3,1253,13,251.80339019282349,0,0,0,0
134.2892214151703,1,614,8,181.58182893220211,0,0,0,0
2500.0,6,823,7,724.6277679487225,0,0,1,1
582.2665424579034,4,276,9,478.0851035214853,0,0,0,0
240.38979025635007,1,1711,8,168.67870332563072,0,0,0,0
389.60790316042295,1,1539,17,427.1481655521613,0,0,1,0
248.63640711987014,4,1716,19,155.55903783750793,0,0,0,0
287.90516507682577,6,320,13,277.78778597282354,0,0,1,0
243.30594883329175,3,368,19,175.55681792133623,0,0,0,0
247.12881789395698,3,784,14,288.3991414696928,0,0,1,0
18287.245941166246,11,16,23,1153.142911965758,3,1,1,1
6368.160975474181,10,554,10,737.6282632347404,0,1,1,1
222.05802401894388,2,176,8,318.35180164852335,0,0,0,0
150.3792541046476,2,356,15,122.7907287192317,1,0,0,0
295.7763082527007,4,1328,7,259.01218788840004,0,0,0,0
403.4671586139811,4,141,15,466.14521485174737,0,0,1,0
288.15512155265634,2,1098,6,396.2842399882808,0,0,0,0
207.99081480153794,3,1356,10,302.22702872331155,0,0,0,0
649.8379668814268,1,1231,20,834.7056722082942,0,0,1,0
486.18166311951995,6,1586,11,774.9210038223601,0,0,0,0
9849.853670941471,10,15,4,725.6518060455522,2,1,1,1
409.76567986276655,2,1229,21,541.126907426053,0,0,0,0
363.5982080219196,1,645,17,250.96662969927442,0,0,0,0
134502.8640825344,7,11,23,440.79621989636655,2,0,1,1
22.721863487674696,4,1098,7,14.845612791807673,0,0,0,0
370.60724159697605,2,1586,18,476.03325131722454,0,0,0,0
72.0778393384119,4,461,18,63.68534759587187,0,0,0,0
136.53701446246257,5,146,8,116.80111459511936,0,0,1,0
57157.8342793636,10,473,23,347.7437013631356,1,0,1,1
144.2252461475932,4,820,18,126.43585488461602,0,0,1,0
4359.235108544288,9,440,21,701.2458438623419,0,0,1,1
179.37587442693507,3,419,6,186.37704350865002,0,0,0,0
12.164090252763485,3,1368,10,9.778139325156399,0,0,0,0
159.07236912103835,2,137,22,147.5783674596558,1,0,0,0
148.2568391803524,4,1076,16,126.928303552746,0,0,0,0
96.28089995693436,4,929,15,60.47827489687926,0,0,0,0
110.83170580397194,4,1599,21,72.02913663823385,0,0,0,0
318.8837808392069,3,730,16,226.4065552344642,0,0,0,0
207.91916678020772,2,1126,17,309.84175531397165,0,0,0,0
196.18426224063683,1,252,6,218.53622546993356,0,0,0,0
752.5401008775563,2,1030,17,715.4022903058753,0,0,0,0
428.75163215206965,6,1520,17,570.7403447970661,0,0,1,0
60.777912049530194,4,937,16,85.48905917575935,0,0,0,0
44623.97790431266,9,23,2,586.746232846767,2,1,0,1
40.27377485192163,3,255,13,53.572121050727134,1,0,0,0
871.0719156819465,2,1238,16,542.6835406945663,0,0,0,0
2500.0,11,416,16,939.3892760505147,2,1,1,1
362.3209277472875,1,131,16,226.54819719268568,0,0,0,0
29.33595157374078,1,1473,10,28.401868508372264,0,1,0,0
33.1638647382789,6,36,6,44.600558449066014,0,0,1,0
15.67029332063698,4,1689,11,12.452037629599685,0,0,0,0
163.74285622113854,2,962,15,216.097739479841,0,0,0,0
186.2836396024544,3,1127,16,255.6440075510198,0,0,1,0
23.14571464382894,1,228,23,31.959116782553654,0,0,0,0
23.26284701064041,5,953,9,18.427826293999868,0,0,0,0
263.6818756105689,4,456,19,400.6252635948416,0,0,0,0
50.44792679889774,1,169,17,35.1285165888421,0,0,0,0
60.06974613048194,2,1106,12,93.53930623829781,0,0,0,0
23.567758359621706,5,992,10,14.21354874431999,0,0,0,0
49.347334946414115,1,1363,11,70.94316378294288,0,0,1,0
280.68826381738864,6,389,9,435.1807817044305,0,0,0,0
167.7119141364519,3,266,7,182.04095766268046,1,0,1,0
520.2580939433824,4,824,17,359.9718573845286,0,0,0,0
67.11507328276568,3,1764,21,79.08662704104783,0,0,0,0
28.38908262514351,4,222,9,29.306408596334695,0,0,0,0
124.60119246198992,4,1749,11,132.19852364160553,0,0,0,0
68.39804654648992,3,1349,11,72.51544629386521,0,0,0,0
497.78703503338124,1,1191,15,785.1161098311342,0,0,0,0
55.631864823855366,4,583,16,74.96281200961323,0,0,0,0
398.3203358534253,4,1411,8,522.7677921212654,0,0,1,0
299.6631586004818,5,1776,12,271.8497161599266,0,0,1,0
66.26396277559647,5,461,17,91.39226626389015,1,0,0,0
9701.32783327636,10,832,13,622.5588172531171,1,0,1,1
10882.234568388814,10,31,13,689.09901461285,1,1,1,1
6145.234083754038,7,995,5,731.1354080824801,1,1,1,1
16.25184806413918,6,1408,16,23.983742520777156,0,0,1,0
509.9892955091856,4,1049,5,349.984599618784,1,0,0,0
50.752377483619924,3,454,20,62.62043962585149,0,0,1,0
464.7950731430562,2,1753,12,294.95229544454196,0,0,0,0
229.76548307191706,3,1144,7,366.32534148648864,0,0,0,0
78.18676720764658,2,730,7,100.85180122426542,0,0,0,0
405.1331339803102,2,774,10,366.87836739165505,0,0,0,0
24.039514735190977,4,510,11,20.149490740929846,0,0,0,0
94.87703624996122,3,862,10,128.58854012995266,0,0,0,0
129.25327384543306,4,880,11,95.35990727909085,0,0,1,0
134.84687426000596,4,1135,16,146.59508896973148,0,0,0,0
145.64744742430867,5,1487,8,229.03649038852114,0,0,0,0
222.24382867389855,1,241,14,285.43397176260294,0,0,0,0
644.7968467448023,2,79,18,402.11336021512835,0,0,0,0
218.59882398260763,2,742,13,306.99311943298403,0,0,0,0
688.0724608059443,3,1346,23,921.7751457579697,0,0,0,0
11381.874847632344,10,14,5,834.2238588885305,0,0,1,1
8954.437192887664,7,137,3,304.65471620140505,2,0,1,1
440.26855393618433,2,1115,1,385.73827797676324,0,0,0,0
209.36569163953072,1,1581,13,201.8654611261597,0,0,1,0
3954.3642473951504,10,8,4,997.5642253330037,2,1,1,1
346.20933918450123,2,1398,5,474.65232011747327,0,1,0,0
187.5024125171015,2,485,16,248.28334915726413,0,0,0,0
512.59809501173,2,1577,14,490.75239105166753,0,0,0,0
317.3421572383979,5,826,8,396.97927950820673,0,0,1,0
177.94258451275283,3,221,8,239.62016137917956,0,0,0,0
270.09015165419044,1,498,12,182.8979799858491,0,0,0,0
594.314207355416,1,658,7,560.4328469328385,0,0,0,0
67.94262523583933,5,715,12,75.88368367932001,0,0,0,0
288.73077440223744,3,1391,17,284.8392545797102,0,0,0,0
156.06929872618417,2,1144,18,248.0119053826765,0,0,0,0
15706.57491229124,9,20,5,1139.9852814536412,0,0,1,1
550.5465923625613,3,986,13,625.874161721034,0,0,0,0
946.7672486178993,2,75,7,876.740249967066,0,0,0,0
50686.54379406328,7,10,10,550.4139699791192,2,1,1,1
348.59848532015604,2,809,1,463.656765250403,0,0,0,0
5245.521278570493,6,24,0,1167.365856466436,1,1,1,1
258.1570725952969,4,1177,11,228.04432915753296,0,0,0,0
11.434339688353514,2,125,16,7.567340326354095,0,0,0,0
21.224398592773255,1,536,9,28.51036291065834,0,0,0,0
241.265456452524,1,558,14,301.4578286501668,0,0,1,0
128.8306805088908,3,147,10,130.1939762634996,0,0,0,0
2500.0,9,882,2,116.99284886903541,2,0,1,1
191.997235651311,5,1369,12,251.79690995107975,0,0,0,0
15.043771970150239,2,1063,13,17.76912127747949,0,0,1,0
126063.15719722623,12,2,21,1045.7013509322953,1,1,0,1
98.4054019544242,1,299,7,79.7090011468179,0,0,0,0
74.51407185606195,2,1371,13,91.15786502042268,0,0,0,0
143.07970593669853,4,662,5,199.43519173570297,0,0,0,0
90.10664811250653,1,300,12,91.709733996086,0,0,0,0
86877.26672338224,10,592,17,596.91474676867,2,1,1,1
49.58376370742188,1,1471,9,47.31537796041949,0,0,0,0
102.68063894780047,3,1288,8,162.7086476990492,0,0,0,0
20.233935510982167,4,1787,6,27.50372207860495,0,0,0,0
147.42124447992947,2,681,21,134.74220119160873,0,0,0,0
126.3016920659944,4,1791,17,181.1295457767734,0,1,1,0
219.0265810056002,3,1633,12,163.2924114589338,0,0,0,0
141.155853658449,5,438,10,184.75873595259964,0,0,0,0
458.9279605421388,1,1513,0,684.6463138571639,0,0,0,0
2500.0,6,29,7,953.2463524588762,1,1,1,1
691.1708373588128,2,147,17,455.0321444211186,0,0,1,0
270.2840663900892,4,881,8,284.80990974852256,0,0,1,0
176.1721012588932,3,427,19,259.16622593718745,0,0,0,0
434.37675380146624,2,1399,9,582.3691357604573,1,0,0,0
12163.987000954483,6,573,12,652.9494054497936,2,1,1,1
259.18667670037286,3,180,17,303.25678354351834,0,0,0,0
2861.9333870330483,8,683,13,721.5879212793568,3,0,1,1
349.31595341225835,4,1774,6,480.4373527455188,0,1,1,0
218.55188541256544,1,1348,8,181.15832990973283,0,0,0,0
184.47552681795415,4,413,17,164.97796710012648,0,0,0,0
61.22473629267476,1,431,11,56.0185388074657,0,0,0,0
261.3149889854484,6,1641,8,158.55544125000645,0,0,0,0
16902.40153677981,11,16,1,545.3930779794995,0,0,1,1
304.92246909508845,6,1653,16,451.75055128607187,0,1,0,0
527.142854302922,1,743,9,706.3922507767645,0,0,0,0
308.85261422322134,5,343,11,405.25456502246226,0,0,1,0
1160.300327848831,3,554,6,1105.8616249422064,0,0,0,0
374.0171320966293,4,1481,9,487.3461447719912,0,0,0,0
21.03336152939652,5,204,11,26.41098624279696,0,0,1,0
118.64963952254107,2,1746,19,130.4247522797913,0,0,0,0
823.7396227141681,1,1420,10,690.4865346637687,0,0,0,0
102.77824819239729,2,1793,8,161.81573252491063,0,0,0,0
103.27573149227796,6,559,15,119.54817263888688,0,0,0,0
74.05521774319715,3,425,13,95.0351545815028,0,0,0,0
140.5829363146299,2,1469,8,85.06226062818982,0,0,0,0
336.3916443388208,1,523,8,452.1732534543066,0,0,0,0
414.07980291942204,6,487,21,484.482218035088,0,0,0,0
363.7229645304369,2,1177,6,486.36597790747555,0,0,0,0
853.4968131187859,4,190,20,799.507418217576,0,0,0,0
68.82330327239468,1,976,10,105.84348906092805,0,0,0,0
273.4000970219642,3,1363,10,354.8308234020251,0,1,0,0
689.0521634689986,4,498,9,666.6200186315042,0,0,0,0
666.9136384516886,4,241,16,917.498349312917,0,0,1,0
97.28349426085752,3,1721,14,79.51290153230853,0,0,0,0
136.29738382104972,2,1155,11,180.83282724273616,0,0,0,0
518.3286229223027,3,1308,15,696.1466643562309,0,0,0,0
36.442231732437605,3,1772,7,57.50867483607842,0,0,0,0
467.92874554223096,3,1648,3,680.2034201290612,0,0,0,0
124.03953496439449,4,157,13,149.29643755804025,0,0,0,0
651.7149730448074,1,492,19,1035.6934955574247,0,1,0,0
67.93166734558498,4,103,14,102.36023818186682,0,0,0,0
149.20264374229265,1,1103,17,197.76995898758224,0,1,0,0
36.611972997578334,1,729,8,36.8839331953297,0,0,0,0
70.19792911798021,3,1798,14,64.2328331454789,0,0,0,0
852.6575856152931,5,1717,9,1074.6101484237572,0,0,0,0
27.406101814325275,4,1425,12,25.302638352790613,0,0,0,0
30690.23996382172,8,585,0,949.6945365221272,1,1,1,1
237.62832306853002,3,668,18,265.3343322486483,0,0,1,0
1243.5567328735274,6,1527,11,1982.37882117662,0,0,1,0
11198.683682213948,5,1,3,504.0480908495907,1,1,0,1
206.24869713638768,2,1150,4,329.0391340486682,0,0,0,0
125.43477111300935,2,1152,21,190.62741225728917,0,1,1,0
154.75958463363153,1,850,10,136.95974210731188,0,0,0,0
253.84705006133774,3,1394,13,348.8509857997924,0,0,0,0
114.47441336529225,4,1567,16,182.6347469030102,0,0,1,0
11961.880187782195,5,390,0,306.9203166022106,1,1,1,1
103.19833916017676,2,1233,14,109.00428893677518,0,0,0,0
493.7965613959589,4,1147,9,419.6296512223389,0,0,0,0
101.79865663818852,2,163,15,97.81373581072617,0,0,0,0
442.337842384534,3,498,6,329.0167230063749,0,0,0,0
1259.7390189755877,4,629,10,1927.7210247330395,0,1,0,0
113.68723560882712,4,1358,11,139.88124156325193,0,0,0,0
2500.0,3,720,6,628.422520287944,2,1,1,1
59.70120478902122,3,1634,12,44.73338142055492,0,0,0,0
571.3015568451302,3,254,17,697.7458054403462,0,1,0,0
845.9006574594663,3,113,19,1293.8934617913533,0,0,1,0
409.6274261139306,1,724,10,571.581487853182,0,0,0,0
73.23782853706619,3,488,6,116.65503876114705,0,1,1,0
33.665201755364166,2,1374,8,30.725921589087854,0,1,0,0
505.4026504939063,3,270,12,770.4819513193511,0,0,1,0
24.184017389847266,4,1740,16,28.341487305442733,0,0,0,0
13041.715321081023,8,19,2,696.9192624348952,3,1,1,1
31.28872497223904,6,672,12,46.31020837547108,0,0,0,0
354.0309706516789,3,592,5,220.6428202529679,0,0,0,0
332.83335047845065,2,851,3,210.68146197711872,0,0,0,0
48.51681485484235,1,471,16,64.30071800571744,0,0,0,0
67.22552948569492,2,214,16,76.02644885069151,0,0,0,0
14664.987616874296,3,20,1,616.3680996375971,1,1,1,1
444.3144856104878,3,1747,11,397.9779842320583,0,0,0,0
109.14245225606254,5,949,9,140.65503178449393,0,0,0,0
74.00755096606238,2,839,8,113.67552812024887,0,0,1,0
63.26016232662482,2,556,21,67.11883796976376,0,0,1,0
6872.8935310216975,10,17,1,409.9469038702067,2,1,1,1
98.18417998630918,3,811,11,150.7043501212619,1,1,0,0
37.83484455300898,4,1622,14,32.180775685661665,0,0,1,0
112.13180021469628,5,209,9,74.27408668069815,0,0,1,0
297.76567811368704,4,579,7,234.36223292432936,0,0,0,0
422.07830174468234,3,823,18,662.0350951765643,0,0,0,0
304.3549225657242,3,1047,6,416.21545376280386,0,0,0,0
854.1505993684684,2,1132,21,653.6132917695792,0,0,1,0
251.89688385473434,6,1698,14,258.86285771926924,0,0,0,0
16.71726816684861,2,1412,11,19.79670060965083,0,0,0,0
245.10008017517595,2,653,9,330.25446285244414,0,0,0,0
108.16829703735915,3,287,17,125.76051336524985,0,0,0,0
33758.47779050171,11,5,1,1147.4768158732027,0,1,1,1
59.50888095937931,5,1301,9,93.87502768778396,0,0,1,0
304.1345267749538,2,265,20,207.73789594363623,0,0,1,0
122.50864575993207,4,858,17,152.5995014410256,0,0,0,0
308.51860632541826,6,672,14,419.3998217740569,0,0,1,0
159.34102471626426,4,494,15,209.54973095430546,1,0,0,0
1217.577976729664,2,1449,12,1827.3138391325951,0,1,0,0
858.3764801583565,2,129,13,689.6702455615431,0,0,0,0
97.4038047975944,1,1751,10,103.07946481542346,0,0,0,0
329.90152630464655,5,155,17,337.57965587827874,0,0,0,0
283.5585492391165,2,765,16,376.97010902417975,0,0,0,0
16852.698127424348,6,398,12,117.81341410868659,1,1,1,1
361824.0492051069,5,23,21,719.9241854991272,1,1,0,1
451.42045337008256,2,947,14,535.8483685514066,0,0,0,0
299.88262801270184,5,1465,14,258.1671502759525,0,0,0,0
116.29427772269752,2,742,17,148.91384121301252,0,0,0,0
72.64388360248716,3,1174,6,112.73374457217017,0,0,0,0
186.27035494601762,1,701,12,278.03927522009525,0,0,1,0
135.2974224637407,2,672,18,183.8926228103254,0,0,0,0
15167.74501601473,8,9,1,854.4161513133928,3,1,1,1
109.88743475110381,6,776,22,97.71901725147876,0,0,0,0
34.65159843044674,3,360,13,25.7576258665147,0,0,0,0
13.80650347122278,2,114,7,14.115529563548177,0,0,0,0
146.6958477880529,1,1038,16,200.52576508507255,1,0,0,0
426.6658364536636,4,1056,13,553.7232968357284,0,0,0,0
94.30879428069319,1,381,7,64.4942121417033,0,0,1,0
161.40806459114947,5,766,20,252.82421380280647,0,0,0,0
34.14616908020169,2,550,18,54.14920040509506,0,0,0,0
79.65487910286181,5,113,13,117.75814954468852,0,0,0,0
3622.556782304191,9,162,4,160.07164599463104,3,1,1,1
95.41320391597652,5,284,16,106.63573383688566,0,0,0,0
12363.733949480307,10,8,12,760.5237200401886,1,1,1,1
131.0592925712283,2,299,20,109.85030192900787,0,0,0,0
243.31581642372933,3,1530,12,158.05561399127856,0,0,0,0
333.62830875701775,6,1783,9,475.4172268528769,0,1,0,0
330.649023585179,5,1478,19,241.98370793580625,0,0,1,0
141.2536249775662,3,512,16,195.73911159618066,0,0,0,0
174.70499348093966,3,315,11,152.03389558099875,0,1,0,0
436.22852838918726,2,1111,11,617.5408325732617,0,0,0,0
257.5542282713836,5,109,9,197.00554125218906,0,0,0,0
47.20492427268167,5,625,0,50.96393523245781,0,0,1,0
213.4326245470787,1,72,7,222.514113607337,0,0,0,0
238.62153891516604,3,1368,8,322.77872319945374,0,0,0,0
272.6377911843155,2,1400,7,372.4959630360324,0,0,0,0
84.11774002312103,4,337,12,65.90304951014008,0,0,0,0
14.572573329141289,2,1184,9,10.584659783419328,0,0,1,0
195.14259851233865,3,1076,7,193.772568908635,0,0,0,0
166.30195768658717,3,431,12,169.31535606540672,0,0,0,0
77.76637992915319,5,1745,11,88.87242719556886,0,1,1,0
207.7978988848511,4,292,6,308.45999997009454,0,0,0,0
179.97956153782246,2,816,13,203.1457587369492,1,0,0,0
46.85243712545357,3,1703,12,32.46229574731352,0,0,0,0
41.9200978864117,2,437,9,27.625253149906932,0,0,0,0
54.37894621614324,3,701,9,81.54927788358613,0,0,0,0
274.9601296876194,2,1111,11,363.0692226907193,0,0,0,0
33.221476965091895,5,1609,11,21.511482351858305,0,0,1,0
52.668204138807894,2,1276,5,40.900483458492005,0,0,0,0
821.4995680681067,1,235,12,914.3326292493236,0,0,0,0
384.48862583589676,6,249,19,408.0813498781627,0,0,0,0
2500.0,12,314,18,958.47001088193,0,1,1,1
185.1806724647877,5,309,16,148.46303213263258,0,0,0,0
332.55457430213596,2,1358,12,200.36739328667613,0,0,0,0
377.14373416673305,3,501,7,409.05749609068425,0,0,0,0
301.22452952432513,3,681,8,184.87832144691546,0,0,1,0
666.890973988402,2,1534,12,418.6565295715471,0,0,0,0
271.85194949786984,1,1332,8,224.94056127214256,0,0,0,0
54.950999654958366,4,147,6,76.30837535898516,0,0,1,0
124.98458322029708,4,168,6,127.11886466067938,0,0,1,0
25843.10794139068,8,753,3,1080.125423805441,1,0,1,1
4019.46658275102,10,25,4,1163.4092322234749,0,0,1,1
186.4396222139193,1,1753,13,202.3190332023153,0,0,0,0
627.5031343520827,5,1770,7,595.0334583120512,0,0,1,0
133.99774625584394,3,854,16,116.98484985489361,0,0,0,0
201.46912191227173,1,577,19,232.4292165948632,0,0,0,0
64.74231425180272,3,1787,22,51.87032457639433,0,1,1,0
7338.69585539474,8,14,10,707.5117577416994,1,1,1,1
38.85653323275958,6,548,5,54.440404646181214,0,0,0,0
11.526533883648268,3,1468,6,7.352445737641677,0,0,1,0
369.8698646561443,3,143,8,558.999884173767,0,0,0,0
592.111420216908,2,1155,7,812.1825906373548,0,0,0,0
80805.28372390245,11,782,5,1063.6690991592377,1,1,1,1
350.387574002277,5,981,14,472.15307321121423,0,0,0,0
63.89549687087557,3,379,18,70.293680575361,0,0,0,0
384.88622628208276,3,1798,8,553.6315943661174,0,0,0,0
256.63698946033116,2,1308,8,313.1456262004116,0,0,0,0
88.86928580650054,3,687,6,85.77674110830199,1,0,0,0
60.167512232554664,2,244,12,94.62903880608057,0,0,0,0
37.893735824421356,3,711,23,33.178289167768476,0,0,0,0
108.86851485239733,1,1088,10,135.114588917218,0,0,0,0
13.75563489467809,2,1268,23,13.389058053616717,0,0,0,0
72.25833078832093,3,890,1,67.10266444952664,0,0,0,0
124.45573510140707,2,89,10,86.17600930321366,0,0,0,0
138.39615898737088,5,1440,14,99.77764581774636,0,0,0,0
17.233655666489945,3,1669,13,18.201296072927803,0,0,1,0
14678.313435445234,11,265,2,979.1189990705702,0,1,1,1
506.5735658029694,5,160,6,445.3536348045258,0,0,0,0
4558.906453217718,10,772,2,186.50333644383534,0,0,1,1
424.75456091642525,4,1749,12,402.96566341062356,0,0,1,0
163.36367611345383,3,873,15,107.66981992580509,0,0,0,0
179.25742172990707,3,1316,20,235.18020226910213,0,0,1,0
902.510255677991,2,1209,7,940.6485011901921,0,0,0,0
156.02554856371026,5,62,1,216.63473182945967,0,0,0,0
100.0343439819473,3,999,17,107.49730145397582,0,0,0,0
681.8566088403751,6,1600,6,479.1933581817679,0,0,0,0
385.0857814050484,4,200,12,565.1059142909098,0,0,0,0
231.48224474016132,2,1189,13,260.6573508257553,0,0,1,0
283.6098788796939,1,359,9,304.248957333266,0,0,0,0
83.21855239472677,3,1598,7,57.4375868502706,0,0,0,0
263.54629462523286,3,1335,9,275.772239983091,0,0,0,0
1018.0476144514829,3,570,12,1402.062036076623,0,0,0,0
162.76759865806622,1,1466,18,191.8456611137415,0,0,0,0
5317.299025055496,12,438,20,602.1528285928683,1,0,1,1
40.04467613794604,3,664,15,54.27701901459476,0,0,1,0
663.3242634407253,4,1044,8,689.0003051688028,1,0,0,0
67.90315500626991,4,198,17,84.84302814985669,0,1,0,0
68.57726481314896,2,1796,17,53.185411086650824,0,0,1,0
88.45754965875044,1,1650,10,101.23527561367959,1,0,1,0
42480.540977149154,12,6,2,762.6233004095691,3,1,1,1
118.63249170971923,3,1604,1,85.73602992003612,1,0,0,0
101.96858148917593,3,1601,10,130.24079854269635,0,0,0,0
289.2688833599521,3,1650,19,407.3419736999328,0,0,0,0
103.42480708267601,5,1371,8,158.41133726577334,0,0,0,0
43.971043950272815,6,514,12,33.77800473224342,0,0,0,0
160.31026274254492,2,908,20,237.3831054029368,0,0,0,0
376.82068086819334,2,1766,14,602.8626206600309,0,0,0,0
2500.0,13,724,3,144.0013466867693,0,0,1,1
267.3662923829424,2,1051,8,212.43884108040032,0,0,0,0
2500.0,8,1068,7,635.075714348602,2,1,1,1
34.923105243681746,2,1697,8,51.18625055582429,0,0,1,0
404.68693642920874,3,663,11,374.10636656901477,0,0,0,0
71.7040158843801,4,147,16,90.1279890696085,0,0,1,0
2500.0,11,86,0,591.8827515450834,3,1,1,1
133.34249925376923,2,1568,1,176.29754168519764,0,0,0,0
816.3009838065955,4,429,19,1061.4781921675858,0,0,1,0
97.26489757379709,2,1541,0,100.0877847370553,0,0,1,0
414.1367945066187,5,1750,18,600.2381745626225,0,0,0,0
71.31034042611013,4,504,8,90.10515898547537,0,0,0,0
497.8974664924804,1,1425,15,783.0461126944624,0,0,0,0
2692.7208133131053,7,1054,11,266.5457339960176,1,1,1,1
676.8303500591488,2,471,13,949.3515063564156,0,0,0,0
752.2924545182927,1,1211,12,1030.2613694505037,0,0,1,0
36.83575115622172,4,318,9,25.262941924905988,0,0,0,0
144.91291953759395,3,1508,9,164.16818530249867,0,0,0,0
159.70325061671926,2,441,19,175.89826319766325,0,0,1,0
100127.2686835459,8,27,2,409.8268505145545,2,1,1,1
159.36138244819554,2,1536,12,162.8555217526731,0,0,0,0
535.4205706099044,4,39,6,483.0703971962279,0,0,0,0
66.49131355794816,4,543,14,51.78556691854632,0,0,0,0
254.44801726634356,3,1328,19,287.5762409429373,0,0,0,0
352.64942939911816,3,346,8,497.70023819548913,0,0,0,0
184.65070392389902,3,712,9,195.2862473185948,0,0,0,0
34.58926536210262,5,1467,13,44.771693532041326,0,0,1,0
1164.0523166352007,4,216,14,1059.9675469883853,0,0,0,0
179.58207154740685,3,1676,16,189.29598079613706,0,1,0,0
471.1849677455321,4,1368,8,544.1442659298724,0,0,0,0
248.56501655066327,5,1449,11,310.9179837495917,0,0,0,0
125.0781407500878,3,359,9,168.51178470125797,0,0,0,0
171.18342395368208,5,924,8,207.51062266526787,0,0,0,0
146.77600862753357,1,413,17,101.30648940705557,0,0,0,0
192.66015243106432,2,427,9,151.7536544106537,0,0,0,0
52.2793761263539,1,1423,9,43.46420538420667,0,0,1,0
137.08415364580173,1,1468,7,178.3113796892084,0,0,0,0
170.82031030969318,2,1668,7,213.97613902348667,0,0,0,0
47.95835118173678,5,762,11,62.875158177129826,0,0,0,0
213.11581932804745,3,314,17,305.4479230829465,0,0,0,0
420.69845651843934,3,567,7,653.3425968171928,0,0,0,0
338.14050738399817,3,937,12,223.39200094886345,0,0,0,0
83.38868097128477,3,1700,14,127.15197957605443,0,0,0,0
12.854647358135416,5,1067,16,15.44060224451475,0,0,1,0
57.955399962032466,2,278,13,76.9883092326693,0,1,0,0
228.6784440686683,3,1212,18,152.2312092544282,1,0,0,0
24.027642947037133,3,1079,8,27.185423219726143,0,0,1,0
566.110226926007,3,583,9,357.95057204705796,0,0,0,0
361.7201705000299,4,35,11,551.3113990318723,0,0,1,0
63.71301573034275,2,165,12,63.13630453071899,0,0,0,0
40.440218326641194,4,1005,13,43.946165533155266,0,1,0,0
258.9926906421953,1,1581,16,322.2973903547728,0,0,0,0
438.5165456275774,4,970,20,456.4739608323982,0,0,0,0
2712.7747445448094,10,331,1,704.6032184904719,3,0,1,1
93.94015340937516,2,643,10,143.47028997757013,0,0,0,0
111.66761301441647,3,1133,17,125.41711548655455,0,0,1,0
108.7130958229172,2,253,18,120.83304013606228,0,0,0,0
46.8250439949545,1,290,10,52.598740821197595,0,0,0,0
161.45690777173212,5,113,7,171.23306456094565,0,0,0,0
59.01466004981205,3,1316,2,52.04104167652493,0,0,1,0
98.20651838295186,3,954,11,127.81851426681614,0,0,1,0
450.8492425491235,3,265,17,542.8690290988383,0,0,0,0
142.2543554023659,2,564,14,191.55652680829314,0,0,0,0
93.08809370066216,4,222,13,91.36900799614673,0,0,0,0
62.720003679169494,3,1409,9,72.23232901598269,0,0,1,0
10.002908705762609,3,1672,8,9.908248949087797,0,0,0,0
139.38708553030938,1,1044,7,99.59308122174622,0,0,0,0
683.0450148614332,3,350,1,647.4984528109401,0,0,0,0
26332.843596300696,9,982,17,251.2780865403853,1,1,1,1
50.36389690020932,5,714,14,35.89804912311074,0,0,0,0
177.82241475560394,3,362,12,187.87425813246006,0,0,0,0
39.837853703272856,3,1216,15,29.431163004297673,0,0,0,0
784.6612247644885,3,1782,9,590.6999092780384,0,0,0,0
156.6494536432514,4,1571,21,164.61290737217263,0,0,0,0
408.0819743477123,2,625,5,257.96065820541116,0,0,0,0
1178.8755526967632,2,647,20,1800.5650628931676,0,0,1,0
2748.5590218160078,9,1175,3,932.9372515762326,1,1,1,1
342.6846285221044,3,1284,19,496.78296537104274,0,0,0,0
33281.717897316725,8,1185,1,410.31005505595766,2,0,1,1
10.17927894316077,4,1757,18,10.9852709772383,0,0,1,0
236.8789471022885,4,1243,16,320.20266048143884,0,0,0,0
2500.0,7,5,14,880.0246614745782,1,1,0,1
10.056765998833368,5,1735,14,7.098054684034428,0,0,0,0
178.5589868838087,4,1328,15,257.0634982799851,0,0,0,0
214.8012889413608,5,1791,15,179.96074982789705,0,1,0,0
38841.34601558495,9,514,14,603.0853726602412,3,1,1,1
370.23506677943396,4,526,11,374.44138218457994,0,1,1,0
11005.214976935564,14,777,6,912.1732353311982,1,1,1,1
29.787856594644484,3,38,15,31.790592367571968,0,0,0,0
319.30029503157164,4,572,19,431.3203804772487,0,0,0,0
24.629986146530918,2,1712,18,26.070120003735447,0,0,1,0
79.69773829194405,3,1294,11,61.996533104899065,0,0,0,0
64.4740652351125,2,831,12,47.070309808757955,0,0,1,0
865.2416699424621,1,162,16,605.749236304043,0,0,0,0
226.46741902455724,6,1013,3,296.24772279053974,0,0,0,0
699.5953013504916,6,1765,10,873.8395898670514,0,0,1,0
360.4063038721144,2,324,3,298.3996521524562,0,0,0,0
84.30468523165113,2,478,13,88.77645067247649,0,0,0,0
2500.0,11,20,3,459.3222602704215,1,1,1,1
150.33205486772908,3,1698,7,224.67008383198615,0,0,0,0
103.98971022075084,1,59,7,89.51884510090333,0,0,0,0
632.2940735820641,2,1211,15,452.0656265545543,1,0,0,0
387.3851423281996,1,1435,6,375.78057531651854,0,0,0,0
369.71190473287135,3,1100,8,282.81851400331925,0,0,0,0
333.10047978670764,1,657,7,444.93696025637144,0,0,0,0
42.35210150600234,4,1103,17,55.99684965238216,0,0,1,0
272.6677455072974,2,1411,15,329.8759566312354,0,0,0,0
24.133674496558385,4,1048,14,32.51851879155979,0,0,0,0
97.05890038644962,2,406,12,151.41230319147996,0,1,1,0
102513.77044919593,11,5,2,611.9957152385157,0,1,1,1
268.1389083909272,2,1788,16,202.47447623793715,0,0,0,0
5104.071754187306,5,16,19,627.7501420703096,3,0,1,1
696.8495133316127,3,947,15,894.3649609082748,0,0,1,0
91.35084804979431,2,334,4,81.19680475391175,0,0,0,0
12.03531177187889,3,1481,9,11.545698668374994,0,0,0,0
80.37606998094674,3,393,9,65.14167983870671,0,0,0,0
134.20014986398286,3,1762,17,108.69733280809392,0,0,0,0
7675.547280052648,11,619,12,515.3597914950276,1,1,1,1
160.26403449069625,6,1371,12,152.29430766679872,0,0,0,0
240.25145111737,3,1591,16,144.60100421193917,0,0,0,0
21.590581005133682,3,886,8,24.850405692008515,0,0,0,0
378.4230109725091,6,1194,10,380.55488338805634,0,0,0,0
211.89181003753427,1,1745,12,252.92047542047183,0,0,0,0
58089.757332756875,7,122,3,847.6289125011793,1,0,1,1
155.1117150748589,2,358,18,237.7539284388862,0,0,0,0
21824.676657711814,11,506,2,474.9364127210271,0,0,1,1
147.73220653052132,2,625,11,90.23994563245142,0,0,0,0
464.36585282478126,1,988,5,349.11149698138604,0,0,0,0
435.2488881803012,2,154,14,448.46784866825004,0,0,1,0
97.67796205782169,3,682,7,140.54525217384062,0,0,1,0
11.027471111754155,4,1073,14,16.13154668453475,0,0,1,0
441.21423820882507,3,1725,16,388.00262029361784,0,0,0,0
203.1130871755588,3,1684,8,192.49104759202072,0,0,0,0
446.7033796893394,2,915,19,682.555788010634,0,0,0,0
572.8826759401903,5,450,5,554.4680166304652,0,0,0,0
105.65916643029134,2,1643,11,124.72464816480468,0,0,1,0
388.6274329125334,2,955,18,340.51478764797946,0,0,0,0
457.21448307730265,2,1021,20,487.46173192305713,0,0,0,0
92.7607381581524,2,805,21,144.72310701822298,0,0,0,0
9998.506130951406,15,1077,8,670.5058715389933,2,0,0,1
2500.0,5,27,3,448.6823492530966,3,1,1,1
342.9850693375006,6,1277,8,489.8896532668677,0,0,1,0
372.57332406403003,1,1653,7,490.24099207788583,0,0,0,0
255.47254048109824,4,42,0,339.430632146,0,0,0,0
151.55586812585292,1,1061,4,105.2612655224204,0,0,0,0
877.9940104021281,3,1281,10,1202.9242271861135,0,0,0,0
327.6649611867735,3,591,8,244.86605607255828,0,0,0,0
217.99840419437388,3,1004,4,287.5834808207146,0,0,0,0
37.8764080120569,5,982,8,52.82884725806394,0,0,0,0
8426.160869700163,9,150,5,194.8355058576583,2,1,1,1
40.04620017027414,1,972,10,59.18995117765515,0,0,0,0
408.93254235461444,2,1523,8,312.58965463443985,1,0,0,0
333.4010010490336,2,396,9,290.7817654676274,0,0,0,0
460.40631837742,5,591,16,414.47777503076173,0,0,1,0
35.05480571593836,2,61,9,25.141152221807605,0,0,1,0
602.3739021774066,3,1285,23,898.8653312471126,0,0,1,0
409.6302811741945,3,1735,8,617.089695224554,0,0,0,0
228.05135808123765,1,535,14,306.5575793378044,0,0,0,0
152.84846684921317,1,1405,17,158.4875503110146,0,0,0,0
334.07842140282145,2,737,9,527.3623105662803,0,0,0,0
236.36164854228494,1,1724,12,192.98958579268438,0,0,0,0
625.9185572169561,2,842,8,948.5192601800112,0,0,1,0
28207.176972360478,6,139,18,637.4991134439878,0,1,1,1
142.12980251273436,2,1285,9,219.10529783694486,0,0,0,0
151.43808172555202,3,773,9,99.58626254951277,0,0,0,0
2500.0,8,22,0,169.06975043911604,0,1,1,1
86.22885414412943,1,420,4,67.3180812264424,0,0,0,0
40.08670044866774,2,579,14,44.5795127455421,0,0,0,0
80.9096203630203,3,805,12,127.7624193044012,1,0,0,0
288.04407132352566,3,918,14,217.657756351825,0,0,0,0
205.09107973428388,3,1451,10,314.1492609930139,0,0,0,0
372.85580656976157,4,276,8,296.1008086082523,1,0,0,0
135.66324664406937,1,1758,5,90.10858042627298,0,0,0,0
255.26835582906963,1,30,13,354.3326548484336,0,0,1,0
64.01913100562106,2,181,12,87.44589435056245,0,0,0,0
251.46959801044693,1,1057,12,318.36453997412076,0,0,0,0
262.406873878836,2,701,23,248.26028982691832,0,1,0,0
131.5568537936409,6,595,16,173.0410107582831,0,0,0,0
100.65717758006888,4,1768,12,122.20264894101123,0,0,0,0
43.195865938954675,6,1466,21,49.864240674929064,0,0,1,0
605.3163824614938,5,792,11,835.808081141301,0,0,0,0
20.64152985408859,3,869,11,28.841463235577006,0,0,0,0
616.0582817525319,3,1234,2,652.4599593635932,0,0,0,0
125.97454574314749,5,1205,15,102.219578769509,0,0,0,0
255.60067820916083,4,268,16,300.0133733371003,1,0,1,0
48.0545306365807,3,885,5,42.064937814920576,0,0,1,0
33.240882249049235,4,820,5,52.72638796922556,0,0,0,0
142.3078914690906,5,566,11,142.4642973829422,0,0,1,0
233.43175629933626,4,637,9,291.818014110352,0,0,0,0
136.45185777664977,6,1658,11,142.81963197184677,0,0,0,0
273.86037053381216,6,1197,9,418.43799933996905,0,0,0,0
292.79046580143296,3,1183,18,258.3311612825839,0,0,0,0
218.59232487969723,3,966,9,339.4702118705048,0,0,1,0
58.7247572761771,5,1169,17,85.64649102910626,0,0,1,0
50070.044085437956,9,133,22,217.08071202586729,0,1,1,1
672.6936205014512,1,1461,12,675.0498957213669,0,0,0,0
296.9541672177128,2,1211,9,312.85909144553005,0,0,0,0
234.3367804852273,2,901,10,370.93792423711915,0,0,0,0
21.77359423813013,6,320,15,25.353578178579074,0,0,0,0
229.98655783221614,1,1703,12,239.6162944009061,0,0,0,0
263.812560338292,3,1199,6,172.8235753525446,0,0,0,0
603.7500205583764,1,1165,12,927.7526449987586,0,0,0,0
186.24861019829433,5,1519,3,296.1235741417354,0,0,0,0
179.57335833542336,5,954,16,206.6069435798394,0,0,0,0
82.65573218653577,1,1089,16,127.90594036154037,0,0,0,0
72.59690938834471,2,504,10,90.35183758213743,0,0,0,0
146.76739395475605,2,1129,10,185.5117762222462,0,0,0,0
53.828954026049765,2,257,14,48.99352005650354,0,0,0,0
166.0932728673307,3,1131,9,182.25455183358991,0,0,0,0
268.4630811715402,3,1046,11,207.10409987868934,0,0,0,0
9047.182757278426,9,7,3,879.8266512838089,0,1,1,1
164.36385350586903,3,585,8,112.29678998734336,0,0,0,0
85.72702318317256,3,1032,9,52.97123241058755,0,0,0,0
569.9259815805783,4,1096,19,442.61650004668985,0,0,0,0
16.980740605731327,4,1025,14,15.234094299218413,0,0,0,0
127.70043572171642,3,739,8,148.36680022822088,0,0,0,0
62.33179300800827,2,112,16,72.82757410893348,0,0,0,0
55.266604026222964,3,1380,13,49.98821087755973,0,0,0,0
43.74982381939844,5,528,11,48.12692499244548,0,0,0,0
88.93284142316651,3,1382,19,135.91374580981653,1,0,0,0
161.84337729882813,5,1188,6,230.63959541926826,0,0,0,0
213.9888777419953,3,118,6,275.85124616498405,0,0,0,0
118.89200544032256,3,256,2,139.66931097710722,0,0,0,0
66.61755776762496,2,119,20,64.61621551281428,0,0,0,0
186.0293423676755,3,931,13,144.2009429519584,0,0,0,0
9112.000603674724,10,736,7,519.7338985895623,0,0,1,1
2822.7707035429116,5,1,17,192.39472290757735,1,0,1,1
101.84810465854152,4,1208,8,124.64450466232131,0,0,1,0
763.2886015962773,2,1579,8,1111.9265942550446,0,0,0,0
170.57538302053524,4,387,18,177.48782958989122,0,0,0,0
108.1406487534261,3,1627,9,106.38126493063146,0,0,1,0
154.7281695188515,2,1133,11,155.48139165831807,0,0,0,0
707.4977756197706,4,675,8,963.6812121571018,0,0,1,0
7032.98871129635,5,12,12,521.4957539045365,2,1,1,1
80.9154740739318,1,1563,9,105.88281359385458,0,0,0,0
163.724375949845,6,1501,14,219.63412051399084,0,0,0,0
258.567889630107,2,214,12,219.835440240191,0,0,0,0
100.38079212702068,2,1766,17,149.05702384799267,0,0,0,0
302.5551634801335,2,1409,15,255.81337776851063,0,0,0,0
124.10864065729653,4,893,10,148.98915143332715,0,0,0,0
122.1207291141237,4,1793,8,118.25284785999004,0,0,0,0
121.07053060233368,5,1563,8,110.3016117224146,0,0,0,0
47.78341283514627,4,1340,9,69.40198864307473,0,0,1,0
203.0988273976149,2,1022,10,265.98789872402534,0,0,0,0
52.05396171577425,5,1641,11,38.230802378376616,0,0,0,0
52.33354296601494,3,1190,7,73.04537527840202,0,0,0,0
138.94815142376618,3,1063,12,120.71766421911114,0,0,0,0
521.9258881136902,3,1425,17,331.7094042973093,0,0,1,0
212.72918713741572,4,1610,11,210.41401779933474,0,0,1,0
501.268510344721,2,32,14,675.835602344208,0,0,1,0
28.453532760980405,2,204,13,35.723731208656325,0,0,0,0
23226.490970721996,10,254,8,1120.9770134834105,1,1,1,1
37.9578586464456,6,1225,7,55.55817433855819,0,0,0,0
26.086028355443453,4,207,12,28.512685723609938,0,0,1,0
303.3617400272018,2,634,8,225.12298164537805,0,0,0,0
977.0606041487227,4,524,12,1054.7829352415797,0,0,0,0
91.04421078216271,2,123,11,68.46279291230263,0,0,0,0
4103.817182779364,9,20,4,141.42534260955523,0,0,1,1
34.83255715886628,5,220,13,21.705612986873287,0,0,0,0
146.66454605391016,1,1484,13,215.8939950212307,0,0,0,0
162.8073011029443,2,1479,6,159.9977623940862,0,0,0,0
207.46893585032802,2,219,8,183.13990005711162,0,0,0,0
32.54934025021865,2,771,16,27.99248061524587,0,0,0,0
23931.225918961787,4,329,5,577.9895526972792,0,1,1,1
470.4174612585771,6,1551,20,700.4041332022059,0,0,0,0
11.751687983681116,3,940,17,17.89893796731038,0,0,0,0
90.6325341556248,6,1428,11,135.27206228066768,0,0,0,0
9195.055781784216,8,351,4,1007.9787820825194,1,0,1,1
89.34629391354869,2,304,9,86.14601505677136,0,0,0,0
12784.438954116802,9,346,12,928.9056850316737,0,1,1,1
116.3624322329551,1,1414,18,95.206063098418,0,0,0,0
318.4067372081226,3,475,10,253.5433846236294,0,0,0,0
4160.30325409391,8,470,11,417.31193774003566,3,0,1,1
119.75794508520836,3,855,13,77.27784736984265,0,1,1,0
385.35438245976115,1,694,18,329.59528724121407,0,0,0,0
250.1614137814015,5,1341,13,343.41072027130645,0,0,0,0
140.81113490379846,2,436,14,175.0080653731363,1,0,0,0
704.2076639056759,2,1582,15,978.5782289058457,0,0,0,0
289.03665361574315,2,854,10,353.5627434067112,0,0,0,0
11.09589403231967,3,1629,2,10.96802522212207,0,0,0,0
29.679572421989462,2,619,15,34.47902656069097,0,0,1,0
27801.882912714933,12,1137,10,867.8273461331831,1,1,1,1
342.6133826275291,2,1244,10,400.1574095486007,0,0,0,0
1145.5374395030594,4,67,19,1728.521898152156,0,0,0,0
434.9744024163797,2,386,18,466.4379581998152,0,0,0,0
669.5415634885057,1,216,8,522.449860003453,0,0,0,0
63.074819342939115,4,815,12,58.723252218492775,0,0,0,0
147.66844888914596,5,125,19,148.09127088337146,0,0,0,0
144.70591255331777,5,1300,16,216.31055805407024,1,0,0,0
19.838986678146526,3,524,3,23.75805277392926,0,0,1,0
64.22054861520922,6,1465,10,40.85838995937367,0,0,0,0
110.64013471759839,4,1175,12,101.0712842194503,0,0,0,0
94.73039115842845,4,934,9,129.29688216998466,0,0,0,0
326.85373699673164,1,878,9,301.89181796845116,0,0,1,0
175.90582653987974,1,600,8,242.3661752797246,0,0,0,0
200.7451443356074,2,1596,3,287.9874693685513,0,1,0,0
124.86465894242743,3,1702,21,97.76099143820228,0,0,0,0
271.7996793169874,3,1527,21,244.33567268754328,0,0,0,0
189.54639922560347,1,296,8,261.91151618294606,0,0,0,0
182.2236491636946,1,461,16,277.5330173310163,0,0,0,0
122.8206412516158,4,994,17,164.6346930080417,0,0,0,0
109.20586533376247,4,853,12,89.07339731923584,0,0,0,0
209.61525009582323,4,1124,11,126.6962531817541,0,0,0,0
307.122446502999,5,926,10,339.2933180200706,0,0,0,0
315.9899872159707,4,1592,9,271.8879612669976,0,0,0,0
36.6528767279807,2,509,7,43.13074392121246,0,0,1,0
13.168142896171968,1,319,17,14.137164568486257,0,0,0,0
2500.0,9,9,4,73.05833391751867,1,1,1,1
198.65410130670926,4,903,13,194.60564164766856,0,0,0,0
64.4496652121332,4,1244,11,45.88591846970181,0,0,0,0
7324.548476815643,5,15,20,593.5974167018128,1,1,1,1
275.5405971336758,3,1235,6,433.80521653398523,0,0,0,0
132.03635840007135,4,337,10,145.91563869459262,0,0,1,0
38.2577208801176,3,1426,10,59.6848300686168,0,0,0,0
122.22343799528872,3,604,13,100.42626245340625,0,0,0,0
355.2224819795201,1,1732,15,544.0291743470495,0,0,1,0
544.241374261703,2,1252,13,400.9897942416917,0,0,0,0
60.471949900790314,1,890,8,89.46586502452675,0,0,0,0
135.32537872840345,1,1253,6,132.88350503721134,0,0,0,0
150.23287326957558,3,468,21,120.22576287242747,0,0,0,0
723.3131055815155,1,1096,16,855.7625487180641,0,0,0,0
12.490033336819387,1,179,15,10.79469006896591,0,0,1,0
236.13800097242387,2,1198,11,307.9308033521268,0,0,0,0
197.79433802681015,1,1604,19,191.70535373610545,0,0,1,0
110.41545921585626,2,1022,11,155.98515891784248,0,0,0,0
235.43103255393393,3,212,19,282.5642218783607,0,0,0,0
185.8285728636086,5,347,13,293.837641189055,0,0,1,0
310.4212900411638,2,1188,6,447.91569781903075,0,0,0,0
474.81091840038414,2,1275,11,681.7794156289614,0,0,0,0
111.24416924710822,2,248,16,124.56023603449984,0,0,0,0
243.9555557180485,5,302,17,258.5318090589647,0,0,1,0
148.2888931260838,3,734,10,222.92242383734234,0,0,0,0
2500.0,7,13,14,883.1994137274849,0,0,1,1
64.37052700774039,2,846,3,57.727324061486776,0,0,0,0
687.3126820474713,4,1012,17,748.9218235683918,0,0,0,0
591.7528330618763,2,228,16,636.255118118218,0,0,0,0
89.93646120125034,4,1376,11,98.20713234909839,0,0,1,0
51.77822119837671,3,1493,22,79.15800632637273,0,0,1,0
56.064434047349785,2,1532,15,70.6622502225699,0,0,0,0
156.41128855719046,5,994,10,124.55345705953833,0,1,0,0
26.897483872368582,2,1080,10,38.717524438018145,0,0,0,0
360.54261496247705,3,958,9,462.8469202781584,0,0,0,0
246.59271847494966,3,1438,18,227.86308426530772,0,0,1,0
74.31637955442076,4,1432,8,110.96991871828337,0,0,0,0
294.17889503359487,3,1295,8,268.4362902737453,0,0,0,0
45.799154996156894,2,432,8,53.72267411326383,0,0,0,0
83.05579443996305,2,1292,11,105.21367231940907,0,0,0,0
57.08871591501848,1,1443,9,50.92993011585191,0,0,0,0
31.452993642982495,3,644,6,19.825467113228363,0,0,0,0
194.44769792903,4,1643,15,252.80583957915948,0,0,0,0
6701.455436074629,4,625,0,1176.0211480368368,3,0,1,1
5007.3723852360645,6,14,3,1145.7739199188245,1,1,1,1
188.0428131086592,4,840,9,227.6805610498905,0,0,1,0
85.66929565355947,6,280,12,64.20637472131402,0,0,0,0
119.06441271008066,3,1127,15,139.2281561101252,0,0,0,0
323.0169473964476,2,1087,16,511.5251436918971,0,0,0,0
64.1110455153534,1,1665,8,86.45761437503613,0,0,1,0
43.7081047956369,3,1726,20,45.91727768363676,0,0,0,0
69.87037337336088,1,452,8,79.09682163287847,0,0,0,0
38421.07331545959,11,3,7,834.3254225371976,2,1,1,1
2500.0,7,1138,17,231.67008767475045,2,1,1,1
31.193226923813416,4,213,7,44.036910099196966,0,0,0,0
112.03674562732715,2,1137,8,176.88212841530495,0,0,0,0
145.32087143848167,3,85,18,93.91629970215212,0,0,0,0
36.56445095263939,1,811,10,57.37943555379738,0,0,0,0
106.62277378425988,3,1449,17,97.81237047414936,0,0,0,0
111.37921665561433,2,1789,13,126.07150390828537,0,0,0,0
101.78594679031966,1,1638,14,147.34032590319632,0,0,0,0
425.3671996221176,4,402,5,375.6469808791908,0,0,0,0
72591.37826945176,8,22,3,664.3952215977301,3,1,1,1
233.2887558249895,4,1070,11,276.29078302687543,0,0,0,0
79.09133001632121,1,1511,17,88.79782061466123,0,0,0,0
21.570491421707988,2,128,12,21.203167721673193,0,0,1,0
42.975320665283135,2,1223,18,31.126348719347316,0,0,0,0
135.4784753079083,4,1388,13,96.37519543638575,0,0,0,0
161.69953203580354,2,1390,19,132.7091897804359,0,0,0,0
221.15939810329508,4,295,10,208.750418223637,0,0,0,0
92.36335697785302,4,829,14,114.82224694404972,0,0,0,0
215.89952350413284,2,157,13,195.1668832822811,0,0,0,0
194.23404011428815,2,1443,11,275.41206950595847,1,0,0,0
97.42797492537088,1,1576,21,137.73616836665036,0,0,0,0
349.49622220255714,2,1587,3,272.14259112968654,0,0,0,0
166.38864045000298,3,309,15,121.18731828372266,0,0,0,0
147.8683979394656,4,1424,17,191.77638210075517,0,0,0,0
318.38876727340227,1,610,12,298.68253366722456,1,0,0,0
77981.1696230375,9,7,2,459.5325448513101,0,0,1,1
81.68574505244449,3,1674,8,108.37120107452024,0,0,0,0
136.87665649879892,4,1032,11,104.64416311687226,0,0,0,0
236.4660273726214,2,753,13,266.38461960622135,0,0,0,0
41.32026096155075,3,1381,10,51.798852596247514,0,0,0,0
57.91402725421059,4,1102,9,43.80706574680128,0,0,0,0
111.70890201250636,1,1440,11,124.92323868283606,0,0,0,0
7800.793852232071,5,400,5,959.346526761726,0,1,1,1
155.251623117843,2,349,21,102.26857820233639,0,0,0,0
281.1045580044477,4,766,3,398.1877236295125,0,0,0,0
62.82134609928853,3,449,14,56.20625257969961,0,0,0,0
760.1226632806906,4,568,9,1108.1509885421742,0,0,0,0
86.37536635685329,2,1620,12,132.80859653156634,0,0,0,0
222.2298557737016,2,419,9,290.34872669208045,0,0,0,0
135.73888334567678,4,550,15,216.682338676584,0,1,0,0
102.77383576870372,2,336,13,111.66167954816389,0,0,0,0
200.52977084861638,3,1078,8,135.6652975435127,0,0,1,0
29077.90142174612,16,46,19,1184.819274421847,0,1,0,1
74.0863362957782,2,494,10,44.65288932067354,1,0,0,0
141.00305719696027,5,1086,10,147.87029917749686,0,0,0,0
307.38663579605,4,1035,19,432.1420230660866,0,0,0,0
290.21003283727765,2,762,4,401.4206952652044,0,0,0,0
182.77129908822587,6,1029,5,164.3151534244582,0,0,1,0
10825.236143183445,11,8,15,433.91457500637176,0,1,0,1
153.231348772778,2,721,15,106.44927416914675,0,0,0,0
2500.0,9,683,6,1182.2064583934425,2,0,1,1
178.161726635643,2,1541,2,128.5457577435392,1,0,0,0
141.70423495468097,4,1128,19,141.8734687092168,0,0,0,0
179.82838776132462,4,1066,0,211.93203199946234,1,1,0,0
376.5760108260051,6,170,8,454.9323409407236,0,0,1,0
3925.311989117852,9,618,3,1087.7016660344311,1,1,1,1
327.2673766197565,6,1300,14,359.7975715119412,0,0,0,0
76.58219896698641,2,1247,14,105.71865869367426,0,0,1,0
314.0601529251721,1,1740,12,211.08795812477985,0,0,0,0
67.3159586967721,3,1309,17,50.379017173275294,0,1,0,0
8728.652534049292,7,27,12,302.3583209385766,1,1,0,1
318.25048016967236,2,1117,15,506.52788369556316,0,0,0,0
7981.799400854889,11,10,19,199.06851374534645,0,0,1,1
373.479770564289,3,152,11,513.9889295205443,0,0,0,0
63.07846266407708,6,738,10,81.46116835310616,0,0,1,0
434.53163827268236,3,1206,20,356.40014063363964,0,0,0,0
379.193658010349,2,578,11,488.60756128838585,0,0,0,0
23358.927333806656,6,15,1,802.5734248911526,1,1,1,1
9545.10873973303,6,22,2,528.5714621754911,2,1,1,1
16207.495177827295,10,1018,3,535.165049976216,1,1,1,1
38.613193068439806,4,1756,19,58.73815644193716,0,0,0,0
74.71270146703004,1,1597,18,74.10897177538398,0,0,0,0
369.3534289649447,1,1163,16,532.7161047711957,0,0,0,0
12.717487010753679,3,352,15,13.002821249111504,0,0,1,0
4572.125239528821,11,16,0,1144.6405484481515,2,1,1,1
87.66203640026768,2,1131,5,95.13333901343015,0,0,1,0
39.5029183635642,1,1273,9,51.23101994273572,0,0,0,0
26.12332217189585,4,1574,8,41.512402636883884,0,0,0,0
33.36407104854939,3,851,8,26.088076953398847,0,0,0,0
274.0493577298221,2,994,8,416.9356346272191,0,0,0,0
513.9202454676806,5,1047,10,542.6920284895101,0,0,0,0
50.941070798662714,4,368,16,64.83633121591912,0,0,0,0
41.3848532741752,1,497,9,29.790789666013755,0,0,0,0
104.11124553159263,2,1619,11,145.26006805280963,0,0,0,0
8292.290321493252,6,23,1,211.7161515674872,0,1,1,1
861.7954402992463,1,303,8,636.3897239680897,0,0,0,0
492.00679730239017,2,249,9,571.1064738910138,1,0,0,0
11737.692605161734,11,712,0,1173.7613242598602,0,0,0,1
222.34219242765542,3,813,13,334.3878142640306,0,0,0,0
22.7196367726921,2,1555,16,20.11649583489519,0,0,0,0
80.87504970363797,4,541,22,59.45405894537331,0,0,0,0
356.73447499125126,2,738,12,415.03621415696375,0,0,0,0
516.3457297889067,2,413,16,805.5435261875357,0,0,0,0
69.68191863363144,3,346,14,57.66974256000433,0,0,0,0
91.17588576257927,1,216,9,80.08461881428005,0,0,0,0
632.5255463250327,1,1793,17,823.5137107329738,0,0,1,0
14.083264625835161,2,200,20,14.044930319448763,0,0,0,0
6294.521739593548,10,634,3,62.92236292156103,3,0,1,1
57.823220363755475,3,1260,14,55.59126603300669,0,0,0,0
239.47993108327506,2,352,8,302.105622994368,0,0,0,0
341.9364177468022,2,1214,9,526.4612748584836,0,0,0,0
276.07061207397203,2,251,9,238.06541977220627,0,0,0,0
21.924924533640336,6,195,21,27.88584467444763,0,0,0,0
49281.48431316072,10,5,0,1125.3293039420187,3,0,1,1
323.5500781256764,1,1400,5,320.59476171874775,0,1,0,0
330.76690296846516,3,992,8,291.96865327820115,0,0,1,0
180.82690982953628,2,639,12,250.46822927927442,0,0,1,0
12711.594544759104,12,127,20,790.5894319635892,0,1,1,1
311.71565833552427,4,1368,17,359.20230279167873,0,0,0,0
65.8328435644618,3,973,13,77.29381497167286,0,0,1,0
488.03560633446443,3,1747,19,513.5259303053116,0,0,0,0
12.693279980897843,2,806,5,7.633476323055469,0,1,0,0
929.1448136563553,1,882,14,1208.3309945872584,0,1,0,0
361.5554396306355,2,1672,12,457.34912374519797,0,0,0,0
20.27986353768327,1,971,17,25.055179337321725,0,0,0,0
7485.8876156223205,11,755,0,253.0050271825592,2,1,1,1
428.8938508206693,3,98,6,412.8507182570135,0,0,0,0
268.1415084963273,2,526,16,240.35155546948957,0,0,0,0
218.01102591904512,3,96,9,181.1645931942154,0,0,0,0
648.750024297434,2,411,5,900.5125703723952,0,0,0,0
78.82987284457163,2,1102,17,52.196093771918314,0,0,0,0
91.78191004130804,2,200,17,130.15995091914823,0,0,0,0
282.31704925899726,5,1597,16,254.67834704239948,0,0,1,0
244.10497246274744,2,307,1,270.98684717175666,0,0,0,0
423.0402852898772,2,445,19,544.908219357967,0,0,0,0
309473.26069372793,10,263,15,354.6566737041042,1,1,1,1
735.3354172646559,1,1612,11,491.1826245891676,0,0,0,0
121.95249389495551,2,1198,11,158.3175783426391,0,0,0,0
4779.611971378251,8,609,17,566.3109188048091,1,1,0,1
196.29991803961528,5,344,12,127.66868408753705,0,0,1,0
74.71851645912506,1,897,13,70.79927858669052,0,0,0,0
4322.018611555134,8,1128,2,314.78564948567293,1,1,1,1
192.49364842963016,3,747,8,287.3220245573251,0,0,0,0
72.31155549515324,5,1401,1,107.24116147632033,0,0,0,0
13147.165149064507,5,19,2,97.33994267037859,0,1,1,1
270.3715032695163,1,898,7,285.86659769442855,0,0,1,0
9121.443712206277,9,505,19,74.65312149268267,2,0,0,1
173.59544731586064,4,273,11,117.07871030850878,0,0,0,0
188.55822706152642,3,469,8,248.41314557674798,1,0,0,0
264.79402760504126,3,537,16,363.00971827533664,0,0,0,0
124.6501130547614,2,878,20,195.80453070476256,0,0,1,0
639.9708920742775,2,1183,14,772.9637575476768,0,0,0,0
81.91148189919674,3,1434,17,77.71264102555327,0,0,0,0
100.00343120723667,2,172,16,82.86449384177422,0,0,1,0
488.08188290351904,4,1323,9,628.9919930869213,0,0,0,0
67.45801071783437,2,1778,11,43.6956429220963,0,0,0,0
343.02934426147124,4,609,16,468.15716428598654,0,0,0,0
37.20937970167951,5,510,7,53.3202522921953,0,0,0,0
426.1328585119414,5,1059,8,670.3950294315933,0,0,0,0
29.267834615127942,3,1481,9,17.80681452258503,0,0,0,0
132.43860608507117,2,297,11,210.74080261535528,0,0,0,0
1068.8180946435812,4,1685,9,827.4837692617584,0,0,1,0
110.89443164237537,2,64,18,103.51723520044493,0,0,0,0
895.6174806555633,4,108,8,725.3989993535653,0,0,0,0
127.68854909930042,4,1694,7,161.74548053340163,0,0,0,0
855.5065261285076,2,751,15,929.2679493069652,0,0,0,0
45.336281117226044,4,1457,12,53.36822495604051,0,0,1,0
8944.381470291646,13,12,12,826.6959677794033,1,0,1,1
65.96240625266806,3,897,7,97.92571101606981,0,0,0,0
146.32639998262144,5,1582,8,92.68631628561468,0,0,1,0
42.0353328927153,3,1137,11,47.46685403737101,0,0,1,0
136.01928907713227,3,1745,23,200.0049499537583,0,0,0,0
157.0674449820992,1,1166,11,199.007601043132,0,0,0,0
173.54650009674958,6,787,19,203.05236963474522,0,0,0,0
238.71702484122048,2,635,9,300.4960700939128,1,0,0,0
72.68634139273473,2,489,13,112.89357756912533,0,0,1,0
142.05127490928845,4,1380,14,108.68910001045907,0,0,0,0
304.7016257050048,3,1672,21,368.88035524698796,0,0,0,0
243.30521425850375,2,329,0,227.65299383148258,0,0,1,0
766.0501300311831,3,1379,15,727.5142709405806,0,0,1,0
178.05441654281034,1,1430,11,249.29683667618,0,0,0,0
19737.807058403265,10,11,21,655.4544787684956,0,0,1,1
319.41090034157406,3,1029,8,265.65984510852337,0,0,1,0
206.58019416157242,2,644,10,224.82663919584718,0,0,0,0
409.1557857903365,3,1277,14,607.2379226390326,0,0,0,0
154.0188270491325,3,854,17,92.53899193576791,0,0,0,0
399.17725809444784,6,211,16,616.3866035872094,0,0,0,0
66.74729435368022,2,1354,14,101.2997864006997,0,0,0,0
761.2395281339399,5,213,18,683.7658209240138,0,0,1,0
157.9756920272284,2,1602,17,110.63062145715989,0,0,0,0
176.59826487349338,4,1607,8,244.192246188887,1,0,0,0
24460.970087446283,10,325,15,530.3048339884438,1,1,1,1
24.543886181759035,2,609,9,20.11083775233179,0,0,0,0
193.5774651058788,3,419,8,199.86407120320223,0,0,0,0
87.67317966702589,2,163,14,86.51328121806583,0,0,0,0
79.65745211377758,3,375,6,111.46310242247405,0,0,0,0
543.6694527843542,1,1491,9,737.5606449240051,0,0,0,0
2500.0,12,458,2,1078.4025792170028,1,1,1,1
304.32882166370314,3,1135,8,431.8282031151134,0,0,0,0
23.79816595870063,5,230,12,32.8853571119074,0,0,0,0
40.69921753372878,1,1594,19,37.074046462017016,0,0,0,0
590.090523260093,4,1528,21,940.5116530108209,0,0,0,0
103.14363490911344,1,1162,10,153.8867438122694,0,0,0,0
114.88282361688978,1,1340,17,160.57936049810436,0,0,1,0
13.211901170905602,1,826,20,17.084387714554275,0,0,0,0
66.3657636091526,2,1637,0,68.07740472837814,0,0,0,0
662.2184898911939,1,138,6,847.8872931585121,0,0,0,0
92.9942120996816,2,1392,13,143.62473970723116,0,0,0,0
821.9184164899137,2,641,8,823.8358767813772,0,0,0,0
240.6206973242978,2,383,6,342.8841207841203,0,0,0,0
25.529215903044708,5,1193,17,18.81706279042001,0,0,0,0
92.43289705437638,1,686,20,103.47532722602314,0,0,1,0
21.445923439184803,2,578,16,26.607520837792382,0,0,0,0
254.3776144901975,5,603,15,380.3703412681404,0,0,0,0
160.5152429837616,3,1144,8,206.7876086165393,0,0,0,0
27131.29812807973,7,181,1,312.27994072173215,3,1,1,1
76.28512622586324,3,86,9,94.62439948689237,0,0,1,0
177.33222984636743,1,1158,13,207.85941116222142,0,0,0,0
148.83428022911315,6,279,5,140.96418500124804,0,0,0,0
456.6073858386688,4,1536,14,369.7637035630494,0,0,0,0
23.437988419645293,3,709,12,36.00846056617056,0,0,1,0
24.079537310823447,4,784,8,23.645516319132987,0,0,0,0
490.6691505673695,3,1483,8,403.36174926149323,0,0,0,0
173.60997944687463,3,144,18,216.6648804758572,0,0,0,0
189.0971808349094,2,677,16,255.69243112494718,0,0,0,0
602.0594188695226,4,1158,14,466.69918508301697,0,0,0,0
15.374716040065328,4,1159,23,14.178074812885878,0,0,0,0
75747.77795846273,8,13,9,284.71224410945496,1,1,1,1
211.7482546907954,3,136,14,289.5122368787353,0,1,0,0
303.50964803536846,4,541,16,316.52875347008745,0,0,0,0
82.65331151268676,3,1790,19,63.07680138355408,0,0,0,0
261.9312751724202,3,1022,9,201.9375026938255,0,0,0,0
39.42925943991639,1,1039,19,46.20369786606252,0,0,0,0
168.9751166207993,5,423,8,210.99935004721937,0,0,0,0
684.154111724206,2,1716,8,673.3982875527331,1,0,1,0
100.67279403354254,3,1067,14,94.42473498788976,0,0,0,0
621.1685914045302,6,616,9,502.3702756779505,0,0,0,0
90.07033215069822,3,1782,13,132.3797461095966,0,0,0,0
67.1909102422259,4,875,7,92.12339421843151,0,0,0,0
153.51998438421015,2,1226,7,212.01394685231338,0,0,0,0
187.2490476120343,5,1601,9,223.61032426410333,0,0,0,0
241.09467263895502,2,447,13,307.93978359315236,0,0,0,0
573.6870101662973,5,609,12,399.1252684400864,0,0,0,0
181.38203289268242,2,1504,16,209.81736162084118,0,0,0,0
46.92207770547676,3,1044,17,60.5220322174686,0,0,0,0
32.37166936567212,2,717,14,48.06658935383527,0,0,0,0
275.98542247843636,2,1277,17,339.08715826856604,0,1,0,0
232.59811657889074,2,440,23,304.9902332830629,0,0,0,0
55.6929869214617,1,954,3,87.29219683501924,0,0,1,0
412.42749730012105,6,1133,10,295.7281909178291,0,0,0,0
243.83325516240254,2,288,16,156.66402555754266,0,1,0,0
462.41668251341997,2,277,15,440.48388127832874,0,0,1,0
2786.897892793236,10,218,3,448.75493355971616,0,1,1,1
129.40877793616693,3,148,9,206.5001109796026,0,0,0,0
30.90892814800004,1,605,11,29.94228031500548,0,0,0,0
111.89257809134487,2,421,13,111.11034669922698,0,0,0,0
500.9316900316395,2,1316,12,348.93970418133273,0,0,0,0
121.34680926301796,4,1735,21,78.66280594930798,0,0,0,0
73883.77343968801,13,550,1,904.8872278898032,0,0,1,1
385.9632543140776,4,1311,7,610.4291832156293,0,0,0,0
47.601770272461515,1,112,15,31.795327189170063,1,0,0,0
4050.156840812363,8,1,7,448.6803272801747,3,1,1,1
196.9759656128051,3,289,15,302.1170646052202,0,0,0,0
307.69885060533437,4,37,7,421.60325555910606,0,1,1,0
676.3320785738053,3,1180,12,1063.9017319687348,0,0,0,0
53620.047390425265,5,99,23,609.7196541696425,0,1,1,1
72.87331616542076,2,1011,7,57.35082263818563,0,1,0,0
201.19009092174124,1,1477,7,257.17493028130497,0,0,0,0
158.79764883457915,3,447,12,99.10891987798816,0,0,0,0
203.57893743826006,3,1536,11,278.6258510375025,0,0,0,0
380.49168224596934,3,636,9,260.4418229451278,0,0,0,0
276.0003548641991,2,273,20,215.66454659599412,0,0,0,0
236.22323456487965,6,132,11,350.1367277621595,0,0,0,0
28.835783136163485,2,1353,14,40.16419392143839,0,0,0,0
131.10633875777933,4,1125,17,150.52757241499137,0,0,1,0
29.4752541222374,3,1288,10,40.64003177342649,0,0,0,0
862.6984553479276,3,761,3,1009.1613948652792,0,1,0,0
747.6324962654996,2,1486,13,738.8534645364496,0,0,0,0
449.3738520497422,1,930,23,587.4826232468952,0,0,0,0
269.076783736545,3,227,11,330.86107684537893,0,0,0,0
43.20245582614718,3,113,1,43.22120433314167,0,0,0,0
166.30428279662058,6,451,14,206.2962031140212,0,0,0,0
150.47831295101204,2,1650,15,137.62105166852353,0,0,0,0
90.32903068354145,2,284,9,131.06592705841734,0,0,0,0
159.87033939837596,1,1023,11,177.72924945465815,0,0,0,0
242.97392552615193,1,1748,7,273.31613847525153,0,0,0,0
245.40688954795493,1,704,18,348.2054543632162,0,0,0,0
321.822744384473,4,376,10,372.59549925255186,0,0,0,0
591.1926411283031,4,1172,18,525.1450377183628,0,0,0,0
286.5747111167466,1,1584,21,265.69268679317486,0,0,0,0
226.1029118410553,1,1692,15,248.00688381372262,0,0,0,0
917.9032511015627,6,397,1,568.2642149396194,0,0,0,0
350.4173619721396,6,1090,18,236.44273483020606,0,0,1,0
49.46217456409386,4,1446,19,63.549827881888056,0,1,0,0
497.7317995118072,6,1337,17,581.9884654377964,0,0,0,0
635.9889954474218,2,149,20,401.84457200144914,0,0,0,0
641.551452374154,1,969,10,531.3853219268948,0,0,0,0
16.043510793214505,1,858,12,22.643051710733765,0,0,0,0
140.58923979166616,3,180,12,220.0535018705281,0,0,0,0
28340.98038466195,6,2,6,243.22061698688782,0,0,1,1
377.8669883153801,1,1652,15,309.5711762607091,0,0,1,0
392.4109858416366,4,406,15,563.2821443364346,0,0,0,0
66.05203446232838,5,250,4,89.73402664815998,0,0,0,0
68.94556398481376,2,194,6,80.53946575127068,0,0,0,0
5100.601004467112,7,17,8,335.8693781445277,0,0,1,1
832.9312431090992,1,813,11,1260.7444964392243,0,0,0,0
638.9694281560733,3,365,9,632.8955036841915,0,0,0,0
471.5529054075601,2,832,20,492.3436301095058,0,1,0,0
115846.77976677254,11,5,1,83.0603458366316,2,0,1,1
78.48089963134314,4,663,17,105.41454955677169,0,0,0,0
359.7939447871683,6,1614,11,387.2087231096458,0,0,0,0
66.41657907866895,1,1019,11,83.95873294024054,0,0,0,0
578.9436132898105,2,1293,12,853.6244980608697,0,0,0,0
141142.58300035936,8,26,4,569.7189181444692,0,0,1,1
283.97791486207865,5,1131,18,281.57986371939984,0,0,1,0
19222.492585425403,8,2,6,543.5921115803199,1,1,1,1
19.638469387921575,6,1383,15,14.141944110619521,0,0,1,0
268.8434119697828,5,958,17,388.22750145261796,0,0,0,0
562.3207560114729,4,599,15,468.2555203853004,0,0,0,0
59.884803822609,2,905,7,72.71167784905502,0,0,1,0
3671.9708456979865,16,1163,2,848.5100126855699,0,0,1,1
313.1920983599192,3,494,19,464.1797531830029,0,0,0,0
154.1962253286652,1,1519,14,101.64509660480157,0,0,0,0
84.90636955365858,3,185,21,69.91044821994444,0,0,0,0
234.37618032744015,2,380,15,234.90089853443317,0,0,0,0
3460.620006709177,7,827,17,886.2142070512746,1,0,1,1
81.4899411078475,5,617,18,91.58184008941869,0,0,0,0
942.2495843067604,2,718,17,1314.4703918628709,0,0,0,0
568.2552885256822,4,581,18,668.6374779191732,0,0,0,0
267.09853677722276,4,1431,11,192.55105080755732,0,0,0,0
516.0836417441277,1,1136,15,812.6419656620412,0,0,0,0
18.493407510756057,3,1153,16,20.19996181884494,0,0,1,0
493.5946442043164,6,727,6,719.8365506057658,0,0,0,0
13607.626315227124,9,11,1,602.3000472902738,1,1,1,1
370.3362325621043,5,1178,2,433.54477611680744,0,0,0,0
50.67492592495726,4,630,8,50.63309026445584,0,0,0,0
13.62451993020107,2,1580,11,20.65711830139143,0,0,0,0
117.54746484546267,3,1602,6,98.5877697970644,0,0,0,0
208.0968535633967,4,1124,7,286.56583264421243,0,0,0,0
603.0973570836719,1,1356,16,466.30588313730453,0,1,0,0
16140.43236388592,6,335,17,1126.9565055141923,2,0,1,1
228.74534549245757,3,133,12,171.44123565998763,0,0,0,0
95.16304798853649,6,772,15,147.303090818834,0,0,0,0
171.20667528173314,2,1050,17,243.9906911468441,0,0,0,0
421.83707282589154,3,1686,16,630.3470946739418,0,0,0,0
147.81215014056508,2,493,13,207.56842597281297,0,0,0,0
253.59611489999608,3,558,17,320.9135680435263,0,0,0,0
154.5668268867492,2,329,15,222.78088230255622,0,0,0,0
529.2650634528394,4,582,18,464.26842261640115,0,0,0,0
44.29538954097692,3,142,8,63.867076365991714,0,0,0,0
145.73812475189757,4,285,18,130.7832244016414,0,0,0,0
60.66439367885726,3,193,13,61.557553922113655,0,0,0,0
274.09780531292756,2,255,14,406.6772310250367,0,0,0,0
269.9024514954177,4,36,17,383.95254293545577,0,0,0,0
33.19464309872893,4,177,12,26.264575431233716,0,0,1,0
80.36221748311573,3,1250,14,101.63598250144645,0,0,0,0
23.283082850019696,2,1561,17,20.174822062490765,0,0,1,0
716.6430733208865,4,1167,7,953.3064316373952,0,0,1,0
73.68977614918364,4,798,14,81.84679104053873,0,0,0,0
306.1655921074097,1,207,19,423.49977459384394,0,0,0,0
165.14219490890304,4,657,11,257.2129825664659,0,0,0,0
33.51160732241692,2,1201,8,39.50362344226358,0,1,0,0
367.1961733933619,5,1776,9,462.28295725536697,0,0,0,0
1472.8821904142449,4,739,10,1112.8686217050868,0,0,0,0
161.50520514981616,1,598,17,180.3015196623077,0,0,0,0
43.82475597582875,4,170,11,53.35854316286627,0,0,0,0
137.0830291201974,3,927,13,135.17656091679243,0,0,0,0
42.003590930980394,2,1149,7,40.82604043688559,0,0,0,0
163.55651383553388,6,1492,10,251.0023899485063,0,0,0,0
978.7815204061852,3,748,10,1177.9967093000218,0,0,0,0
833.7157429519815,4,1590,16,1322.4054818551806,0,0,1,0
399.33052241987167,2,1319,18,379.1417253228687,0,0,0,0
2500.0,7,507,0,1128.629704655256,1,1,0,1
126.49052736490245,6,416,13,111.94901500196235,0,0,1,0
30124.705454827836,5,306,5,145.4834768223366,0,1,1,1
434.21954462680577,3,280,13,364.06663863143024,0,0,0,0
133.43371916206252,4,69,9,181.98680604112027,0,0,0,0
34.74607353719556,2,240,7,42.482270432976705,0,0,0,0
116563.31601239191,8,417,8,1020.2237501998027,1,0,1,1
12.764182407924299,4,1284,9,16.790246440032593,0,0,0,0
869.4128891385227,1,1732,21,1057.6585831684793,0,0,0,0
684.8454912385738,4,1566,7,414.0430877919363,0,0,0,0
16561.023381027546,7,57,2,653.6606694493768,3,1,1,1
227.6735684757729,3,1606,13,254.55461741067126,0,0,0,0
137.77111134160248,2,483,8,110.78111958646744,0,0,0,0
242.55258725804148,3,423,18,321.7951450545081,0,0,0,0
72.1505442324283,1,1654,15,76.20304195957986,0,0,0,0
3135.271379569835,6,4,10,952.0568725486991,2,1,1,1
100.84546739794669,3,791,11,148.49431371949282,0,0,0,0
267.4567053845208,6,990,8,237.65608443866574,0,0,0,0
77.58190365211077,2,879,16,59.79797634453463,0,0,0,0
21.39494653763753,1,1774,13,30.411873580169626,0,0,0,0
8641.885892527014,6,842,21,1006.7034754699234,0,0,0,1
443.9264884182659,2,661,13,404.27353801553187,0,0,1,0
117.96887356623883,3,1416,9,112.38209456138266,0,0,0,0
231.32835770507938,2,1191,10,279.5119768510702,1,0,0,0
311.2832766929433,4,997,19,303.6006288173185,0,0,0,0
192.49299054369715,1,769,19,150.94385273301828,0,0,1,0
164.7314837098199,6,696,6,150.7128709321185,0,0,0,0
227.45234740766026,3,190,16,230.4633958326971,0,0,0,0
8922.856506279317,19,118,2,455.26247727999134,1,0,1,1
58.556442505841815,3,221,8,87.6352593726132,0,0,0,0
636.129532101234,1,1795,11,1011.3431032629578,0,0,0,0
151.46004416028805,1,1035,12,107.62342812127696,0,0,0,0
155.14870388505682,1,910,1,170.2562359270567,0,0,1,0
416.8211293123596,2,1396,11,503.0516193869643,0,0,0,0
297.011438634224,4,1195,11,415.7607378630412,0,0,0,0
136.81449843560762,1,712,17,131.9809868015278,0,0,0,0
703.0718814974002,1,1696,18,824.8357515588511,0,0,1,0
188.9142282011113,1,1361,15,132.74038727379119,0,0,0,0
56.50948502614848,4,1750,23,86.68730632842104,0,0,0,0
122.42542000852136,5,56,9,129.08400639605816,0,0,0,0
107.59109436759704,2,493,15,93.05300642259665,0,0,0,0
257.0192322337066,3,779,16,216.73125265658388,0,0,0,0
25.828052237632846,3,1071,18,34.41775937829045,0,0,1,0
357.7535072668771,4,1270,7,380.34975407794354,0,0,0,0
71951.053429728,8,5,2,747.4980747271878,0,1,1,1
77.64963678381505,3,1361,23,49.965721143207375,0,0,0,0
41.26365558654071,2,435,6,45.86073322746414,0,0,0,0
218.17886598584943,5,1371,17,155.0759971010649,0,0,1,0
48.51658546999043,1,151,14,52.26136222472695,0,0,0,0
153.88687334122346,6,908,16,161.55247897809468,0,0,0,0
33.54384021618904,5,1480,20,36.64312554862045,0,0,0,0
163.7905402292308,3,903,11,113.06590511503961,0,0,1,0
2500.0,11,1077,1,96.23989752872416,0,0,1,1
26.757864824823837,5,593,16,22.734155096584445,0,0,0,0
174.13431048818478,1,1736,11,193.86838054073516,1,0,0,0
153.19607959923977,3,1041,10,197.11744526795147,0,0,0,0
495.480508239025,5,1794,20,771.1764800630635,0,0,0,0
299.14819675795644,2,1689,11,321.6924543381748,0,0,0,0
166.9248890365449,2,853,19,208.70743763360468,0,0,0,0
9136.40208492423,10,907,1,1161.247148673879,1,1,1,1
101.60074113236547,2,822,10,141.55637745242856,0,0,0,0
4739.377421082601,8,257,4,308.1555385440898,3,1,1,1
363.3700526752884,3,117,10,276.52834823072186,0,0,0,0
529.3482097394126,2,1060,7,414.31251837836106,0,0,0,0
4288.428994712899,10,22,20,618.0124533312209,3,1,1,1
499.214173290826,5,438,4,514.5248967480895,0,0,0,0
121.3550829481414,1,225,16,86.89243693711745,0,0,0,0
32.60634692085827,1,65,11,46.17168975313989,0,0,1,0
12.323898225277272,5,1035,9,10.461118893692921,0,0,0,0
10.781633468415965,2,951,13,10.919738064322111,0,0,0,0
89.8472230375153,4,1705,17,63.778349996937436,1,0,1,0
822.2729653766885,2,1599,15,804.1217773007394,0,0,0,0
65.22289298783616,4,1259,16,44.08589089369123,0,0,0,0
30074.149234932505,9,29,5,837.9115322325185,0,1,1,1
279.47477851919393,3,1469,17,178.98132129343765,0,0,0,0
143.9613628502523,3,1614,6,157.6430904682241,0,1,0,0
497.97364479542534,4,219,13,615.3954358649845,0,0,0,0
143.0216107875843,1,1503,20,184.58769335084216,0,1,0,0
23.303662864280334,3,273,9,34.67035998001634,0,0,0,0
23.568088136278842,2,806,7,18.281115370301432,0,0,0,0
260.96326534540674,3,1724,21,233.88737148887648,0,0,0,0
76.08038823377613,3,1316,17,62.27207945125135,0,0,1,0
215.10010130920335,1,1019,1,170.69358134956607,0,0,0,0
556.7600838183238,2,825,17,484.5369401525967,0,0,0,0
336.092234473877,3,249,19,332.8921482519936,0,0,0,0
104.30744598666946,3,1712,7,116.9548154309861,1,0,0,0
236.87429927822697,3,990,16,269.46699115000524,0,0,0,0
262.9460286760326,1,565,19,284.0562575409885,0,0,0,0
478.9750597742622,3,1531,23,679.9668012823122,0,0,1,0
154.3372702586649,2,405,9,132.12896269898042,0,0,0,0
420.8695921823427,3,1586,22,529.941857115524,0,1,0,0
201.71022598561495,3,1290,19,255.7729014062399,0,0,1,0
129.95665975848988,3,1353,14,158.2760889087474,0,0,0,0
117.93697277092065,2,1443,11,94.99552676635597,0,0,0,0
643.8073177148939,2,360,16,444.80878713054506,0,0,0,0
745.7105982735374,3,1516,12,829.5221859801048,0,0,0,0
126.07176480036354,4,1772,7,120.76824050435695,0,0,0,0
393.58895655717373,1,805,19,422.43592436946574,0,0,0,0
219.34856709499743,4,1021,16,287.12216869513975,0,0,0,0
285.5556294530967,5,1465,10,386.1243699581663,0,0,0,0
47.48644976161126,3,1650,9,75.8879089136857,0,0,0,0
10698.814490173745,8,8,1,771.7309975423336,1,1,1,1
136.7886927864398,4,369,22,159.41563382356313,0,0,0,0
148.58811240084037,3,1596,17,173.64207403118982,0,1,0,0
55.53145810215999,2,1456,20,77.17301337118033,0,0,0,0
13241.34204876388,8,5,21,682.3381858152101,3,1,1,1
667.0493064635443,2,148,16,591.7848618192339,0,0,0,0
120.71319904663906,3,306,15,187.34061211946852,0,0,0,0
383.3691499909432,3,1078,10,434.7096884013884,0,0,1,0
421.4678270164865,2,161,19,292.80426550459515,0,0,0,0
312.3010038229555,4,877,9,250.38339512596306,0,0,0,0
134.7863447928595,3,309,1,97.2395420646752,0,0,0,0
139.8416210443834,2,1792,5,157.91437921098807,0,1,0,0
372.1610974911663,3,300,14,592.6754697995025,0,0,0,0
138.79688006336815,3,1152,8,202.12470542026793,0,0,1,0
215.38237100763354,3,428,7,266.4488851424563,0,0,0,0
13166.71602689879,9,19,15,1112.9096089425016,1,1,1,1
19.628812209733965,1,648,11,16.215312599831577,0,0,0,0
49512.98465519813,6,1059,17,690.8746118650505,1,0,1,1
1057.2934972801766,3,974,7,889.3550786095392,0,0,1,0
11483.667947153685,9,670,2,1143.8295957383887,0,1,1,1
48.941335165465645,1,563,10,57.727105585381324,0,0,0,0
646.0296017321791,3,642,23,829.56905141421,0,0,0,0
16.419402385368596,3,630,6,19.69476161090708,0,0,0,0
535.5856003163719,1,721,16,561.9524473104592,0,0,1,0
214.8487887762896,2,637,8,250.90127789142488,0,0,0,0
67.18564925100712,2,1579,11,85.87061985764953,0,0,0,0
163.08753391875263,6,1491,11,195.50186513510755,0,0,0,0
59.16942736294634,3,1755,17,46.506098879726395,0,0,0,0
369.170842205128,2,206,18,458.76733353572155,0,0,1,0
50.67944343915538,3,1631,15,43.91646820022058,0,0,0,0
92.28691024306738,3,407,2,105.86199215321783,0,0,0,0
20.99161986608338,2,163,7,15.915948008151041,0,0,0,0
26.90010969048129,3,684,13,32.79735582788858,0,0,0,0
720.503936237887,2,1092,11,881.3273523002894,0,0,0,0
56.84988319662189,2,810,14,87.85890744319413,0,0,0,0
444.9884890981761,3,739,12,282.342492511844,0,0,0,0
2500.0,9,26,4,204.2133266382881,1,0,1,1
325.2521623329948,3,1189,19,320.3690516959519,0,0,0,0
222.32385536229322,1,1030,12,243.5315123922577,0,0,0,0
64.53367365781686,2,769,19,78.46032880959514,0,0,0,0
218.94661305820364,5,1605,17,192.31022911299704,0,0,0,0
13244.032804359775,11,1,14,975.9298339055691,2,1,1,1
600.4691261106914,4,262,10,847.406900937096,0,0,0,0
263.270845749205,2,286,11,173.71526020937998,0,0,0,0
478.59638844427235,6,202,0,605.3820833114181,0,0,0,0
10422.640998510902,4,14,9,1091.2122039205294,2,1,0,1
294.5721586697816,4,133,9,294.4126889973586,0,0,0,0
114.73851639963081,2,243,1,126.60804256564423,0,0,0,0
439.1068282361787,1,1151,17,380.35111601055087,1,0,0,0
521.5083652539383,1,1475,12,515.1993542847532,0,0,1,0
697.9087058170438,2,647,17,999.414754365747,0,0,1,0
20.034604102345558,5,866,18,20.65246748759397,0,0,0,0
13.057236089742327,4,462,15,16.570701488856944,0,0,0,0
200.87496147321173,2,569,10,164.40191853578958,0,0,0,0
388.9597120872499,3,1682,11,337.1287340270264,0,0,1,0
15.137702658841421,4,416,17,21.63918108336846,0,0,1,0
135.62768483586723,3,871,18,180.6438510503734,0,0,0,0
1044.0753969797836,3,1275,13,860.2239952834999,0,0,0,0
39.89243095665967,4,183,6,49.74661366701315,0,0,0,0
275.7783686226152,3,1769,13,339.55949128846606,0,1,0,0
150.3865088841934,2,516,9,195.44412319000045,0,0,0,0
113.59139798050033,5,1724,10,143.57820839941039,0,0,0,0
87.87990559933422,2,1477,11,102.881674927636,0,0,0,0
371.2145410531255,4,746,9,493.46971502643856,0,0,0,0
43.98657392988582,2,507,18,41.81464922606735,0,0,0,0
90.76691777080994,2,144,10,122.18788334451428,0,0,0,0
28.171744694982785,3,941,9,33.964136826819484,0,0,1,0
77.10298458294086,3,1565,11,51.48745564570932,0,0,0,0
2823.1800090294732,6,28,13,852.6078601466712,0,1,0,1
132.57866246430635,3,1705,9,121.14094235694141,0,0,1,0
6857.704604029854,12,44,1,739.462072622831,0,0,1,1
683.9215618060706,3,1427,20,696.8128402665001,0,0,0,0
774.78928640863,3,1687,8,649.5412505810375,0,0,0,0
216.16510121647036,4,369,16,319.5544273822336,0,0,0,0
140.9684431224479,4,519,10,135.9385059361277,0,0,0,0
117.96965421207094,1,682,16,82.56857306001184,0,0,0,0
122.29669017737262,3,1659,18,171.30873895852153,0,0,0,0
82.04489928482558,3,185,10,93.28578821870053,0,0,1,0
5864.613491436079,9,492,16,97.75023424055641,0,1,1,1
425.2740133809862,2,1371,19,553.9340825136256,0,0,0,0
405.209372027699,4,1796,18,632.5340268329036,0,0,0,0
561.4471729235823,4,797,11,655.2867093794637,0,0,1,0
67.60322005403651,4,1535,11,103.77660611955795,0,0,0,0
4146.88930699004,11,500,16,749.3185284485166,2,1,1,1
14716.56706793995,9,874,3,966.1573997480988,1,0,1,1
149.5549367230255,2,327,18,164.0997794712672,0,0,0,0
226.92646138236685,4,1727,14,346.9538262084379,0,0,0,0
144.97497798482294,2,507,13,141.85633779498292,0,0,0,0
98.94860924803217,5,762,21,60.675839237047484,0,0,0,0
45.794221780329096,3,276,13,39.9277759191679,0,0,0,0
41.256558001864065,1,1440,16,25.67563084986429,0,0,0,0
357.5151595246685,4,1294,14,538.4180394462567,0,1,0,0
204.88028340908147,3,777,12,262.51713782276147,0,0,0,0
6344.947179498878,8,121,15,740.7787358068845,1,1,1,1
155.22401625353476,1,1571,7,173.01960157415738,0,0,1,0
48.96237657956287,6,649,5,47.22884196065807,0,0,0,0
57.08838669339281,3,1078,18,87.73002116744736,0,0,0,0
517.9582273419778,3,1047,19,807.8075153984737,0,0,1,0
450.42774881685597,5,651,20,455.28439996697057,0,0,0,0
82.0014972816459,2,31,6,72.6978034650232,0,0,0,0
775.0656320572461,5,1791,23,508.8008930382579,0,0,0,0
396.58737544952635,3,500,20,403.8270828209376,0,0,0,0
251.62597972314632,2,1203,18,257.52945681047356,0,0,1,0
207.06391385052387,1,1601,16,158.87886648651144,0,0,0,0
18778.798598443533,7,12,2,980.8772744378601,2,1,1,1
153.964298559022,2,1757,9,233.7071322745372,0,1,0,0
482.7362306444245,3,722,12,634.7209412186925,0,0,0,0
73.78987785636599,1,888,3,98.65437610860977,0,0,1,0
23.860361743403942,3,315,10,24.25936084745129,0,0,1,0
23973.399504406163,4,6,16,591.8022658308164,1,0,1,1
149.4311328375563,3,1277,9,217.90368835141476,0,0,0,0
526.6039225926554,4,908,9,742.8169072881731,0,0,1,0
62.258467677557185,3,349,12,70.65002237310814,1,0,1,0
197.7882231849522,5,842,20,146.57377418802355,0,1,0,0
391.8764948380871,1,1490,7,298.79861144461535,0,1,0,0
182.27698860084183,6,620,13,210.50640776518347,0,0,0,0
131.03534664982664,2,1225,16,190.56906649651702,0,0,1,0
447.5455702227913,1,1413,19,299.6046385247946,0,0,0,0
57.30516825455984,2,1423,4,62.66768178473375,0,0,0,0
568.9424598217793,4,1344,14,697.8569717154154,0,0,0,0
709.4979606981657,3,662,5,450.31281091776265,0,0,0,0
22.908320395389154,5,1089,20,21.543930440674657,0,0,0,0
938.3975755317707,4,1693,8,680.2067737737227,0,0,0,0
659.3374525555447,3,1760,1,440.49066007752566,0,0,0,0
977.6189796700892,4,1756,8,1390.1406768611894,0,0,0,0
675.405716778069,2,617,19,913.3762678610356,0,0,0,0
302.4143840027876,2,691,12,217.2220012179238,0,0,0,0
129.29185927543844,4,247,11,185.91286282803517,0,0,0,0
267.7067894612455,4,363,13,227.86702491912786,0,0,0,0
82.66266332630639,2,718,10,95.51177859251683,0,0,0,0
2500.0,7,683,1,643.9461374182368,1,0,1,1
12.535414556795802,2,1284,9,19.920337653602754,0,0,0,0
17959.36664689393,9,863,2,855.8705976801153,0,1,1,1
124.8941133882868,1,923,11,199.31720848178702,0,0,0,0
39102.33766979998,7,762,9,1196.6942509477685,2,1,1,1
309.59157416780425,4,1556,17,444.2331741411578,0,0,1,0
54.368413525122094,4,1084,11,80.96994293930263,0,0,0,0
145.43467037010515,1,672,7,116.56015633879758,0,0,0,0
158.93768809965556,2,102,22,243.6425013165174,0,0,0,0
7265.341377232961,8,957,2,1133.9095059968713,0,1,1,1
4956.197826653953,9,218,3,106.47381571275082,0,0,0,1
178.86019192887525,3,1025,15,206.30811369011298,0,0,0,0
10.938031284261436,4,851,5,10.714277929099808,0,0,1,0
780.0559466104272,5,1361,15,1005.7755502739568,0,0,0,0
104.86644153083229,3,82,17,147.78542664504317,0,0,0,0
107.4507726262506,2,131,16,161.58842903241882,0,0,0,0
177.47543020046786,3,1265,19,176.88399800691852,0,1,1,0
70.43945223210265,3,504,9,105.40667911016469,0,0,0,0
269.58036436453983,3,784,17,402.8484895528541,0,0,0,0
28835.0393961321,9,3,16,820.8116623057982,3,1,0,1
47.49420515410645,4,357,9,35.73700029678422,0,0,0,0
397.93254980699686,1,991,3,510.9962280101837,0,0,0,0
81.76929714090166,5,57,9,63.06046896773094,0,0,0,0
477.5731686697012,2,1305,13,321.42168526683054,0,0,1,0
164.35820667193866,2,1712,17,110.26757787787403,0,0,0,0
147.3176448468064,4,1136,3,162.30086625472285,0,0,0,0
30225.795434387186,10,1144,16,374.7541885064014,2,1,1,1
74.79997610475131,3,1546,9,58.50605782838313,0,0,0,0
36.549339750495406,6,660,18,26.72161173501107,0,0,0,0
782.8732474321056,4,1674,13,1223.1995429485316,0,0,0,0
84.70275220319738,2,1430,8,116.45572618907013,1,0,0,0
282.38195995304625,2,203,9,248.51501817520503,0,0,0,0
17.983420323263456,2,281,11,14.722905154206387,0,0,0,0
463.8696382179056,1,1271,11,285.933626914265,0,0,0,0
4171.504241686943,10,208,0,1149.4039110333545,3,1,1,1
801.1363198216529,2,252,15,729.6112492538532,0,0,0,0
206.19890689002546,1,754,7,227.01687306136193,0,0,1,0
497.15702339648595,5,368,5,586.3105018643784,0,0,0,0
148.5013559933142,3,571,20,199.9957939175151,0,0,1,0
67.06655657057175,2,369,11,102.73039185298138,0,0,1,0
81.43290859071408,6,1727,13,85.27325974272422,0,0,0,0
91.63702965778639,2,492,13,69.32750487724743,0,0,0,0
116.9156650415221,5,1780,20,88.99614919136683,0,0,0,0
2500.0,9,28,5,575.5095175368897,2,1,0,1
40.918385927268986,2,1442,6,60.27086346648658,1,0,0,0
210.01085465054555,2,410,12,148.19332201447477,0,0,0,0
4035.0010910536635,8,25,11,264.293455504921,3,0,1,1
448.193387844096,3,1770,18,287.3072052236039,0,0,0,0
156.79756302683123,2,1317,14,211.12153622183683,0,1,0,0
552.8404146810675,2,421,6,552.0841047470982,0,0,0,0
190.89119034546732,1,500,9,251.48647624768853,0,0,0,0
142.34435808339433,3,53,13,149.89116664324976,0,0,0,0
150.68176364029594,1,569,17,110.95735486706143,1,0,1,0
307.24412550778607,3,1702,2,416.47107016827533,0,0,0,0
88.91190695662159,2,1712,9,78.47136144805417,0,0,0,0
232.97052913623054,6,567,7,190.75524521634543,0,0,0,0
8554.627408130878,12,515,9,1011.6544736399136,2,1,1,1
2973.960375235376,8,6,2,254.46129472084516,2,1,1,1
51.24940656257595,4,497,17,72.38061095457823,0,0,0,0
406.3208520357581,2,1196,20,336.57109256573807,0,0,0,0
30840.92488448073,15,15,5,304.55899357098633,3,1,1,1
284.684715716914,3,1235,17,190.63319543878683,0,0,0,0
142.50675395827258,4,175,7,221.38957974331984,0,0,0,0
358.37825182861934,2,1329,12,401.5111480423951,0,0,1,0
17.81671385975138,5,584,20,20.20699370423679,0,0,1,0
420.2337958066606,2,928,20,454.88122181031366,0,1,0,0
241.21784670107672,2,784,11,234.78938785065432,0,0,0,0
212.13339940623746,2,1456,7,335.3524458116904,0,0,0,0
302.10585699899536,2,1442,1,443.18784601334664,1,0,1,0
92810.39107404616,11,23,18,672.9189711755208,1,0,1,1
446.3368384855654,5,1349,14,357.94263797069453,0,0,0,0
63.257257964991005,1,116,9,39.6017741355616,0,0,1,0
160.41662907446926,4,987,9,247.12894474939284,0,0,0,0
322.86621392529844,3,722,16,397.0058398364186,0,0,0,0
286.77728764243403,3,1633,13,401.3689447942877,0,0,0,0
13.048707562194405,2,916,11,12.053556622406273,0,0,0,0
172.46956281095112,2,1581,12,261.9682972472613,0,0,0,0
485.3088735657776,1,1070,15,383.22357591044397,0,0,0,0
609.8296374134202,1,689,11,716.3373113065276,0,0,1,0
211.5384918612094,1,1572,13,139.70569460938398,0,0,1,0
2500.0,5,15,0,817.7258115432301,0,0,1,1
28.821636549119024,6,443,11,37.57448957675087,0,0,0,0
385.3266554615154,3,1579,15,550.9046219940826,0,0,0,0
138.60651683274776,4,1112,5,179.33715756952762,0,0,1,0
154.21143297320017,3,1538,9,241.70269121152208,0,0,0,0
583.7755854073458,2,708,12,592.5933894622422,0,0,0,0
212.14655395940028,2,1356,15,262.1443167743716,0,0,0,0
1019.6605415039801,2,1008,17,1420.5136779334523,0,0,0,0
177.17599594690554,4,537,15,152.36877867524768,0,0,0,0
132.22814327293202,2,1077,14,169.36928619826602,0,0,0,0
69.76208794540369,4,119,15,96.21478302276428,0,0,1,0
53.995630267079584,2,537,9,82.03086269186377,0,0,0,0
109258.78219627711,8,22,15,834.4846717649115,1,0,1,1
161.72259192076913,1,454,11,214.9235657876702,0,0,1,0
474.4643565206648,4,601,12,698.0555780859246,0,0,0,0
57.90105563478344,4,1600,7,63.027249255464405,0,0,0,0
13206.923703554663,7,1155,14,863.8791174580701,2,1,1,1
96.40486697957483,2,1361,5,103.93254666683,0,0,0,0
886.0279341130455,5,173,19,583.1930950628768,0,0,0,0
37.418504215771364,4,974,20,39.17175918156016,0,0,0,0
6978.58865385068,10,9,3,419.0583835454085,0,0,1,1
165.89674332080963,3,1504,15,103.40433031377071,0,0,0,0
453.19356203323156,4,983,12,585.190384085867,0,0,0,0
98.40111152927196,2,1552,15,89.75114214603711,0,0,0,0
20.487523520182577,3,1055,4,25.371726153738965,0,0,0,0
168.1390941650705,3,1373,18,176.9038190848825,0,0,0,0
86.72514706750984,4,778,13,74.3487268372863,0,0,0,0
377.4119851114338,4,907,14,373.6397997094014,0,0,0,0
32.751224188087704,3,1187,12,31.322585115302758,0,0,0,0
45.82777932689425,3,86,7,39.133844956113144,0,0,0,0
19828.652107634527,9,10,5,360.4782019643567,0,0,1,1
149.07518870303733,2,600,10,138.25119836641613,0,0,0,0
205.06044702237818,5,1095,10,285.16454851616066,0,0,1,0
113.7140840792737,5,118,10,160.37773114548378,0,0,0,0
230.93646934678637,2,617,15,189.12966747289417,0,0,1,0
523.5088892505995,3,1451,8,822.6433074988767,0,0,1,0
119.6248087026052,2,1640,11,149.42183248554124,0,0,0,0
37.867962262827874,2,146,7,22.952444070331616,0,0,0,0
14240.425500970341,10,18,4,286.4132774517833,1,1,1,1
24.39815688774219,6,1571,17,37.590231667024845,0,0,0,0
187.76478728831353,6,903,7,275.0976693395542,0,0,0,0
37.13098744349564,5,259,19,58.20574581327124,0,0,0,0
413.0939297776898,4,795,1,568.3207655386914,0,0,0,0
480.2257699063366,2,1002,9,509.21381048212237,0,0,0,0
78.2296183070404,5,1237,7,104.53556669389538,0,0,0,0
213.688535770203,1,1783,15,186.61548712272577,0,0,0,0
13952.613875573368,7,26,11,1036.0270711375888,3,1,1,1
67.6734344344203,2,1161,9,57.014027788081826,0,0,0,0
2945.947014413475,8,18,4,53.06289391818132,2,1,1,1
292.12648324541794,5,1281,21,260.3040148873643,0,0,0,0
200.67927608821722,3,753,7,218.73420283508878,0,0,0,0
20.93136080214392,4,33,14,23.25931240746339,1,0,0,0
585.7040884282139,4,835,10,848.6673320549797,0,0,0,0
243.3080960274749,4,1078,10,204.06733634892285,0,0,0,0
1021.1398747286439,3,1118,8,859.4120210153636,0,0,0,0
28.655757778651502,6,1627,7,41.662225795151215,0,0,0,0
22.17095372304569,3,1686,15,21.720909788350106,0,0,0,0
87.38932888116578,1,1367,1,118.2616539695562,1,0,1,0
165.62139631733885,3,1694,2,110.3441746053325,0,0,0,0
44.26891549509624,3,1078,14,33.8131862404534,0,0,1,0
287.74589369059174,4,1647,20,459.37199831957537,0,0,0,0
19.779183884658618,1,1190,13,25.46128137231453,0,0,0,0
259.0904709445206,2,482,10,190.25507536423976,0,0,0,0
733.778965873831,3,1304,2,729.8725568117208,0,0,0,0
176.70857589980352,4,959,8,140.7613150585311,0,0,0,0
46.1340068438081,2,646,18,47.16053292197698,0,0,1,0
117.0161303798425,3,596,20,76.64551815089949,0,0,0,0
121.75271187857223,2,963,8,186.72935408146756,0,0,0,0
16504.393695815328,9,1100,0,683.6569118731123,2,1,1,1
59.336953715536964,2,826,8,76.75796768327427,1,0,0,0
145.61998736578892,2,1322,17,196.23000535984343,1,0,0,0
42.0952617387413,5,1104,17,34.112667773437515,1,0,0,0
24213.855411074506,9,1159,4,447.5160869395388,1,1,1,1
160.04817650806766,2,1492,13,107.06879086594462,0,0,1,0
31.179765625984565,3,332,10,25.083999371047458,0,0,0,0
379.89595850333086,2,1345,6,565.1631519363401,0,0,0,0
124.92476354305035,3,112,6,98.88601711632865,0,0,1,0
32889.27296144027,8,25,1,1036.0391995226687,0,1,1,1
115.06177500774675,1,237,13,159.66338865822826,1,0,1,0
33.855793439667494,3,1277,14,23.817273657813548,0,0,1,0
35051.425889056285,4,3,5,206.10718036813492,3,1,1,1
194.15345572012984,2,1302,18,224.41416990731565,0,0,0,0
610.9519326960847,2,1160,5,510.26108684035705,0,0,0,0
170.71535129961455,4,1520,15,221.6015184545707,0,0,1,0
1654.8696762129155,1,1205,15,998.510259629572,0,0,0,0
232.7343624888645,4,891,17,321.0192639858297,0,0,1,0
499.71435861197085,2,543,8,461.3433931501956,0,0,0,0
6730.237048070602,8,19,3,180.60519050158078,3,1,1,1
457.84680768312205,3,1705,11,716.502891172859,0,0,0,0
354.2363741292853,5,1628,7,230.1769900738606,0,0,1,0
475.8751229630075,3,992,6,619.1817263565583,0,0,0,0
831.8449808171505,3,586,10,1058.8532094157538,0,0,0,0
200.15169976382248,3,1236,17,291.31610574396126,0,1,0,0
740.5595588427907,3,757,12,1102.483926449662,0,0,1,0
503.4335572042731,4,1543,22,509.16367278655116,0,0,0,0
16.297628897117523,4,73,19,21.402753502158568,0,0,0,0
37.006143832575056,1,670,6,40.74602659359985,0,0,0,0
108.40529018159488,4,1023,17,105.86890128993069,0,0,0,0
761.983460614116,4,1646,10,723.2928651871134,0,0,0,0
174.02340147784514,1,232,10,177.99599003608705,0,0,1,0
244.48816229321883,6,1701,13,383.29368190756986,0,0,0,0
129.7177914205427,3,1136,11,133.17333129927562,0,0,0,0
56.914687098006056,3,1082,12,60.290702117062075,0,0,0,0
230.3906901349901,3,1367,20,252.88856895865933,0,0,0,0
241.74915649008338,2,1156,10,217.34469219870084,0,0,0,0
690.6797439905159,4,925,18,778.0659455290931,0,0,0,0
13178.46424161687,11,555,2,512.8460888795615,1,1,1,1
163.4769480760026,2,304,16,179.76991904071474,0,0,0,0
139.16103338894558,2,336,13,103.94962196242874,1,0,0,0
16545.651594611656,6,873,1,69.99802483738817,0,1,1,1
908.5240092538427,2,647,21,1229.6797238718361,0,0,0,0
119.83167266152061,3,759,10,91.64927095086381,0,0,0,0
289.4550204391479,1,693,14,375.3127933500084,0,0,1,0
21.241925698701717,3,1230,16,33.62662122941749,0,0,0,0
142.71349743870525,2,885,12,94.95588626538165,0,0,1,0
62.08176690685927,1,925,9,47.07658419356259,0,0,0,0
33.54423257122389,2,856,12,29.910202976457608,0,0,0,0
478.9782818612232,4,45,12,338.3144541778416,0,0,0,0
126.37027735316993,2,1144,19,99.44035742317716,0,0,0,0
3519.942805357853,7,141,19,505.98912658968794,3,1,1,1
442.35723137975873,4,406,9,307.1164736812262,0,0,1,0
39.58132690278757,1,439,16,34.021548595336995,0,0,1,0
24.200167716859603,4,102,13,21.635203801636617,0,1,0,0
734.5408974796627,3,1633,8,590.4816257576535,0,0,0,0
47.23279640615361,4,1128,9,68.32746373022131,0,0,0,0
28673.203373670563,11,271,22,1095.8582926357922,0,1,1,1
208.75022029055873,3,151,13,246.92927374205135,0,0,0,0
372.3791567191892,3,506,15,354.0716897881108,0,0,0,0
177.1951521671883,2,254,9,179.24750887175816,0,0,0,0
2500.0,6,1106,5,563.0771135743188,2,1,1,1
331.23272937503435,3,519,10,227.90497598565082,0,0,0,0
54.16132629833606,4,176,13,33.616444728189585,0,0,0,0
437.13406152609446,2,1344,16,544.1777387692971,0,0,0,0
316.728143607144,4,1544,14,308.0930853171231,0,0,0,0
144.78443937326114,1,1031,19,130.49121608956406,0,0,0,0
271.5622104247377,5,552,8,299.2561835471672,0,0,0,0
1452.0204037876897,1,611,8,1153.2150210649597,0,0,1,0
288.5172350979167,2,1388,9,207.43534874428244,0,0,0,0
255.91144324124986,6,1678,6,246.07095595577687,0,0,0,0
264.6937234220271,1,119,13,331.33581927779676,0,0,0,0
227.22559594631798,5,1596,9,213.20692874308202,0,0,0,0
79.1555055032476,3,708,16,116.85274773337964,0,0,0,0
200.67240617486192,3,1186,13,122.49850799311636,0,0,0,0
190.1981463518458,4,1237,8,285.85790433372125,0,0,1,0
139.6749166795575,1,1665,6,133.50836727564746,0,0,0,0
76.06453872952953,3,777,23,52.22530772340288,0,0,0,0
1052.9559556957129,3,1013,12,1239.6074040392732,0,0,0,0
42.55846999577919,5,261,15,30.38042160045302,0,0,0,0
610.7793966388716,1,1020,14,565.547994620069,0,0,0,0
39.584197083119534,1,1704,17,28.02042733589169,0,0,1,0
323.6001941312088,2,720,16,253.77032535854028,0,0,0,0
42.13905337333813,4,628,13,44.69913149363873,0,0,0,0
185.88223035238033,2,290,15,279.6666233736041,0,0,1,0
21.754567186065994,5,678,10,19.484987985699824,0,1,0,0
1059.7539312324877,4,911,15,1219.399313564207,0,0,0,0
84.51904803595944,3,1443,14,56.53268121370409,0,0,0,0
528.3102505747291,2,463,19,563.9248344151379,0,0,1,0
358.2590259522135,3,1750,11,407.386597878028,0,0,1,0
447.6651460296533,3,1760,10,643.4478412971862,1,0,0,0
345.2816964631646,3,1469,22,210.05131916537925,0,0,0,0
163.20853662061373,3,551,23,184.1031564856043,0,0,1,0
52.62678989000749,2,565,16,57.94557568142076,0,0,1,0
45.68190108751046,4,1264,19,36.328753643181145,0,0,0,0
388.3905479827258,6,254,8,272.7523847731073,0,0,0,0
261.13250065919,6,1643,18,316.1568678261602,0,1,0,0
588.5581923706619,3,1144,10,457.3637348456953,0,0,0,0
83.01369923049862,3,961,11,115.52641704141446,0,0,0,0
71.99835713295151,1,1135,10,110.85611762378404,0,0,0,0
55.63496861755437,3,935,11,61.46632034779277,0,0,0,0
72.78156993262743,2,792,10,55.60825636861257,0,0,0,0
15.085844851131608,3,480,11,11.826655299275865,0,0,1,0
994.8524564364549,2,265,12,1032.730163644748,0,0,1,0
111.94630818060787,3,867,15,81.83588651053135,0,0,0,0
57.093129056556926,2,1390,18,84.65171320481761,0,0,0,0
417.62142400838695,1,1402,10,559.4683244393443,0,0,0,0
104.60473023018129,6,394,17,122.36674127853605,0,0,0,0
227.3330512788884,4,482,12,277.8462764603662,0,0,0,0
33.91989336411023,2,605,18,28.7895748411714,0,0,0,0
549.8093277921087,3,412,18,462.87850722091616,0,0,0,0
147.28267466283376,2,720,15,108.13960462629629,0,0,0,0
62.483075053388525,5,1199,11,67.21910701087536,0,0,0,0
64.48902047433558,3,1261,8,53.936421799416905,1,0,0,0
153.61708574820238,2,514,14,211.62794896803874,0,0,0,0
156.96265682692348,4,1050,11,200.63909576292266,0,0,0,0
40.098072973928936,4,1638,6,44.237927215587966,0,0,0,0
30.85425287130254,1,1143,19,37.56303429244694,0,0,0,0
465.5475116174643,2,1313,20,545.7946092809515,0,0,0,0
18.92362114770574,5,223,16,28.703503342724822,0,0,1,0
3800.921943251205,7,15,19,1129.9263172303192,1,1,1,1
585.6928822132954,2,678,14,618.5759949914683,0,0,0,0
440.9970719554556,4,1017,7,501.45047556296004,0,0,0,0
27512.338587869846,12,1,3,1123.190849019917,2,1,1,1
424.00559980507796,3,1444,11,632.7417693636085,0,0,0,0
250.68560874032164,5,632,11,237.61098264745968,0,0,0,0
341.5229067866079,4,185,14,390.5363188091501,0,0,0,0
105.68267910457962,4,686,14,109.09483506798253,0,0,0,0
30.87413394267873,2,530,9,41.91785038338506,0,0,0,0
176.32737055938995,4,1409,11,221.74314853039337,0,0,0,0
52.05812333903124,1,461,8,69.11922313813301,0,0,0,0
42.317946086747185,2,1150,5,62.11612381373547,0,1,0,0
189.70227524701565,3,1192,16,240.62198329078953,0,0,0,0
3383.9584588766406,7,6,13,169.98886764982495,1,1,0,1
45365.02706304915,9,16,13,353.9586333804882,0,0,1,1
167.68511316243917,1,1487,7,171.70342429143514,1,0,0,0
472.79057210191655,2,1630,22,575.1943076654313,0,0,1,0
92.56390709167006,4,521,10,57.368981392109724,0,0,0,0
278.80942879260067,1,191,14,197.9320345481125,0,0,1,0
90.4953097403584,3,581,9,85.71491332861622,0,0,0,0
367.57128898361975,5,990,10,509.31820326637734,1,0,0,0
42.28201078871492,4,587,17,56.54428133564627,0,1,0,0
12468.874538971037,12,3,4,538.5683293594068,0,0,1,1
874.738392326579,5,484,14,552.1695871921972,0,0,0,0
223.4978048912068,4,385,16,193.60735078543672,1,0,0,0
18.724969693211982,3,741,15,23.086322164713934,0,0,0,0
215.10636042846892,1,923,6,150.5015940976099,0,0,0,0
202.01960860302248,1,1499,10,205.78918873942575,0,0,0,0
132129.0415697448,12,303,3,997.6268616772627,2,1,1,1
201.727395734961,2,244,8,161.1740122202871,0,0,0,0
26.243314176819705,3,271,11,41.765675687610106,0,0,0,0
76.51570935272419,5,778,11,92.48149236793202,0,0,0,0
259.33359643412075,4,1552,10,187.31354116590714,0,0,0,0
156.25895710002024,3,1337,19,143.38550858803794,0,0,0,0
419.2438137743495,2,1715,8,367.11507617312196,0,0,0,0
31.223491426437704,3,728,7,45.220077952367326,0,0,0,0
12264.853248600526,5,599,3,334.16172581095805,1,0,1,1
19.491384263812165,2,831,20,17.934707472576918,0,0,0,0
238.63155133583822,3,596,15,168.49962704201374,0,0,0,0
13.057817352242813,3,1309,10,9.997682658646536,0,0,0,0
127.876539530595,4,1731,11,162.23614695886977,0,0,0,0
45.02172932550289,1,1462,9,37.272158993398044,0,0,0,0
247.74506851944975,1,1058,9,385.7328729319812,0,0,1,0
30.89615652013554,3,1194,13,37.114473187390516,0,0,1,0
89420.99258441698,9,45,0,888.4092531714423,3,0,1,1
205.38531951464202,5,1603,6,219.66735364164268,0,0,1,0
132.8234486944452,4,1604,10,151.2573885974704,0,0,0,0
114.02467535336362,4,592,8,126.62196902582889,0,0,0,0
26.66604280450943,4,175,11,38.47961260532532,1,0,1,0
130.63409949359658,3,117,13,86.73841320289552,0,0,0,0
365.74506622746196,4,223,12,462.7013148897491,0,0,0,0
544.3697734784835,1,417,9,804.8590008223063,0,0,0,0
17599.71394855704,5,398,3,491.575422578582,0,1,1,1
479.42874965617284,3,439,16,428.14944518451665,0,0,0,0
304.70537705060383,4,563,10,313.6212626777323,0,0,0,0
229.16732801409873,2,926,19,181.20626755874625,0,0,0,0
110.11002439577307,4,1554,11,175.70415310879977,0,0,0,0
57.77914171053462,2,61,10,68.53836541267451,0,0,0,0
575.1669440347971,6,1604,17,840.5012258124206,0,0,0,0
9211.733970456036,8,419,7,268.4041128308256,0,1,1,1
283.211639305493,2,1754,2,249.02716278001253,0,0,0,0
13.768561488180081,5,1288,14,14.404687220165274,0,0,0,0
294.2122971207534,4,645,7,327.5069459781097,0,0,0,0
32.22320977273253,2,972,17,27.18699121586781,0,0,0,0
46.596021037993964,4,899,9,56.9086347731025,0,0,0,0
221.21709491120225,3,646,5,302.35362838990306,0,0,0,0
376.0793066268314,3,1773,12,456.64369807209505,0,0,0,0
265.5871191295439,1,32,20,347.4328953058287,0,0,0,0
12279.160675110485,11,8,16,714.5495337045841,0,0,1,1
139.78527012608623,3,755,20,209.31301911880144,0,0,0,0
1525.7147104253702,2,1125,21,2323.6983302031535,0,0,0,0
42.944254176498525,3,999,17,48.712111327535666,0,0,0,0
21.63838395857737,3,399,17,20.91620040550707,0,0,0,0
71.91287857956068,3,1330,5,43.732378536919924,0,0,0,0
8036.453336216706,8,524,5,1076.0666700066968,0,0,1,1
29.75005719721147,2,538,16,28.79036419880729,0,0,0,0
124.83337656665128,3,928,11,112.67004048757545,0,0,0,0
50.19093581517637,4,764,13,69.25896113153621,0,0,0,0
151.33967713179976,3,445,14,192.51549997910934,0,0,0,0
219.80072941147557,1,369,6,226.81634110622673,0,0,0,0
91.7346309980522,1,1151,13,87.32995691874167,0,0,0,0
190.6806206123193,2,711,16,210.3489658891468,0,0,0,0
524.3310439606668,6,113,13,811.5780467045898,0,0,0,0
267.03299911866117,2,1400,11,253.1340414577428,0,0,0,0
184.85986315194742,4,525,12,257.0763956250749,0,0,1,0
100.1591264351463,3,1317,10,100.18877939024449,0,0,0,0
484.23961133285036,1,301,13,414.6773524994851,0,0,0,0
124.60407680175501,4,1097,13,108.24304695202517,0,0,0,0
253.96895455313276,3,805,8,218.27759691823374,0,0,0,0
12552.559597943697,8,13,6,230.41961147131684,2,0,0,1
10.879257102700475,3,1619,9,10.813791434200166,0,0,1,0
18727.799341276786,9,784,11,386.36774296309557,2,0,1,1
90.02200323650021,4,1465,14,142.82668620307442,0,0,0,0
449.3669354743383,3,1763,13,531.2140200782189,0,0,0,0
178.99833330574083,3,459,10,250.2668913923241,0,0,0,0
54.252791805168215,5,373,20,44.216909856200395,0,0,0,0
117.92181537876732,2,1244,16,139.8123175639536,0,0,0,0
235.6440118848305,1,812,15,220.4285191270946,0,0,0,0
29.565725543348545,1,178,10,36.338041872522986,0,0,0,0
463.56435302820796,3,332,8,373.01539387748693,0,0,0,0
199.7740456595884,3,89,16,193.0624243072494,0,0,0,0
99.35693438936734,2,944,18,131.55754805421813,0,0,0,0
7783.935215537571,9,1042,3,944.7087911479374,1,0,1,1
72.97453222552065,4,721,7,57.63147213363677,0,0,0,0
656.2785572738707,4,1470,7,503.2167320610205,0,0,0,0
87.16951608700872,2,662,12,124.37715933181452,0,0,1,0
6096.125890525259,9,13,15,798.17765909786,2,1,1,1
176.06457646084252,3,161,12,202.9424156896459,0,0,1,0
71.72196627087777,4,1246,10,75.56995348068028,0,0,0,0
2500.0,8,21,12,992.2120558700993,0,1,1,1
608.998067498336,3,1588,7,744.9331066524345,0,0,0,0
11.033923720849788,6,199,6,13.200098713944167,0,0,0,0
44.723286211730425,5,823,14,53.440479337016754,0,0,0,0
13.511805133887806,1,1493,14,14.56759993014637,0,0,0,0
5134.883166168238,5,861,5,783.0539938876962,2,1,1,1
16.444288599169166,2,854,11,12.043396402019871,0,0,0,0
106.62437866852976,3,657,18,85.48561623524712,0,0,1,0
225.62299285951318,2,1284,9,187.91625705901325,0,0,1,0
181.0514075741805,1,1558,19,220.50432884193634,0,0,0,0
11.160696016585721,3,1523,7,11.199236852922422,1,0,0,0
163.69487378305752,1,626,11,212.44867025892725,0,0,0,0
10041.908251676072,9,1178,9,977.36540628684,0,0,1,1
15.181047377755771,4,351,16,12.18557543944814,0,0,1,0
254.0752979280935,5,1016,15,331.9026371918374,0,0,0,0
106.6854651624711,3,1776,10,109.30864397577693,0,0,0,0
12885.255070647012,9,29,6,180.87566373658686,2,1,1,1
142338.63162991355,9,21,1,1047.950249876572,0,1,1,1
633.2817909747494,2,1297,20,680.8943771211705,0,0,1,0
103.44214492247009,6,516,3,151.28129255892105,0,0,0,0
160.57058764403877,2,1374,18,166.6380839033119,0,0,0,0
366.7848649789478,3,539,19,580.5391778955501,0,0,0,0
167.1645655777107,4,957,8,117.72199271519952,0,0,0,0
80.40991202691497,3,847,13,108.45309955882163,0,0,0,0
64.35952293626792,2,967,10,67.0740334246915,0,0,0,0
81.49230924396275,1,1746,11,67.03729566384641,0,0,0,0
82.89300899185112,2,554,8,65.8912366644493,0,0,1,0
95.23025808175862,5,814,14,103.29737511771452,0,0,0,0
519.8743761823068,5,856,8,786.9240344417586,0,0,1,0
9448.292344467482,7,23,23,70.44118428049569,3,0,1,1
179823.6065983433,11,925,4,1059.025664612389,2,0,1,1
60.36885596150876,5,1411,9,95.08317464094576,0,0,0,0
11735.6873137802,7,28,1,848.1599619879197,2,1,1,1
70.54065294925115,3,858,7,86.7112825719558,0,0,1,0
207.8059494954494,4,426,2,125.28204005030048,0,0,0,0
684.4471975107471,3,556,8,972.7429007188605,0,0,0,0
625.0567343594707,3,1448,7,800.1694341593,0,0,0,0
127.51718713757187,1,537,6,80.55592555062223,0,0,0,0
476.90778954265704,4,775,18,697.9722793609504,0,0,0,0
181.2154156669806,2,1342,14,141.3877195508211,0,0,0,0
76.6621340977327,2,312,14,108.89364270996022,0,0,0,0
528.3685985111885,1,383,9,810.8253682824611,0,0,0,0
163.2168046055454,1,237,9,126.5369638575345,0,0,0,0
166.5296283868117,3,964,13,124.95414833591909,0,0,0,0
139.50022080993048,3,301,15,120.96772445411797,0,0,1,0
317.89774878032813,1,794,8,413.7214152228123,0,0,0,0
213.90916479662056,5,1139,12,267.78661943651474,0,0,0,0
134.48466851841073,5,929,10,101.69080195468314,0,0,0,0
747.6236604895969,2,235,8,1012.1752536019948,0,0,0,0
31.80509916636701,3,1575,10,45.299396470048606,0,0,0,0
150.49950215100154,4,393,9,110.69219092945151,0,0,0,0
383.2648032439527,2,1361,12,254.3671550341281,0,0,1,0
226.75186508324862,2,290,12,299.59124930172015,0,0,0,0
213.67002232576831,4,132,12,313.3849620996682,0,0,1,0
317.51191296093305,1,295,15,341.6862776898707,0,0,0,0
170.04066828817105,3,536,18,213.35193973318937,0,0,1,0
202.43101298609474,3,1541,8,177.8175321395789,0,0,1,0
101.60711851860884,1,183,15,128.05385635326752,0,0,0,0
15.466070840084814,3,211,10,15.762750902997782,0,0,0,0
232.12726173106248,3,52,9,232.59183630589064,0,0,0,0
270.90140461887097,4,256,12,246.74235205924018,0,0,1,0
354.670220042843,5,1161,7,476.1494215648023,0,0,0,0
40.13392063474275,3,1252,10,44.48710108677367,0,0,0,0
184.50339415345206,3,1059,13,158.49682017450425,0,0,0,0
3020.915246392293,8,918,13,353.99989810312695,2,0,1,1
174.36647594558926,2,440,4,223.23037643427998,0,0,0,0
34.80662674836296,2,278,14,36.094200631812576,0,0,0,0
177.87010259656688,2,1205,7,257.1732094789899,0,0,0,0
13813.479320722532,9,3,13,280.6168395263799,0,1,1,1
15.613251423934837,3,1242,11,12.645153533556432,0,0,1,0
614.1349461534927,2,447,14,910.9874566875699,0,0,0,0
11.845052860336754,1,110,13,9.519515010139598,0,0,0,0
14.18291943440413,6,930,14,19.643174691339844,0,0,1,0
72.62657707999105,3,246,6,60.50833499196637,0,0,0,0
149.17608535637393,2,928,6,220.12286304380524,0,0,0,0
169.32746101098152,5,687,17,169.15677424037025,0,0,0,0
186.7711836289499,4,1598,17,190.32600249160436,1,0,0,0
400.47153814711123,3,1516,18,555.3294328241401,0,0,0,0
180.32583263691916,2,1287,16,228.15574966456242,0,0,0,0
14641.66403614923,6,5,5,871.6493709730873,1,0,1,1
128.0869403958157,3,901,7,129.8513747615628,0,0,0,0
457.52562259034016,2,641,7,381.18183238283615,0,0,0,0
58.145967779593136,5,948,5,43.68515831435786,0,0,0,0
313.73925070050564,5,1742,13,358.49790598092375,0,0,0,0
189.4076461373721,3,771,16,202.85032848302507,0,0,0,0
128.416246200618,2,1675,7,158.78239687414052,0,0,0,0
419.99554970286675,4,507,13,581.6209950666038,0,0,0,0
267.8918143388721,2,768,19,307.462022942706,0,0,0,0
2500.0,10,8,1,962.3458809555183,2,1,1,1
28.777149083146757,2,467,4,27.088559827271883,0,0,0,0
19.35095647883932,3,887,21,21.46254617122596,0,0,0,0
218.5233352587434,1,127,9,197.4264432595716,0,0,0,0
237.42146117202017,3,1717,21,322.22553642714644,0,0,0,0
4524.149322444658,5,198,3,587.9501650654554,2,1,1,1
281.4955760082177,2,113,5,346.5975482770962,0,0,0,0
110.45061383951005,4,1102,19,140.99703628931408,0,0,0,0
228.32137551121258,6,827,14,313.1892237887195,0,0,0,0
7557.7776946698605,10,15,19,259.60218673413794,3,0,1,1
503.33620262821603,1,327,9,626.9124216328786,0,0,0,0
671.7789381571199,3,653,18,1060.738840606615,0,0,0,0
1076.0016823224307,3,76,11,859.2078840280985,0,0,0,0
97.32456834456248,3,957,1,68.04686231187272,0,0,0,0
741.1270030067784,5,213,6,621.4248909611914,0,0,0,0
10998.50173796041,9,212,3,976.758538275509,0,0,1,1
248.90136924561855,5,1278,23,326.7815491263958,0,0,0,0
705.0150669482417,3,1142,20,1049.6330156844142,0,0,0,0
316.24165895807,2,1403,18,387.66107828061956,0,0,0,0
182.47201070070443,1,1130,8,215.40288946096732,0,0,0,0
175.12519812184527,6,1632,19,170.5072263835281,0,0,0,0
622.8141976210629,2,1580,14,544.6047009939246,0,0,1,0
536.1697294774324,3,32,7,477.7903081078972,0,0,0,0
246.00961968781655,4,1557,19,312.2756145665337,0,0,0,0
173.98747804597264,3,1475,15,241.79584154990653,0,0,0,0
12998.487690200278,12,594,3,1023.7955686313087,0,1,1,1
418.7116147678925,5,1471,15,400.51822088968873,0,0,0,0
498.55125719941077,3,819,12,490.5758638989629,0,0,0,0
630.6946822011922,3,75,8,561.9740431443364,0,0,0,0
205.6017708019365,2,47,21,311.738326132421,0,0,0,0
492.944113976646,1,460,15,610.092245507826,0,0,0,0
68.70529300142854,2,331,12,42.99951758033662,0,0,0,0
505.81545232834816,5,870,7,802.3186259534134,0,0,0,0
145.66221307432403,2,1783,16,179.55215386331813,0,0,0,0
186.23040345988224,3,435,11,287.2269607542474,0,0,0,0
28.29560906406021,3,59,6,29.274544917547466,0,0,1,0
241.10934565347233,3,1649,9,195.05648320379277,0,0,0,0
171.57454832290443,4,713,9,158.44414213091346,0,0,1,0
85.54953978569402,2,636,14,56.3499306498466,0,0,0,0
128.71628169290733,3,1644,17,112.71692180758838,0,0,0,0
558.655373059573,2,1026,11,758.5866135673411,0,0,1,0
361.1852255090962,2,1006,19,435.16090554499857,0,0,0,0
53.8146086823908,5,512,13,58.717276436173535,0,0,0,0
37.05909517437102,3,1018,8,24.485128881290912,0,0,0,0
784.7621030660334,2,1221,9,1240.6964307677542,0,0,0,0
1400.4193090370932,2,1713,5,1712.272651123917,0,0,0,0
479.8146885462545,4,922,7,420.1231812207024,0,1,0,0
329.70070183862686,4,827,14,399.13908934075647,0,0,0,0
47.16134263846056,4,530,13,39.59832011731372,0,0,0,0
55.00126315700004,2,684,18,56.38994397296894,0,0,0,0
31.15787420704874,4,96,18,33.72293230814202,0,0,0,0
12075.978689356187,11,1002,14,1153.8104184195818,0,1,1,1
46.69121740699674,4,868,5,60.181016396144344,0,0,0,0
88.96286635903432,3,1171,12,66.62493888932224,0,0,1,0
39.8674601325052,3,465,17,46.83982384512522,0,0,0,0
604.4434780090751,1,1608,4,930.4483755920178,0,0,0,0
9187.516811702888,9,782,18,492.35643884535034,1,1,1,1
195.94617886617598,5,1621,15,224.50716811214727,0,0,0,0
19.55217513881635,3,1272,8,27.70403332649773,0,0,0,0
204.7382710400823,3,528,9,166.3802607915881,0,1,0,0
180.22907824573636,2,1165,7,250.68420646494314,0,0,0,0
87.53516123754284,4,1692,14,59.5456606671436,0,0,0,0
282.7161855408648,3,1222,17,247.4765801912627,0,0,0,0
369.34108713675147,2,904,8,293.77692713253725,0,0,0,0
99.98316846598019,5,1431,14,131.18019468709667,0,0,0,0
159.16385297652545,4,1081,18,221.66056880999466,0,0,0,0
64.61186185028274,5,1300,21,50.872978569864,0,0,0,0
29.825533692512703,3,785,19,24.320476236953407,0,0,0,0
13.329273269093612,2,945,10,13.701896112892442,0,0,1,0
632.1646670088718,4,1495,15,444.1754091362202,0,0,0,0
106.95387493980208,2,206,16,87.397132981329,0,1,0,0
25.987078790244112,4,1797,8,25.970460809934607,0,0,0,0
784.5258746390766,1,662,7,989.3657289848046,0,0,0,0
218.34147216688186,2,937,17,206.05232171120485,0,0,0,0
255.64096443656055,3,832,13,258.6170238686558,0,0,0,0
504.842629619259,6,59,7,771.4662739508483,0,0,1,0
245.75286485676244,2,922,18,186.32750636801185,0,0,1,0
338.9832952504061,2,417,17,493.1222008016026,0,1,0,0
175.42209587491092,2,1618,19,240.97913063636997,0,0,0,0
112.86936066967037,2,1502,1,84.69711786414987,0,1,0,0
219.5668509795302,2,117,11,268.0999808137764,0,0,0,0
14.413279353958032,4,733,19,19.739629637803844,0,0,0,0
30960.391479618484,7,2,1,603.2309514728319,2,1,1,1
104.98767951523858,2,731,7,136.35327796563558,1,0,1,0
727.7480346162184,2,317,20,844.7966941191346,0,0,0,0
410.34305756733664,4,1595,10,314.82388403529905,0,0,0,0
31.64209219480825,2,1121,7,35.84653193932118,0,0,0,0
149.5194001527248,4,486,6,99.89506024395361,0,0,0,0
34.61733589855189,4,539,8,27.93311227021934,1,0,1,0
35.40987134585326,3,136,1,26.08194105942935,0,0,0,0
32.73830049839789,4,121,10,21.255662015615336,0,0,0,0
46.25022519151833,3,798,6,47.6509752694342,0,0,0,0
46.854829829569944,3,883,19,46.548701574724035,1,0,0,0
2500.0,8,653,15,886.0571909056608,0,1,1,1
509.57277923330497,3,259,9,430.45877213606076,0,0,0,0
795.0186674159958,3,1168,9,1147.8395487180937,0,0,0,0
879.2710541316936,6,1667,11,1082.8198132660418,0,0,0,0
787.5847664010286,3,387,16,519.1846849528887,0,0,1,0
225.10783301148876,3,776,22,158.758478329579,0,0,0,0
5300.642035367042,8,644,13,428.01586406372815,1,1,1,1
200.09115712680725,2,1759,10,278.4362451497133,0,0,0,0
212.26962227674719,2,714,7,178.65145939973922,0,0,1,0
114.91544850058357,4,790,18,159.08351505907538,0,0,0,0
177.27677742374723,5,423,9,234.78482602053356,0,0,0,0
296.0353377550879,6,1038,18,257.499279092535,0,0,0,0
567.7033513088902,2,116,8,822.3201039967287,0,0,1,0
700.4516132297798,3,1493,9,562.6719555842134,0,0,0,0
139.9352119040855,3,1161,8,147.33820637397974,0,0,0,0
206.79946578217024,5,1101,5,318.61430603180503,0,0,0,0
127.88969824321036,5,1725,10,151.18392672719827,0,0,0,0
671.6788791235116,1,734,18,820.705623497443,0,0,1,0
157.99633824517696,2,502,21,111.26863964409318,0,0,1,0
20049.060817322177,7,9,21,1166.038448469237,2,1,1,1
289.42326027640377,2,914,11,344.94831997649345,0,0,1,0
3822.0512315191995,15,11,2,202.02497536901166,0,1,1,1
515.7603684266851,3,586,19,613.8018750154328,0,0,1,0
30.368167427613262,3,1799,12,24.22035371985049,0,0,0,0
549.2825162597312,3,541,17,364.23832596972176,0,0,0,0
17.664295259010867,1,1725,13,11.153798420033509,0,0,0,0
44.54701877692119,3,335,7,40.18167061702245,0,0,1,0
81.51810507235871,3,1729,12,66.79733043406911,0,0,0,0
28989.627818315374,8,24,11,251.0783684945843,0,1,1,1
132.8101181835285,3,1068,7,86.42932857380704,0,0,0,0
113.88052238225967,3,1150,4,83.55648731064247,0,0,0,0
63.9160095053712,1,423,6,68.59882428728118,0,0,0,0
711.1990145734354,1,148,10,693.503359343738,0,0,0,0
152.95595036522056,3,852,9,116.43789543504049,0,1,0,0
172.242476274482,3,127,14,168.77483398084635,0,0,1,0
162.00249810351644,1,1196,13,224.86986223263568,0,0,0,0
213.91982058776745,5,1189,16,147.6237810290206,0,0,0,0
171.40136833522482,2,795,1,127.15440401995687,0,0,0,0
7444.856089626468,9,14,16,1086.5273452533704,0,1,1,1
300.57526750275184,2,381,11,448.4060036045958,0,0,1,0
42.065794802795125,4,241,8,28.82358781997762,0,0,1,0
523.6258305357338,2,1660,17,644.3834966439117,0,0,1,0
10534.006629013164,6,767,3,318.0036234559931,0,1,1,1
993.9610960088703,1,261,8,966.2436201912972,0,0,0,0
263.722339731505,4,637,19,384.5629726553334,0,0,1,0
268.7122510838289,5,1690,16,371.7614571168985,0,0,0,0
17.91113536532595,3,1590,18,19.134797021956334,0,0,1,0
192821.86827178538,9,1022,9,738.4693432756975,1,0,1,1
367.93863686572786,2,1415,15,486.4493262368508,0,0,0,0
447.8331393808325,2,708,8,509.8943146911401,0,0,0,0
2500.0,6,333,4,256.6803182660557,1,1,1,1
70.49006924813749,5,865,17,100.26214248854343,0,0,0,0
72.03532063433792,3,1148,7,103.7415266576556,0,0,0,0
468.1425897711526,3,695,8,283.6630110346678,0,0,1,0
2991.708878919997,9,7,3,363.00699999803925,1,1,1,1
869.4489983031933,2,39,7,714.6870830301513,0,0,0,0
18.821385873831627,4,558,3,17.676056736029633,0,0,0,0
529.9294574514885,4,723,15,572.5155920734528,0,0,0,0
230.26367873659015,3,1409,6,145.11401785867383,0,0,0,0
425.9786041500113,5,1197,20,425.69641735293845,0,0,0,0
20279.671710123235,9,28,0,524.2736404339136,0,0,1,1
122.2634785256581,5,1048,12,150.09585959207075,0,0,0,0
475.35681832476973,2,598,16,424.98655843226254,0,0,0,0
2500.0,6,380,2,150.02986332172486,1,1,1,1
1037.1190844678001,2,793,17,656.9055844128783,0,0,0,0
375.00096070888617,5,978,17,254.0295489543304,0,0,1,0
131.74143080249004,2,1275,20,206.69009208874118,0,0,1,0
940.131940517222,2,1693,16,767.50066215483,0,0,0,0
28.941888296508964,5,648,18,20.47787134834564,0,0,0,0
149.80787819351545,1,340,16,157.06485258480322,0,0,0,0
48.43222554326466,2,945,17,59.177325794606446,0,0,0,0
14.765349555524047,3,869,10,21.184543169448727,0,0,0,0
257.18762609082995,1,191,15,307.1296748102621,0,0,1,0
195.26466119636086,3,809,7,202.1530659299323,0,0,0,0
7662.323423765979,6,135,2,1146.1748510981538,1,1,1,1
78.40200663985581,1,1133,9,93.54759702317156,0,0,0,0
101.71297540097243,3,747,16,155.55260606090792,0,0,0,0
363.10937148730494,4,1309,11,399.8332371025287,0,0,0,0
848.9510769549772,3,1697,9,826.3627111016526,0,0,0,0
23.568297299632736,3,1256,18,15.861041059863595,0,0,1,0
176.00899134839366,4,965,16,263.23230274292325,0,0,0,0
202.43590974523244,2,108,19,128.27241531862242,0,0,1,0
16.49413848550362,2,1351,13,15.678370576466708,1,0,0,0
32757.476086944538,11,14,22,416.4846728531523,2,0,1,1
91.6029543679715,2,1138,8,137.28050026749582,1,0,0,0
133.881789298398,3,168,9,144.82281850952128,0,0,0,0
226.85598801895745,4,421,11,140.7489554040456,0,0,1,0
229.83070972114285,4,563,13,304.2007796163255,0,0,0,0
78.06283871873457,1,804,16,82.99692331080175,0,0,0,0
882.2649160316788,2,682,0,1330.3546310261795,0,0,0,0
26.33562009620229,3,267,8,34.4432836662737,0,0,0,0
813.1347454213505,3,135,10,912.1938237705851,0,0,0,0
428.8048404947199,5,328,8,612.1154577843005,0,0,0,0
705.1062986730454,4,770,17,1118.8027738845997,0,1,0,0
189.67535366277372,3,559,21,166.493581662743,0,0,0,0
141.45403715191625,6,234,10,126.84873476238242,0,0,0,0
5762.204593797079,9,12,2,686.2474216651075,2,1,1,1
187.97497504729157,5,1428,12,148.57610487980114,0,1,0,0
32.19859318359908,3,890,7,35.85097562409023,0,0,1,0
244.25820276788872,2,873,6,154.4237312751734,0,0,1,0
94.1854444697546,3,654,18,69.12638209118101,0,0,0,0
403.20390221649615,5,231,10,420.8743109756571,0,0,1,0
97.85367243307638,2,855,22,62.88643629076237,0,0,0,0
86.12521440957838,3,791,2,88.30958287180538,0,0,0,0
336.6308448340315,3,530,8,262.02553859053995,1,0,0,0
286.8713268347924,1,335,19,320.1723554450094,0,0,0,0
90.66072494783566,2,1089,11,96.661171334153,0,0,0,0
369.1136950392459,2,552,8,420.480633427892,0,0,1,0
557.5780558009353,4,753,19,338.99193941930844,0,0,0,0
117.74391026826859,2,707,18,81.7406514847682,0,0,0,0
305.16193137218704,2,1598,8,258.9900334966371,0,0,0,0
324.840142123745,5,873,8,440.72604965957373,0,0,0,0
118.25083464815594,2,1174,8,160.8849032247859,0,0,0,0
289.08089498212655,4,1288,6,349.93847690651535,0,0,0,0
121.62729515700096,1,273,8,92.71398904456878,0,0,0,0
181.66378886091238,3,1162,14,195.25827113340893,0,0,0,0
50.77550959541119,3,668,14,67.64741981584496,0,0,0,0
49.88159605672071,2,418,14,47.85373588061642,0,0,1,0
289.8441865088449,1,632,13,408.1153635357982,0,0,0,0
607.1133409863901,2,780,15,500.89493955584294,1,0,1,0
113.44766085125771,6,1035,16,143.12196441693854,0,0,0,0
376.5183012193628,1,1543,16,335.42149438943034,0,0,0,0
143.83116799151256,3,564,12,182.1621759391202,0,0,0,0
7257.432077512194,8,1150,19,1069.0285624785936,2,1,1,1
11.268609262949251,4,740,7,12.90559222479905,0,0,0,0
29.35811274910746,3,1146,15,27.705529633921252,0,0,0,0
380.4497015797159,2,76,19,341.78359226684705,0,0,0,0
8755.043913216407,8,22,4,529.3076250734573,3,1,1,1
35.67954701364252,3,1223,10,56.98145529588627,0,1,0,0
12237.880936529358,10,9,11,1049.346899437845,2,1,0,1
24.506740961209054,3,1024,12,35.4111160046671,1,0,0,0
188.5723431548125,2,1780,8,262.8438886630147,0,0,0,0
266.2110521843477,1,1127,5,200.0745582881672,0,0,0,0
27.20257936812422,2,1477,16,25.687514739274576,0,0,0,0
282.4634595500734,3,764,4,270.2886504674901,0,0,0,0
199.9875397142333,2,1526,16,164.92827957678287,0,0,0,0
122.5828850073895,5,540,10,140.72682498075574,0,0,0,0
384.52718846639823,4,1461,10,613.1322530526008,0,0,0,0
215.39863717553206,4,41,13,284.22530021500444,0,1,0,0
5663.26330116974,7,14,1,608.2693666033259,2,1,1,1
361.13831871288005,5,639,18,536.7029002629955,0,0,0,0
32072.292842249208,6,527,12,1134.264942900569,1,1,1,1
245.54650322921174,2,125,7,307.7644245282386,0,0,0,0
241.456167032198,2,513,7,255.33764997597072,0,0,0,0
65.70098978030298,1,1200,1,47.935538416924096,0,0,0,0
94.31608930565837,4,934,17,75.53595904446593,0,0,0,0
243.1112383501624,1,934,21,196.44684487488564,0,1,0,0
2500.0,5,12,5,451.3932672249282,2,1,1,1
1140.329511442429,1,47,19,1772.824773046461,0,0,0,0
271.485242745518,2,1236,10,331.4340367982948,0,0,0,0
80.35188463533247,6,99,21,49.21949802300919,0,0,1,0
215.31104614158556,1,1236,12,175.38136864730427,1,0,1,0
684.5815421333232,2,497,17,678.0758104401943,0,0,0,0
268.5034834761162,2,516,9,166.93497382351063,0,0,0,0
84.26007706772661,3,256,17,132.10735752552586,0,0,0,0
260.3784509641695,2,577,12,369.3170432454054,0,0,0,0
219.98792026308715,3,91,19,236.8654186485616,0,0,0,0
34486.55558247338,8,686,4,924.8014981322899,3,1,1,1
64.63053111638658,4,61,11,43.285195843182265,0,0,1,0
248.3961579389144,2,588,18,213.54686884992384,0,0,0,0
95.47568542446018,3,437,9,113.60531122988205,0,0,1,0
297.303523223614,3,1754,8,426.0236739315065,0,0,1,0
159.2699368498379,1,1696,9,107.16049602543987,0,0,0,0
87.03272466668894,3,1317,13,127.628495789792,0,0,0,0
20100.80080683223,9,670,18,144.2219334601174,3,1,1,1
307.7063994394843,3,774,16,394.10316288719565,0,0,0,0
30515.88713979266,10,17,16,1128.8572777824609,0,0,1,1
11039.014430265925,8,19,14,813.3457499944949,2,1,1,1
148.9513431609481,2,1052,19,207.55944498063488,0,0,0,0
479.5867545619022,2,1056,17,522.6903179708761,0,0,0,0
34.54661206478272,6,595,18,46.46898887999443,0,0,0,0
380.14889323186003,3,1425,1,556.7540289520526,1,0,0,0
6725.583647976999,6,12,1,1179.7342885210385,0,0,1,1
86.37576394162262,2,1472,11,65.87197604577872,0,0,0,0
112.5959003451058,1,1736,13,112.60317158802754,0,0,0,0
399.3215040672696,1,359,14,307.83724873897177,0,0,0,0
430.2267918719992,3,1209,13,299.98962515094325,0,0,1,0
284.5569321284779,2,268,10,227.7130364299272,0,0,0,0
2500.0,9,8,3,477.7709940310672,1,1,1,1
71.34343654563278,5,594,10,74.03647690278656,0,0,0,0
194.83788734719028,5,90,11,229.9838704565027,0,0,0,0
184.38671641455653,1,1744,9,186.21039571551117,0,0,0,0
238.43506438592638,4,1250,12,193.6332143674665,0,0,0,0
534.137703858865,4,828,17,608.6289832819739,0,0,0,0
49.56525669038634,3,1293,10,63.77815810009139,0,0,0,0
34.801252913938534,3,156,16,52.208580625070496,0,0,0,0
28456.725781876008,11,13,19,1162.0919509082557,2,1,1,1
807.7657602356854,1,104,7,894.7949762381019,0,0,0,0
829.4677127188803,3,324,11,1082.327092176611,0,0,0,0
281.4125996793516,2,356,13,191.03755413479612,0,0,0,0
569.4440594159264,3,1059,11,487.0553878639258,0,0,0,0
443.28757835253913,4,55,15,351.43172112998633,0,0,0,0
53.65549895198345,3,1688,6,33.531181576739115,0,0,0,0
112.92501843539183,3,815,17,111.13633063876213,0,0,0,0
7900.129378550975,8,631,4,709.9637889674636,3,1,1,1
49.34736181413171,2,627,12,42.075003149943605,0,0,0,0
31.485620843208594,2,942,14,30.017076465535872,0,1,0,0
293.44273178674433,3,1377,9,353.42517669344574,0,0,0,0
150.1188258731943,2,710,8,96.01917892657421,0,0,0,0
46.78261220488001,3,663,7,40.40411700965648,0,0,1,0
154.8901855622018,3,1297,10,191.3364316414716,0,0,0,0
145.3777433256934,3,908,8,221.62730367473895,0,0,1,0
388.3563075323664,3,539,10,376.83967265723476,0,0,0,0
44472.054892848064,12,18,19,550.6393797268507,2,1,0,1
487.942527827121,3,1359,7,679.8513180469972,0,0,0,0
788.9076395672851,5,543,23,588.8984806842337,0,0,0,0
80.07806087196414,2,1051,12,60.82517569192038,0,0,0,0
23.12619267175586,2,1406,4,17.744699520004566,0,0,0,0
553.094193665131,2,464,11,488.8496893922467,0,0,0,0
2500.0,9,996,5,459.38995105524845,1,1,0,1
97727.03366833058,9,602,4,864.7101654659,1,1,1,1
2500.0,10,486,11,566.0997459796641,2,1,1,1
419.54958029233785,4,1202,16,594.4281121782313,0,0,0,0
296.04461054823037,2,829,18,364.8602138591322,0,0,0,0
439.639403748865,3,117,7,387.53571132750506,0,0,0,0
551.2256292891392,3,840,13,479.24609028169937,0,0,0,0
201.3216777623404,1,1229,10,152.08943748136582,0,0,1,0
179.28303911941939,2,1792,11,206.2084481978482,0,0,1,0
150.042236440469,1,463,7,115.64770091912055,0,0,0,0
73.74188424946843,3,1324,20,101.59493410182783,0,0,1,0
94.65883682175318,3,1366,16,69.21863309028966,0,0,0,0
43.66930588495327,4,1715,5,33.79092119705521,0,0,1,0
2500.0,4,383,3,234.7484400225187,1,1,1,1
169.23086924463118,4,1774,8,260.70385577051525,0,0,1,0
79.40314589240145,3,1102,19,112.88215621573205,0,0,0,0
13.60468243450288,2,579,9,16.002293464452283,0,0,1,0
316.5581215726353,2,1103,9,368.2352915204824,0,0,0,0
1368.311548003704,3,710,15,2113.5439080873507,0,0,0,0
38.1797286911695,3,918,11,37.98173618498964,0,0,0,0
22.840304987634667,2,965,21,21.516814096507993,0,0,0,0
538.8046060666552,2,1751,20,783.6340250115753,0,0,0,0
6412.901978131127,5,771,9,1118.519166168612,1,1,1,1
580.5370722069883,2,1474,19,497.05790295220544,1,0,0,0
322.28158607914986,2,211,22,438.21505967006044,0,1,1,0
67.6307998202337,2,474,6,55.84633623629033,0,0,0,0
233.93653266487823,5,1395,6,277.16379197179526,0,1,0,0
556.9084378448398,2,506,20,751.7525817434193,0,0,0,0
266.9520105797872,5,1329,9,181.9111346710178,0,0,1,0
29.726075141063724,3,1130,13,46.280324962360396,0,0,0,0
23.174720789530426,4,1706,13,15.229807034170145,0,0,0,0
1162.6424369615793,2,1718,12,1751.1565168863988,0,0,0,0
156057.54146900846,9,561,2,53.337072781169184,2,1,0,1
365.44445065569516,5,590,14,269.69915524705436,0,0,0,0
559.5576451299428,2,1679,18,734.3620028131639,0,0,1,0
15089.612011860809,7,9,5,219.6999574159358,1,1,0,1
553.0781141176069,2,1112,16,488.71616967837866,0,0,0,0
10.163401078517593,1,621,12,9.435325549173077,0,0,1,0
75.67782600248123,2,1269,18,87.87245528746652,0,0,0,0
745.5411344908109,3,112,19,741.3863162989549,0,0,0,0
100.71191465108541,4,1388,4,123.77175482826885,0,0,0,0
510.75182532970683,3,565,11,733.5531647038348,0,0,0,0
579.5519777124715,3,1119,17,394.9248395179269,0,0,1,0
254.5405269379758,4,1036,0,386.7213489531696,0,0,0,0
39.41154947106617,3,78,15,41.9189513384761,0,0,0,0
79.23689762518002,2,844,6,79.9842121489816,0,1,0,0
275.4995452855517,4,1735,17,257.84626170450144,0,0,0,0
402.85580386904326,3,1017,16,306.2949364291101,0,0,0,0
88.51057162908705,3,485,18,132.69514349752282,0,0,0,0
132.4008169466102,1,722,6,127.11818279408126,0,0,0,0
365.50759213733704,3,1722,7,353.1798875563702,0,0,0,0
69.15377280906213,2,1631,7,61.71747371102096,0,0,0,0
69.25938501559315,1,1794,6,79.06511535353646,0,1,0,0
328.7922849355367,5,1218,10,445.654474253904,0,0,0,0
305.3975780952576,4,1279,6,485.9160689238357,0,0,0,0
85.41055207043806,1,794,8,55.53664642382545,0,0,1,0
11.601587154353792,4,1660,1,8.673976080502918,0,0,0,0
636.4739739790465,4,1077,12,478.36998920610495,0,1,1,0
45.18589796023083,2,921,15,32.161915197573876,0,0,0,0
103.12208760258844,3,888,21,69.41523746351632,1,0,0,0
161.44228660532463,6,673,15,196.2510569484976,0,0,0,0
223.98275213173872,1,1468,5,222.29289272885336,0,0,0,0
75.69039473773275,1,147,12,103.71041439042145,0,0,0,0
29.240485230954175,3,1723,17,23.259655828236614,0,0,0,0
5123.212050066672,8,896,0,976.4757843699439,1,1,1,1
82.04012324277576,1,245,16,101.1511706332095,0,0,0,0
7595.539819003821,11,1152,3,207.74792930516224,1,0,1,1
499.9800883737299,1,1624,8,416.92389748736673,0,0,0,0
140.6014206136493,3,90,17,128.51095748496036,0,0,1,0
596.9618952665074,1,65,14,593.6859572629963,0,0,0,0
438.0001494541273,3,441,2,312.7272551440391,0,0,0,0
557.9224229296218,3,1345,16,373.9988459094272,0,0,0,0
197.4952418653108,3,804,12,136.22339641508978,0,0,0,0
148.00828132624343,4,1227,18,92.98550246298096,0,0,0,0
15.57831198106067,6,885,17,12.146988759888236,0,0,0,0
142.41313405122523,3,287,8,144.7184454134065,0,0,0,0
51.09720207043746,4,640,17,56.48232957131578,0,0,1,0
107.71694700362117,2,67,11,127.01105311624644,1,0,0,0
192.81664217648682,3,1426,12,301.13939674958704,0,0,0,0
95.24856723392284,5,1704,17,116.89499349170003,0,0,0,0
19548.82856509378,11,8,20,204.2797430357223,2,1,1,1
160.45346967929473,2,233,6,157.43982898173513,0,0,1,0
122.04725056078593,4,1178,10,123.80548867212852,0,0,0,0
700.5741870562035,3,1299,15,580.9885375847002,0,0,0,0
84.68386358784893,2,1136,7,123.49085779733164,0,0,0,0
304.1867970757528,3,1515,6,461.74570682590274,0,0,0,0
11.470498235018912,4,1719,18,13.932439325396619,0,1,0,0
47.04621563158582,3,1751,5,55.34658442913372,0,0,1,0
35.45800120824098,3,1158,13,28.88737127766795,0,0,0,0
273.0192525300923,3,592,12,298.1105798438248,0,0,0,0
23.442185474119718,3,774,17,25.26477597554078,0,0,1,0
242.17992132505606,2,1365,11,301.3581446100269,0,0,0,0
50.44878222064129,1,62,3,38.03752490361612,0,0,0,0
168.2600565742112,1,1424,16,119.53186681638347,0,0,0,0
207.17374644100423,1,538,8,210.7143741774754,0,0,0,0
20.064791591440056,2,1688,11,28.86092986769908,0,0,0,0
486.2052830628197,4,1180,9,632.697870402091,0,0,0,0
319.2420406461282,4,1749,14,305.70441237586215,0,0,0,0
75.94569202898883,2,553,13,63.8475477889177,0,0,0,0
222.99932276381594,5,1639,8,224.4254870365132,0,0,0,0
185.9268724391886,1,823,12,155.47216655925274,0,0,0,0
59.31767638095882,4,741,20,85.89388652758917,0,0,0,0
203.42764650098013,1,1026,8,303.8230567680222,0,0,0,0
30.02594971498627,6,853,14,28.006491480135125,0,0,0,0
215.54201017698435,4,822,8,202.4066443671491,1,1,1,0
177.38703838990608,4,629,15,197.5485771279589,0,0,0,0
727.5398560212452,2,108,14,465.9260621877089,0,0,0,0
33.65728970290524,2,1043,19,51.06193779275317,0,0,0,0
86.56542745803478,1,1598,7,112.71687660366594,0,0,0,0
371.0794050802689,2,458,16,247.04523564890349,0,0,0,0
3133.4970324875285,7,63,5,782.5350840983408,3,0,1,1
361.7606486342622,3,1789,8,418.7146387709185,0,0,1,0
96.44417787143799,1,1485,20,64.8716353065769,0,0,0,0
17.817608042806295,5,643,20,27.31025936884678,0,0,1,0
11.331910596368301,3,153,14,15.00582250007065,0,0,0,0
149.98270053613976,3,1677,17,201.10163495476874,0,0,0,0
23.85130006741497,2,1746,4,35.10621157786535,0,0,0,0
101.75940465972934,3,1216,9,142.71470072384676,0,1,1,0
680.1953016525704,4,285,8,970.1319089113022,0,0,1,0
64.99666297346619,6,89,3,103.28982780421552,0,0,0,0
285.5498453295562,1,1228,9,323.7573940870144,0,0,0,0
930.1599944725237,3,1313,19,912.6439102701535,0,0,1,0
88.92909080272206,6,1607,16,61.890369028728976,0,0,1,0
21822.222914019505,18,5,2,1083.4945752697147,3,1,1,1
528.0743724564306,3,693,13,685.332216686025,0,0,0,0
375.1046544101639,3,941,9,549.32849158602,0,0,0,0
111.95657888782735,2,1550,2,131.58042785432627,0,0,0,0
271.38982020578294,1,424,13,191.46268381894504,0,0,0,0
925.4876988047639,4,1208,9,927.9356870993557,0,0,0,0
616.4054718029927,3,1390,12,866.1917329242608,0,0,0,0
399.02240025024196,3,1629,21,312.2303935795322,0,0,0,0
28.510420404118577,3,677,10,31.847473285558575,0,0,1,0
107.28250562985507,3,745,10,122.95348397344931,0,0,1,0
243.38907920325644,4,792,3,240.04214701780103,0,0,0,0
112.83473791346827,6,1086,10,170.04730220760152,0,0,0,0
11451.612829083579,4,541,14,469.8364844169516,3,1,1,1
364.746148937078,1,896,23,387.20977094413115,0,0,0,0
16.330506575371643,1,1721,20,20.997372035074946,0,0,0,0
178.55638075972612,3,362,7,214.1856840922868,0,0,1,0
20.19195037376798,1,1095,11,22.526049520349073,0,0,0,0
353.0182246464113,5,443,9,234.105451575018,0,0,0,0
625.5398221717925,3,775,8,786.5677308029317,0,0,1,0
81.38230079908455,4,131,15,120.57143605499327,0,0,0,0
3365.9832325976963,8,4,15,732.1512157061378,0,0,1,1
61.72753735705867,4,1244,12,63.302730583344356,0,0,0,0
5244.952081679854,5,27,22,220.73270022379978,2,1,1,1
219.81754888859575,3,1151,4,298.12249749711964,0,0,1,0
288.9781524544855,5,1511,15,311.92515025229966,0,0,0,0
45.960337152987144,6,478,11,44.51094516856322,0,0,1,0
1109.9944947780755,5,303,13,998.0728285848081,0,0,0,0
58.71292135852921,3,1001,20,68.40618064543945,0,0,1,0
505.27777430430734,4,1205,8,703.3483744682859,0,0,1,0
668.4053760290586,3,982,6,592.8378096115716,1,0,0,0
2500.0,18,11,1,506.88939144829925,0,1,1,1
27827.820918921,11,5,3,909.2526059884711,0,0,1,1
175.54113360650493,1,515,10,234.431679195951,0,0,1,0
558.216783892027,3,1533,11,380.29918343812733,0,0,0,0
149.73456926326534,2,1763,15,174.56051886339313,0,0,0,0
225.4694313551828,6,1278,20,288.09905001975415,0,0,0,0
67.2908853304126,3,1613,14,86.40678944585986,1,0,0,0
163.2716234562739,1,674,9,202.74733176570152,0,0,0,0
159.63349864485167,5,1473,17,125.70715120816631,0,0,0,0
567.620276407334,1,1147,4,884.3419807381083,0,1,0,0
26.439058038132877,2,468,13,36.101446344212604,0,0,1,0
145.71905406400177,2,500,9,186.76900250420175,0,1,0,0
344.0262121777073,3,244,9,502.3242480260926,0,0,0,0
641.5573566256312,3,921,18,690.2392772148456,0,0,0,0
250.72641993700876,4,1287,18,333.1289277689081,0,0,1,0
537.7457375772806,2,453,8,612.5026884201499,0,0,1,0
85.20992425252926,4,879,13,129.13917346982254,0,0,0,0
227.31430111090134,3,1033,16,233.7015132187626,0,0,0,0
40.46902599349742,2,1770,12,24.363742323306525,1,0,0,0
28.774757574427653,2,162,21,21.501155764947463,0,0,0,0
462.6471970645098,4,132,20,371.75494311773787,0,0,0,0
126.09023055961579,5,455,9,84.00891316947578,0,0,0,0
328.6495568024682,1,1744,21,284.7570138063713,0,0,0,0
114.67847964431736,4,1076,10,112.8115129245297,0,0,0,0
19.619549632908637,3,1769,17,14.659620975561936,0,0,1,0
147.42473565251993,2,849,10,209.95986383001667,0,0,0,0
97.19401704304008,3,611,11,68.6349944424581,0,0,0,0
216.01668200693075,3,387,5,150.61864988451114,0,0,1,0
3261.640609914521,9,77,5,141.04064196211908,1,0,1,1
118.58534235923551,3,1652,9,85.90292342103018,0,0,0,0
521.7737349629645,4,1531,8,609.1790492832735,0,0,0,0
240.9634798046248,3,1122,20,256.5871936932227,0,0,1,0
162.3513340866565,3,276,14,215.631692088096,0,0,0,0
9910.49790036647,7,3,20,343.00195665944125,0,0,1,1
1521.0367965108085,5,526,5,1325.2756045825374,0,0,0,0
175.44947113984173,1,1370,17,189.13475069749364,0,0,0,0
15241.394795784736,8,6,9,751.8796418885158,0,0,1,1
80.50795371136392,2,1001,12,77.41484825259076,0,0,0,0
36.65217806134636,3,595,12,42.76568227893639,0,0,0,0
480.2539167142549,5,1666,9,527.4372749140902,0,0,1,0
133.72840924543095,3,496,9,112.39695347820746,0,0,0,0
332.66673665944234,2,337,17,463.7110950728605,0,0,1,0
156.11311787294133,3,234,20,140.08430841815058,0,0,1,0
2500.0,7,11,1,1019.8183762298651,1,1,1,1
3764.4989345466083,7,841,2,326.6884743325971,3,1,0,1
6116.339897206034,8,924,2,750.8941896215476,1,0,1,1
39421.503951486804,12,254,13,1067.1809754095584,2,1,1,1
37586.79878036584,7,26,5,1002.2413114984384,2,1,1,1
32.47399298062261,3,800,12,26.57390070122365,0,0,1,0
33.94971654699464,2,1640,9,36.67409644992141,0,0,0,0
366.946780336375,1,973,15,562.0762843191037,0,0,1,0
163.6575461447732,1,552,13,172.4925820234994,0,0,0,0
187.77385780457723,3,1413,16,234.7338700313671,0,0,0,0
74.83998642167668,2,1448,12,51.645211434445635,0,0,0,0
506.9961106854027,2,115,12,801.2688899771316,0,0,0,0
1121.2334115831036,4,1427,7,1286.9452764351365,0,1,0,0
16.506346582500576,1,705,15,24.716977524422614,0,0,0,0
156.63445993929338,3,1533,12,179.98878926288802,0,0,0,0
43.521828722783304,2,1583,19,55.855825772993924,0,1,0,0
955.7048582730159,5,1613,19,804.38928725167,0,0,0,0
91.11046062009525,3,401,15,89.68679190730815,0,0,0,0
273.0476249282756,2,1760,12,392.63640926168586,0,1,0,0
614.2921824775623,3,845,5,835.1225018153681,0,0,0,0
28.04749448712235,2,210,12,41.714797596875485,0,0,1,0
676.2420032956968,4,1536,15,888.7192814599989,0,0,0,0
2500.0,5,29,17,961.6294089893997,0,1,0,1
14671.247578952269,9,22,3,906.6627373020373,2,1,1,1
220.8208509651657,2,1782,19,346.48470569523005,0,0,0,0
218.93339591770658,2,1395,18,299.91882580753156,0,0,0,0
672.073148635857,2,137,11,745.5781206529666,0,0,0,0
714.087354717343,1,501,10,875.6484281456724,0,0,0,0
113.15430944258672,1,1716,9,135.85764050552757,0,0,0,0
466.8680019762033,1,358,7,419.3921065665006,0,0,0,0
101.32302891126741,3,1268,14,91.17318550369306,0,0,0,0
51800.69739354884,7,28,2,1046.1602580106,3,1,1,1
85.05167726053433,4,183,8,110.7875897421886,0,0,0,0
193.66090592540047,1,336,9,172.00571835842106,0,1,0,0
1337.2309783679589,3,734,9,1276.0741758213453,0,0,0,0
73.93753600844144,6,224,13,94.45316264566296,0,0,0,0
89.26659810076973,4,63,13,76.71842769449479,0,0,0,0
188.6339525276401,2,1130,8,170.13963346054084,0,0,0,0
3361.598614500239,9,245,4,341.9612483580712,3,0,1,1
246.78403802706202,3,1093,14,329.27614241027595,0,0,0,0
53.43728009879582,2,567,9,38.052340855822905,0,0,0,0
728.8921081999137,3,725,9,933.8340978919255,0,0,0,0
266.5122266322668,4,912,19,345.0234777514288,0,0,0,0
68.15360727076994,2,1745,20,71.78088979677811,0,1,0,0
78.7076266658487,2,50,12,53.64736080799504,0,0,0,0
250.66760868576793,2,719,19,160.049916692709,0,0,0,0
177.67191873042003,3,1374,15,166.73350201051363,0,0,0,0
247.37936266315836,3,1779,8,275.9946203340405,0,0,0,0
230.58246775103098,2,1015,12,264.7277552305239,0,0,1,0
17230.696384232364,6,20,2,90.5960312312499,2,1,1,1
41.89016082141262,3,1336,6,62.83512273658033,0,0,0,0
367.86246443918515,4,520,9,268.2885813597635,0,0,0,0
12916.626706025487,7,44,2,907.1284677287684,2,1,1,1
22.601980459125315,3,850,5,22.410101873594485,0,0,0,0
3910.5607924055744,11,1170,1,148.27343027497932,3,1,1,1
4435.717373128992,11,10,2,106.65741500617689,3,1,1,1
1795.016096315188,2,466,10,1508.2756847916423,0,0,0,0
89.68028555680286,2,64,9,61.269475569247206,0,0,0,0
130.7496730181507,1,348,11,101.07615813029658,0,0,0,0
278.9124455793839,1,258,9,440.88224604078744,0,0,0,0
453.8485166572404,4,440,16,322.68004590137963,0,0,0,0
333.61635743177953,2,328,10,325.7883748483674,0,1,0,0
10099.911162675462,7,445,3,263.51795614098796,0,1,1,1
85.13322266956186,2,673,7,88.73053708338468,0,0,0,0
186.15151778894207,3,121,16,232.98080009942927,0,0,1,0
321.0963640877682,1,1735,9,451.9156134412036,0,0,0,0
75.69498740688405,2,1321,11,56.414633352784065,0,0,0,0
102.68906955560811,3,1200,4,106.89685797436292,0,0,0,0
222.7675252817663,3,604,12,184.1273064292858,0,0,0,0
601.4105170607226,4,1634,18,833.8329537429362,0,0,0,0
101.4070279170441,4,222,11,78.69410355887483,0,0,0,0
414.28828949038683,2,409,8,339.2882755678387,0,0,0,0
126.23881227353289,3,177,6,87.66317595398432,0,0,0,0
14.629771573645904,3,1600,14,18.332054910591886,0,0,0,0
4273.819538190646,13,25,0,218.15495345550553,2,1,1,1
149823.81631232204,13,1075,6,946.5389827584336,1,0,1,1
147.45379319794782,2,870,10,159.3884204939715,0,0,0,0
18.256500155985655,4,246,9,23.599704577575384,0,0,0,0
9561.857291245968,3,13,0,722.9268671619101,3,1,1,1
149.26322607743091,4,1155,7,217.43287622586678,0,0,0,0
98.50902015671468,3,1766,10,60.71281337441032,0,0,0,0
172.1134329245965,2,1483,16,210.97518385916914,0,0,1,0
43.91851535748638,2,750,9,53.18485759834911,0,0,1,0
163.13551926539495,4,262,10,106.57167442874797,0,0,0,0
129.50051447702504,4,666,16,182.64631321199863,0,0,0,0
169.07842066239127,3,293,23,127.3022306721062,0,0,1,0
109.87828565607322,3,1524,11,175.65446547796225,0,0,0,0
532.2787694055319,2,200,6,590.7269382591712,0,0,0,0
716.3585088400077,4,419,9,1028.9002656040782,0,0,1,0
13.700601423610426,2,947,11,18.014365102320646,0,0,0,0
109211.79148958686,6,902,2,391.2138237265703,0,1,1,1
479.27845275814826,5,694,8,444.68714913825966,0,0,0,0
81.90684556666095,6,973,1,109.25882964714458,0,0,0,0
429.1426003712912,3,1710,8,543.9250260362431,0,0,0,0
894.6003025404415,1,1262,8,1370.2343656701228,0,0,0,0
21.398455167640275,4,1413,20,20.324394220804507,0,0,1,0
682.5547149015462,5,808,13,678.8195366692561,0,1,0,0
56.33008030194724,1,1583,15,42.8092331901392,0,0,0,0
159.37017092666954,4,1168,8,114.25496517403498,0,0,0,0
418.8418085754745,1,1407,13,595.073042694481,0,0,1,0
367.8480281509317,2,1027,13,416.91554429053707,0,0,0,0
80.80919711426174,3,1453,22,109.62950479783657,0,0,0,0
249.0337677044282,5,217,13,353.0136794854112,0,0,0,0
3733.2990961734286,6,24,3,516.0699205946285,1,1,1,1
196.35777154752137,2,1539,8,138.09061597614956,0,0,0,0
771.3393440024967,2,655,7,1037.134841520365,0,0,1,0
579.2228023426328,4,272,18,651.7522069173657,1,0,0,0
44.47467852274671,3,905,10,56.65672741427926,0,0,1,0
497.5696287737962,3,1381,20,765.6093179153364,0,0,1,0
233.11162614250807,5,766,18,366.2858271576992,0,0,0,0
27545.61197751513,12,353,2,710.0328848633366,2,0,1,1
213.93533155885595,3,1321,16,135.21070170812666,0,0,0,0
56.42965407393869,3,909,16,37.958106633909786,0,0,0,0
100.50223311032333,2,519,10,120.27057121648487,1,0,0,0
169.49884306174195,3,1092,16,107.55863775281266,0,0,1,0
97.90078709464572,4,1746,7,148.75170040322507,0,0,0,0
73.97788647583354,3,945,11,114.47498734439195,0,0,0,0
51.41124084907406,2,1030,12,70.5769620862978,1,0,0,0
279.2786914312542,3,1063,8,359.6835058172424,0,0,1,0
398.497503424018,3,1295,22,476.56185424791124,0,0,0,0
97.00553636784691,2,1721,11,100.49688527088765,0,0,0,0
151.25866234574553,3,978,15,218.50116232666983,0,0,0,0
242.78562839102656,4,1387,7,358.75655671974783,0,0,1,0
618.9864228522354,5,1355,17,884.843134965533,0,0,0,0
439.88157625946565,3,1774,17,652.4702835372177,0,0,0,0
35.42363306171299,1,1511,12,51.26956333062838,0,0,1,0
378.6424332648155,3,1628,22,319.0065207107865,0,0,0,0
34.932415462013665,1,185,11,43.474595181029876,0,0,0,0
561.109309825839,3,246,9,386.841653691568,0,0,0,0
231.56071217450707,3,1244,17,236.73319687958093,0,0,0,0
105.00640276419675,4,241,22,110.61862201485245,0,0,1,0
344.742970591927,6,531,17,438.21060578823716,0,0,0,0
173.90993865895143,4,1328,9,268.04351269107303,0,1,0,0
460.1473232795319,2,911,15,406.2633967016505,0,0,0,0
146.00946638301284,4,1765,10,227.03707472776304,0,0,0,0
82.42537408788964,2,596,19,85.72570523403282,0,0,1,0
105.28655785767927,5,1612,8,101.35520295698915,0,0,0,0
11781.58475936789,10,15,9,222.7633488294147,3,1,1,1
156.17901348215315,1,600,14,101.70300879158624,0,0,0,0
462.0925173337711,3,1218,16,467.44897678862225,0,0,0,0
1689.8910403809427,1,752,15,2597.427669311212,0,0,0,0
214.58740794593882,5,1432,3,145.03017261626493,0,0,0,0
102.70787329283128,4,1063,7,88.50097376739386,0,0,0,0
466.81548449728706,1,610,17,630.1158772811824,0,0,0,0
494.75234206759114,3,1618,13,419.3777680685361,0,0,0,0
459.189145820453,1,299,9,417.51499128212515,0,1,1,0
56.29874502096062,2,1749,21,34.17599004752119,0,0,1,0
114.66396925513102,4,423,9,84.55304547474731,0,0,0,0
392.8414121458334,2,1191,11,430.4294128689848,0,0,1,0
260.1098391840346,4,1166,8,397.91436210846825,0,0,0,0
12.347222877710507,6,573,19,8.377002486097284,0,0,0,0
855.6982352601353,5,443,12,694.7292356521426,0,0,0,0
145.83720699750825,3,184,7,215.91632119940527,0,0,0,0
122.79844826245194,2,426,7,96.81854867349108,0,0,0,0
181.2331209794134,2,1515,9,113.25217858081761,0,0,0,0
27.700376603397196,6,788,17,21.09672465048249,0,0,1,0
37.03998650964852,2,973,16,33.010392439616815,1,0,1,0
613.674637447983,1,868,17,806.9495212841631,0,0,0,0
30993.892528323435,10,92,5,620.5722526739019,0,1,1,1
34.09911772242962,2,1577,12,31.3293533084069,0,0,0,0
73.73609469661449,6,926,15,84.88645804444529,0,0,1,0
77.70766908875821,3,660,11,92.06609725320602,0,0,1,0
293.1559445958612,4,269,6,280.0806003744475,0,0,0,0
22404.724594907,8,398,4,322.2794694871194,2,1,1,1
425.1548344322715,6,1019,15,396.28411016304943,0,0,0,0
53.153058844294115,2,1521,16,59.558604956861856,0,0,1,0
253.85536442489388,4,1382,17,365.0738161466853,0,0,0,0
76.52084112438185,2,363,9,49.90566625560286,0,0,0,0
534.2077674679872,1,295,8,746.6266280762595,0,0,1,0
406.2003947818084,2,171,10,509.1763575412837,0,0,0,0
222.51296480528794,2,429,10,150.2567533384775,0,0,0,0
49606.699866757685,8,29,2,252.99593517587152,1,1,1,1
209.55855626816486,2,1260,16,277.72881356350575,0,0,0,0
467.55932813840116,3,136,0,732.2313954728997,0,0,0,0
37.408906374780194,3,434,1,38.25287966786911,0,0,0,0
162.65244739703823,4,245,9,190.7206844193893,0,0,0,0
239.56826718882076,1,1439,9,369.2830412257974,1,0,0,0
142.386302700751,2,1179,13,89.29040702132794,0,0,0,0
69.24935985596153,3,1793,21,86.37222473686742,0,0,0,0
56.51994438198721,2,920,19,76.0339099702592,0,0,0,0
255.15563178755164,5,1407,13,171.6398629449192,0,0,0,0
110.70391739322959,4,867,14,144.58084740289334,0,0,0,0
258.5756906943575,4,1718,11,282.2244996394651,0,0,0,0
151.56089991032138,2,280,13,186.6168279858575,0,0,0,0
176.5902074284014,4,37,9,141.07141253511725,0,0,0,0
23.342621419752007,2,836,6,27.700431892631038,0,0,0,0
8898.305642491607,8,14,2,145.05756866021238,3,0,1,1
46.02603659698015,4,204,20,73.56734436318301,0,0,0,0
261.7892969242589,2,239,22,339.8700283919826,0,0,0,0
128.44796962108586,2,32,8,157.22317078228537,0,0,0,0
1236.2270241858548,1,282,14,1355.8081455054614,0,0,0,0
86.1675941228086,4,1371,15,86.47395157899226,0,0,0,0
9006.859182895854,8,755,2,258.8721376957635,1,1,1,1
37.63805909973243,3,527,14,50.53363897767146,0,0,0,0
193.57575719265836,3,59,11,185.97113032462698,0,0,0,0
330.31352567607223,1,491,11,232.82258675666176,0,0,0,0
273.4721584965067,4,665,5,410.8999672339369,0,0,0,0
178.89606347587386,1,1065,14,245.86625570174579,0,0,0,0
76.70966044626395,5,265,20,90.54883004372675,0,0,0,0
60870.236274083436,9,800,1,746.950472836963,3,0,1,1
67.74734796986161,2,54,14,103.10685322911911,0,0,0,0
75.9592016062532,2,427,21,110.42776219256552,0,0,0,0
89.99709295973491,2,1070,10,65.85767754582957,0,0,0,0
303.55313189192975,3,713,14,430.9138086491622,0,0,0,0
311.8021179132749,2,868,9,311.942147700409,0,0,0,0
411.4436152186428,3,122,18,411.75284781538824,0,0,0,0
176.91008796804283,2,1201,0,182.78113555810353,0,0,0,0
406.4134949331716,3,109,17,523.9374246839673,0,0,0,0
147.79832518885254,2,1368,17,124.82849353232073,0,0,1,0
12.841723915604558,5,1214,1,13.579133199685632,0,0,0,0
33.49551826125026,3,545,18,53.459101647902976,0,0,0,0
562.405901433857,5,1131,4,426.75819964382447,1,0,0,0
649.3657753665543,2,143,18,492.42106489816103,0,0,0,0
152.39487003462378,2,343,13,235.2339373303413,0,1,1,0
196.1640183058593,1,1260,16,257.71041322153803,1,0,0,0
924.7576057480861,3,1513,18,682.1278705415416,0,0,0,0
67.66166857982833,4,1466,6,48.70832096121785,0,0,0,0
211.95423527878765,5,1783,12,325.18629123460033,0,0,0,0
164804.14831314617,9,11,10,258.93314111928316,2,1,1,1
170.5952854116484,4,959,16,189.82812156095548,0,0,0,0
202.2794007456678,5,288,12,252.6799710687905,0,0,0,0
350.248206589148,2,1609,18,427.26677718136307,0,0,0,0
253.9918889141767,5,1725,9,266.1612223953559,0,1,0,0
680.392505716226,1,416,5,901.9128095940782,0,1,1,0
296.85124023930797,2,853,13,226.96315841908452,0,0,0,0
625.941377091606,1,362,11,721.6631815910384,0,0,1,0
32.745819161844814,2,105,5,33.52457288075135,0,0,0,0
588.7252128354867,5,1264,17,830.6121630822861,0,0,0,0
1356.5966671242625,4,443,9,1998.0525191033555,0,0,0,0
386.034877648476,5,1131,7,462.3576483595261,0,0,0,0
611.8285182902991,2,196,19,731.9350260871131,0,0,0,0
22.188129262877922,1,1291,8,15.7297923227172,0,0,0,0
78.30228940318399,3,302,17,119.57324259985396,0,0,0,0
130.74817624141048,5,36,16,140.10197719060233,0,0,0,0
42169.322573334764,12,1177,10,1140.132016889879,2,0,1,1
184.60883109719262,2,307,11,184.79076666054246,0,0,0,0
46.98610335981974,5,51,9,64.71401167799509,0,0,0,0
209.41717934587015,3,1084,17,220.4806912484629,0,0,0,0
434.02066571201743,3,647,16,619.0963100060325,0,0,0,0
21666.203753656333,11,37,5,697.2568865099337,1,1,1,1
443.02504572098206,5,727,9,456.3440535001214,0,0,1,0
499.3082059052764,3,1049,13,382.59758478871385,0,0,1,0
119.58658612835205,1,1346,12,75.07150763753793,0,0,0,0
156.16007087423586,4,764,12,203.42409014205924,0,0,0,0
93.70760987222074,2,62,14,131.45480631125622,0,0,0,0
178.48936634725754,4,676,1,165.6174615668678,0,0,0,0
221.31912886818995,4,1753,6,330.55670541920915,0,0,0,0
379.03821936929654,5,1609,14,309.59216973327614,0,0,0,0
30.02606963754409,2,1102,12,33.89769096098886,0,0,0,0
87.20448908945274,4,736,7,131.3563741566306,0,1,1,0
81.23228292016015,5,98,9,93.24603033322846,0,0,0,0
53.45287162878751,3,790,16,57.3126903780277,0,0,0,0
339.7642767479468,6,802,11,240.47345593812574,0,0,0,0
277.473525153986,3,1614,10,235.80630895700745,0,0,1,0
44.99787687854567,4,242,11,41.22831318062126,0,0,0,0
405.00034892006676,2,1774,8,624.2153767654473,0,0,1,0
64.8357052524608,4,1622,7,91.59298458439987,0,0,0,0
14344.532454300292,8,10,3,814.4677004451847,2,1,1,1
30.767988457461115,2,207,8,18.529163826414443,0,0,0,0
146.50968455677605,2,800,6,192.2254839916775,1,0,0,0
317.09936334812954,5,1402,16,222.15461619345706,0,0,0,0
226.32368373233678,3,628,5,353.7768279782683,0,1,0,0
37.8652436291511,4,1570,13,48.32758822799412,0,0,0,0
23.130224118181353,2,1763,15,20.679704150765257,1,0,0,0
313.7416319832412,6,1317,15,311.75057916690497,0,0,0,0
782.2235123992554,2,604,5,731.4628325519134,0,0,0,0
1093.53658489683,2,393,18,1317.6818899313491,0,0,1,0
125.89555769342113,4,396,20,191.25404125409682,0,0,0,0
698.5990351418951,3,903,17,1095.7048308255985,0,0,0,0
266.1914294017977,1,482,21,168.65355408392315,0,1,0,0
648.5026777742808,3,1737,0,817.3393962452591,0,0,0,0
625.7910351343684,1,1443,10,804.5581441947929,0,0,0,0
11.092277658800775,6,1561,14,8.287320480115183,0,0,0,0
93.3085642347363,3,261,20,129.20702545190144,0,0,0,0
134.1395117592134,3,479,12,177.928467826662,0,0,0,0
148.56625812991004,2,799,13,111.98233551519631,0,0,0,0
116.2001065532766,4,1452,7,94.14189651424178,0,0,0,0
245.205782205178,6,1775,0,328.02760744435403,0,0,0,0
15.886750795177878,2,585,14,17.295180050061262,0,0,0,0
391.25751423357315,2,1027,7,562.2800949133563,0,1,1,0
99.24986041038522,1,1171,9,74.84026663534917,0,0,0,0
745.0882804456145,2,367,10,584.2624961206403,0,0,0,0
105.52998313847414,2,674,12,156.27691295921318,0,0,1,0
289.0723500638673,3,425,16,376.90285962842427,0,0,0,0
282.44124464274427,1,893,11,450.7059373239454,0,0,0,0
120.7298973620918,2,296,8,192.83540183883483,0,0,1,0
109.74867025920686,2,1117,12,96.14924761242912,1,0,0,0
90.0699832064741,1,905,11,67.70904259424415,0,0,0,0
30659.164086065193,5,139,5,749.7017349973659,2,1,1,1
94.08715706204573,4,178,13,103.75352207953321,0,0,0,0
5040.843388724686,8,28,0,806.444017106245,0,1,1,1
67.41214797974155,3,709,18,46.51980400895436,0,0,0,0
312.44597558884493,2,1223,9,395.99502061905855,0,0,0,0
192.26558732098886,2,938,8,223.16687946017169,0,0,1,0
19441.044948835013,6,125,1,1003.2520934668127,2,1,1,1
800.0398148751359,2,791,20,1121.202621680841,0,0,0,0
26.988047658567716,6,600,12,23.656593834351312,0,0,0,0
211.7774159333372,6,1612,6,281.03045033349747,0,0,0,0
182.38627718085846,4,1226,14,122.85682343221583,0,1,0,0
21.680871000585302,2,988,11,22.377726980188076,0,0,0,0
157.97029627152216,1,661,22,224.44270798102625,0,0,0,0
14242.91186691821,7,11,3,1196.798741409809,1,1,1,1
749.3841841828892,2,229,7,1105.201116570155,0,0,0,0
452.90039275090373,4,1277,17,603.6202081308663,0,0,0,0
342.8761825668331,6,1436,10,289.53578745479297,0,0,0,0
712.6541709830523,6,217,15,712.4826876558355,0,0,1,0
14057.422905740892,8,28,15,594.126077523938,0,1,1,1
415.6126523564115,2,1097,10,623.2726097310147,0,0,1,0
46.36588777783922,2,1491,13,37.260108936261304,0,0,1,0
141.37239190181157,4,936,7,171.71231966666514,0,0,0,0
40.04275269181933,2,1307,17,35.180040021782816,0,0,0,0
277.65031773210006,2,1643,9,265.2424199508966,0,0,0,0
81.83525906259446,4,1138,5,52.0299749371544,0,1,0,0
40.00738330197946,4,606,17,32.40087675321792,0,0,0,0
4865.378488853145,11,717,5,299.67515641080246,0,1,1,1
75.6923638207621,5,1364,13,49.9896914981778,0,0,0,0
175.19209283170179,2,1631,12,120.80041192326415,0,0,0,0
128.27989145443428,5,652,8,87.46284511578797,0,0,0,0
88.92532875322586,1,171,17,71.47706025984105,0,0,0,0
129.14391391367678,2,440,12,171.52944160796713,0,0,0,0
53996.13542681836,8,297,4,348.8007049322952,2,0,1,1
164.19796254897793,4,1714,10,174.68327033180068,0,0,0,0
238.6849976370044,1,318,6,367.2737217318387,0,0,1,0
656.3756041567532,2,212,16,940.1686063570505,0,0,0,0
472.13723634221554,5,986,6,335.2982778416973,0,0,0,0
94.07092928155514,3,709,21,83.82007102435023,0,0,1,0
324.260738940445,3,345,6,311.0452825090337,0,0,0,0
112.53790007599821,5,400,9,74.90686991937613,0,0,0,0
28.42102408921026,3,1752,13,36.16259115897218,0,0,0,0
198.02789651594895,1,766,9,167.28261699388793,0,0,1,0
331.8141982267902,1,1012,10,297.47745364559086,0,0,0,0
342.9368557134448,2,1680,17,483.4633684138973,0,0,0,0
2500.0,12,11,4,571.9382721157089,1,0,0,1
136.57865780246607,4,606,19,183.16209289815785,0,0,0,0
17.86508263156393,2,1182,13,22.431652402146046,0,0,0,0
6102.224507690918,6,12,15,242.81365221586353,1,1,1,1
100.7776249276464,2,473,12,135.2380221277717,0,0,1,0
232.1013993097652,3,1516,7,186.53973389607054,0,1,0,0
107.18119031403394,3,1384,13,153.18241682463224,0,0,0,0
969.8612299647273,3,1368,17,1269.7750368033123,0,0,0,0
264.51103391617676,3,152,16,387.6134150245401,0,0,0,0
70.43653487901841,6,541,14,47.75180466754974,0,0,0,0
499.4241842389633,5,178,13,480.4893158692182,1,0,0,0
751.1803089651361,2,149,3,844.4475309449831,0,0,0,0
392.50603529713743,6,643,6,332.58404931213715,0,0,0,0
948.943318056866,2,327,9,805.8569611131287,0,0,1,0
32.51831627866876,3,905,21,34.94369450877663,0,0,0,0
215.04086428446868,3,879,21,210.65517362963837,0,0,0,0
422.5094205539773,4,910,13,383.38765099775907,0,0,0,0
708.1974013890589,5,198,9,1110.573840406887,0,0,0,0
22101.60474384208,7,20,4,395.9716332934519,0,0,1,1
4099.622942688975,10,27,3,114.17632005908222,2,0,1,1
218.61352688586663,3,1395,12,170.65829930134618,0,0,0,0
11442.5908252469,8,39,14,266.19721457920673,1,0,1,1
10.535803597387932,4,1725,0,10.413372371083438,0,0,0,0
28.377111229758896,2,682,17,26.63585657209827,0,0,0,0
239.20935223243853,1,1155,15,321.6683095699526,0,0,0,0
80.3750084001102,3,1707,5,98.96181340384743,0,0,1,0
2500.0,3,234,6,234.04067104551692,0,1,1,1
1145.1568262527073,4,162,20,1779.1724338414908,0,0,0,0
101.09811975849024,3,1009,15,151.7644752156125,0,0,0,0
21313.4321419237,7,634,9,209.84976500623605,2,1,1,1
22.82827651494651,3,759,12,29.36184805213864,0,0,0,0
27.20111387425934,3,1489,17,20.752730538890486,0,1,0,0
166.0165541166203,1,1179,18,213.44943991147497,0,0,0,0
261.37759425244315,3,55,15,179.22535902940976,0,0,0,0
207.20359014408004,2,1495,7,240.34739199914804,0,0,1,0
14.465760870068841,2,1333,7,22.054247551284423,0,0,0,0
61.36676134112676,4,246,16,92.92767337160053,0,0,0,0
481.0379254385314,3,1015,8,386.82132574025377,0,0,1,0
14.039499155735442,5,213,13,9.211265781617803,0,0,0,0
377.171622966308,4,197,11,597.8911029684414,0,0,0,0
211.11035414573718,6,885,4,179.95308966388026,0,0,0,0
626.2805284507117,4,540,8,905.3220533539248,0,0,0,0
40.134780349617316,6,508,13,29.752272758032614,0,0,0,0
87.0821507023595,2,375,17,109.42508048649454,0,0,0,0
885.6317307198705,2,621,11,1251.8061939478857,0,0,0,0
471.34274801549293,5,447,12,542.7281512758871,0,0,0,0
326.21594512368523,3,1718,18,417.9354415317978,0,0,1,0
237.30104149427882,4,909,12,192.69335574787976,0,0,1,0
216.85842153239835,2,350,8,279.68656126698124,0,0,0,0
259.79143727226585,2,841,18,246.4835440228959,0,0,0,0
460.3869675021083,4,1178,9,576.2557066881654,0,0,0,0
97.03621030249474,3,617,9,119.71814555351484,0,0,0,0
388.586583494013,3,293,0,315.6821215479015,0,0,0,0
80.70622100910157,1,1552,8,112.26814605329663,0,0,1,0
163.01376947924535,2,1533,18,175.5065325597785,0,0,0,0
33.87074875660357,4,682,17,30.607251532699063,0,0,0,0
292.5827985921962,2,1771,17,393.620231727123,0,0,0,0
40.24214001875312,6,1789,6,33.653621146208046,0,0,0,0
8681.273900690356,10,593,3,679.2083959447773,2,1,1,1
709.5011648377634,2,1226,9,662.1684338080355,0,0,0,0
27616.98579630831,5,48,3,601.4971696429869,3,1,1,1
187.59311767502382,3,1044,10,188.0916534539238,0,0,0,0
236.6246647103995,3,493,11,205.54560380545345,0,0,0,0
15.945752448309307,2,244,8,17.030118320295152,0,0,0,0
67.61796259264338,2,752,6,49.93837417309496,0,0,0,0
56.939500027873954,2,1012,16,62.2971904067121,0,0,0,0
570.2517587323288,2,539,17,771.9554202713274,0,0,0,0
110.86703913010344,2,1011,9,155.7214256953427,0,0,0,0
188.20256450042265,3,1234,17,146.8149694779302,0,0,0,0
165.8258759587044,1,883,15,250.63881680051037,0,0,0,0
837.6055552524095,5,1056,11,561.7019713135934,0,0,0,0
192.8878464921623,2,1033,21,210.51137840098934,0,0,0,0
66.15341794325867,3,102,13,75.7868539191122,0,0,0,0
54.80068282716975,2,434,0,55.60813849520552,0,0,0,0
74.3271841106636,5,112,6,117.36767643003327,0,0,0,0
174.61698365670998,1,1274,23,168.46687096350118,0,0,0,0
13.171917280733906,4,396,11,17.1057852419933,0,0,1,0
28.703607408656584,1,1284,8,23.364379796188167,0,0,0,0
275.0424064538118,4,345,17,261.4354581728266,0,0,0,0
148.16055560971327,2,1608,14,218.00665376477173,0,0,1,0
103.7090103229864,3,1065,20,161.29448378703793,0,0,0,0
110.9313513403806,2,1174,15,108.45035125879765,1,0,0,0
26.141642580828673,3,941,12,35.74596787169965,0,0,0,0
63.25907069549366,2,1685,18,93.40256611867706,0,0,0,0
508.38867462118696,3,997,13,727.6680085740195,0,0,1,0
1168.5254388075844,1,358,17,1628.973462113923,0,0,1,0
84.2081442504018,3,1336,20,84.69092668334473,0,0,0,0
227.9110036875408,4,1646,11,185.43944209097458,0,0,1,0
2500.0,8,25,6,1135.840772170821,3,1,1,1
82.95650809462863,4,1330,7,97.28816867275792,0,0,0,0
38.097911084389395,1,1219,12,43.53203361535026,0,0,0,0
53.06486626662985,4,393,1,62.58049824426277,0,0,0,0
52101.513368974054,6,436,3,1179.5606770814359,1,1,1,1
344.1168286745114,1,94,9,231.06759016954638,0,0,0,0
31.72277320367138,1,924,14,21.57705035957398,0,0,0,0
16.154120270172154,1,1769,17,21.392079372171942,0,0,1,0
324.8279311620253,3,1506,6,456.56670787844257,0,0,0,0
2500.0,9,15,11,1086.1172687462715,3,1,0,1
228.86693033171454,3,955,8,350.8814489776493,0,0,0,0
142.4135765228457,3,1110,9,100.28124248492753,0,0,0,0
281.49856672388637,2,1657,13,210.18744014036247,0,0,0,0
7038.351202860715,9,27,1,277.458003345066,1,0,1,1
192.56605113562117,1,913,7,269.7883526789922,0,0,0,0
42.49473988035013,1,49,14,48.516166121857076,0,0,1,0
7558.861986731067,9,20,18,1052.9808951111465,0,1,1,1
75.78985195002029,3,1058,18,96.03461086391214,0,0,0,0
577.6421581905407,3,1344,10,764.9815978312017,0,0,0,0
368.7555209060692,2,1574,9,354.0314675522102,0,0,0,0
1084.6791971625876,3,732,17,1398.6214473902075,0,0,0,0
412.76588251679925,2,449,7,294.79558261122907,0,0,1,0
201.3224895845111,4,82,18,180.3208126315156,0,0,0,0
316.4487348778999,2,357,8,237.9181539331843,0,0,0,0
706.9667727359091,1,759,9,898.6217008570716,0,0,1,0
209.30037744657145,4,1136,19,136.92111236332397,0,0,0,0
259.72958178184984,3,1779,5,340.0851581369342,0,0,0,0
171.5383322212752,3,1234,17,168.65162368691873,0,0,0,0
5050.260522089978,8,18,0,55.450646585109624,0,0,1,1
76.0349816657803,2,340,12,95.94442771808949,0,0,0,0
747.3250720243213,2,993,3,658.5442381836592,0,0,0,0
1378.3086674467718,3,366,12,1561.271055627232,0,0,0,0
156.33159329589083,2,816,18,119.4509004956701,0,0,1,0
79.3767738713103,4,101,12,96.95012892127431,1,0,0,0
435.7095265964658,2,1688,9,474.0365754414797,0,0,0,0
85.12151812307988,4,984,10,77.34204571488021,0,0,0,0
107.6582482368952,3,716,11,66.00672335144378,0,0,1,0
4332.746557504422,7,1,1,1101.0193566613243,0,1,1,1
23.546461119239908,5,1614,21,29.549324740720397,0,0,0,0
72.02649346974127,2,1539,17,59.36122104640297,0,0,0,0
182.07278923207465,2,299,5,204.41212263415412,0,0,0,0
151.95965865129108,3,736,20,181.05778455655926,0,0,0,0
23.12228687376114,4,432,18,32.55313651877041,0,0,0,0
271.17963353455366,3,1165,7,232.8019926186543,0,0,0,0
176.56405181459934,4,1060,12,171.07399770041056,0,0,0,0
159.57982175770982,2,1399,5,170.48712528072204,0,0,0,0
184.49108786998312,2,1641,8,278.0239637099777,0,0,0,0
183.92543247398817,2,463,9,163.18603521929484,0,0,0,0
15.595773472056099,1,113,7,17.337056338275268,0,0,0,0
122.84304091693804,3,942,13,87.55857110463005,0,0,0,0
139.16182849702926,3,1557,20,222.53797668745017,0,0,0,0
53.55256463467271,4,1498,18,76.89141818097072,0,0,0,0
350.1647007901854,3,695,17,326.0129270539502,0,0,0,0
77.09514166039182,1,1735,23,67.94384898033381,0,0,1,0
401.36013008580994,6,565,18,261.31774801529417,0,0,0,0
106.72998790289456,5,708,16,109.11373893234817,0,0,0,0
150.08890236053992,5,307,9,220.6518048411768,0,0,0,0
614.0835423300553,2,235,21,626.0382206476748,0,0,0,0
490.9720477231965,1,1157,0,765.5784038277078,0,0,0,0
29153.598062231715,13,554,4,420.8431476025143,2,1,1,1
684.1102563494761,2,1110,20,539.8233903807858,0,0,0,0
40420.81196549199,11,26,0,973.8897463998283,3,0,1,1
424.9047047124788,1,43,17,490.18024778887565,0,0,0,0
208.9936518424724,4,1114,13,159.70149651322518,0,0,0,0
316.71698084965254,2,1124,7,478.5432323230327,0,0,0,0
347.84828829715553,4,1367,22,308.42412363339986,0,0,0,0
23.26627397757735,3,884,9,25.28405188205733,0,0,0,0
543.1404731446308,5,1415,18,547.1470424746998,0,0,1,0
211.70679147447711,4,172,12,223.44839417442245,0,0,0,0
62.414564597673305,1,910,15,83.2232630381284,0,0,1,0
136.17470173217794,3,805,9,103.90141885669435,0,0,0,0
282.1872312083927,3,651,1,320.9699962140465,0,0,0,0
260.1874262087815,5,448,11,284.4191828958199,0,0,1,0
26134.305946764216,14,16,1,302.91052676721296,0,0,1,1
437.8652106835849,5,1330,14,607.8102254689396,0,0,0,0
307.7077238443013,3,382,14,314.61430800155154,0,0,0,0
12708.633579047242,8,847,7,528.4349217721222,2,1,1,1
229.53742784327042,2,1035,13,139.68750309130166,0,0,0,0
355.79197847921404,2,1760,18,490.7538129623167,0,0,0,0
22331.49142897985,8,272,2,108.49656647813637,3,1,1,1
384.7426980950429,4,488,9,411.48733707361373,0,0,1,0
464.8983790748602,4,498,15,511.5144890960572,0,0,0,0
355.5388853261664,4,367,13,308.6746435618668,0,0,0,0
390.68998556352227,1,1366,7,313.1704468063569,0,0,0,0
9097.307107698613,6,483,4,569.9443912979021,2,1,1,1
226.35770399118357,4,1748,17,185.95962055822338,0,0,1,0
23743.241367535044,14,14,1,256.65325341170137,0,0,1,1
373.1362128641257,4,433,6,404.81106515715373,0,0,0,0
36354.151471839206,11,18,13,204.1003779691524,1,0,1,1
16008.905740140011,8,979,0,107.96637080446752,2,1,1,1
69.04835843740801,3,1282,13,60.31179566551068,0,0,0,0
22.602586642299116,4,1296,8,35.81010234544563,0,0,1,0
133.23194439333707,2,1221,20,121.16538286396565,0,0,0,0
308.89491609299597,3,694,9,431.3506832276426,0,0,1,0
8111.581034529722,10,693,6,59.64044339745206,1,1,1,1
43.80155441992713,2,613,11,61.90553428739891,0,1,0,0
54.66919811363893,5,491,19,33.86976796434087,0,1,0,0
11.621335558345075,3,897,13,11.323904834157833,0,0,1,0
41.88641813972313,1,1537,9,51.07177229631921,0,0,0,0
34.73704732926437,1,346,12,30.141732241675264,0,0,1,0
238.55798516659328,3,1308,20,194.42578937244338,0,0,0,0
11297.907900317157,7,765,13,175.52410775645492,0,1,0,1
165.87555337899678,4,1210,11,248.70023329520907,0,0,0,0
1139.1631530763339,3,79,14,1690.7309754405196,0,1,1,0
162.6725177182736,4,1310,11,212.39963435449053,0,0,0,0
25908.06742216474,6,616,19,277.69047991282787,1,0,1,1
79.13650277669372,4,696,11,64.70806060558435,0,0,1,0
8618.901596543235,14,554,3,685.008364690813,0,1,1,1
151.884359455205,2,1586,4,129.5863675142694,0,0,0,0
51.47207314745647,3,1000,9,60.4469372114287,0,0,0,0
5249.237082534201,8,27,3,688.2317911645281,3,1,1,1
218.53216783742354,2,725,10,348.42650928365725,0,0,0,0
28.738324540902447,3,603,19,37.62530849358429,0,0,1,0
69.38923390590747,3,1108,21,43.97486822323635,0,0,0,0
12197.174831253964,7,12,3,708.5589416992837,2,1,1,1
152.2213710298931,2,192,9,109.897911018715,0,0,1,0
51.05135664104545,3,601,7,48.14297154390299,0,0,1,0
6409.487057870361,16,987,2,599.9518977090507,0,0,1,1
2500.0,12,28,15,558.5464340926085,0,1,1,1
1891.300859008047,6,299,9,2733.7057105329277,0,0,0,0
251.53118986303056,3,1334,16,299.91812424438086,0,0,0,0
228.90226365914964,6,1693,13,231.63738445311878,0,0,1,0
19.92699842846666,3,1548,14,26.99143373671588,0,0,0,0
651.9178329640094,3,652,8,832.428275926713,0,0,0,0
47.72449039360571,4,385,8,56.29350741666339,0,0,1,0
63.87541500204436,4,997,18,64.59675596531184,0,0,0,0
435.2251615390502,2,942,11,580.8463666321,0,0,0,0
190.42817730918657,5,289,18,255.10736851099423,0,0,1,0
199.88111918189023,2,866,8,299.6038095299051,0,0,0,0
285.66972592188057,5,635,10,258.9006080185102,0,0,0,0
225.97943190694812,3,1267,16,237.96961572590632,0,0,0,0
97.65647431343689,4,876,10,127.17040220686741,0,0,0,0
11637.751306326132,8,16,5,840.0506730207934,1,0,1,1
22.574387730848134,6,1528,17,27.61338860795666,0,0,0,0
206.6202572087259,3,769,11,124.96758514579014,1,0,1,0
416.2338988093939,3,1478,18,524.3218565198296,0,0,0,0
111.63350045037019,4,508,19,100.4911623875219,0,0,0,0
24.04589228912423,2,970,15,27.189533229632698,0,0,1,0
110.72342267481642,1,1516,5,88.11518938732405,0,0,0,0
65.44762107348117,2,1051,17,86.23115994550483,0,0,0,0
633.1749608844103,5,84,16,889.4247398944243,0,0,0,0
164.44905097503738,4,998,13,148.29621567944025,0,0,0,0
34795.06158612868,10,1012,12,690.7544929171521,2,0,1,1
130286.35841721231,8,19,9,794.2390083043514,3,0,1,1
286.0670848375714,2,696,17,363.29430410611786,0,0,0,0
55.30524527893879,2,421,7,77.58598788649266,0,0,0,0
189.40534980806643,3,1066,10,161.66138922636108,0,0,0,0
654.9750549104148,1,1093,9,433.5817264895546,0,1,0,0
165.81659403191446,1,1273,21,254.6137150310799,0,0,0,0
29.783726794605098,3,1354,17,37.897086628602096,0,0,1,0
136.72292035715193,3,267,11,125.46586917680463,1,0,0,0
5089.126287623187,9,10,5,996.2791748792449,3,1,1,1
163.29003219016417,3,362,7,108.70821363105283,0,0,0,0
138.2592851507592,2,1716,8,177.31527768599682,0,0,0,0
741.4520079874487,6,806,17,1126.3926835882617,0,0,0,0
288.7887525743233,4,911,3,284.2685416261412,0,0,0,0
614.2127052339304,6,1175,15,477.6511602672434,0,0,0,0
294.9459965872944,2,795,23,267.2693057404537,0,0,0,0
468.8488260322774,2,1767,16,428.33739698208916,0,0,0,0
437.57555367693226,3,1069,12,670.8023836104843,0,0,0,0
747.8465830887096,5,415,14,724.0834402865457,0,1,0,0
66712.52316585723,5,867,3,361.28944938453253,2,0,1,1
118.98838365418334,2,1766,2,104.88226335905061,0,0,0,0
322.96940404235636,1,1688,6,499.3039560639052,0,0,0,0
254.6405613867719,1,290,7,231.04823977268322,1,0,0,0
162.2599748616133,3,1644,0,146.1216954142228,0,0,1,0
78.46513803551926,1,1717,17,109.74714471753174,0,0,0,0
17742.758395061945,11,22,2,750.6873729758667,3,0,1,1
65.58288556591725,2,1339,11,85.78735797023172,0,0,0,0
105.7456398956278,2,531,4,108.25427065547636,0,0,0,0
124.62129584573381,4,1210,9,181.42265020647915,0,0,0,0
408.2452645776602,2,1104,5,407.01779861732433,0,0,0,0
260.7915402078721,3,330,13,254.24932530698447,0,0,0,0
137.58957948193827,2,440,14,120.09029256714949,0,1,0,0
13679.749337303483,12,53,8,114.21159166288149,2,1,1,1
28.454234250756567,5,697,7,36.48382660175193,0,0,0,0
115.16500539318288,2,899,16,85.69253515747742,0,0,0,0
91.48227696806715,5,495,15,146.15487289127077,0,0,0,0
36.18500837121783,1,375,15,44.82906253200646,0,0,1,0
103.79491827969039,3,152,13,160.79054651941468,0,0,0,0
184.85795819601705,4,812,16,207.85526949954053,0,0,0,0
75.64711339358969,4,565,11,80.51435306950444,0,0,0,0
134.9387287014491,3,789,15,214.34387358565186,0,0,0,0
144.09811098385555,2,37,13,152.41248454775246,0,0,1,0
152.22478282558095,1,522,8,235.68377424725594,0,0,0,0
336.2044515056319,3,1731,7,267.2730415358997,0,0,0,0
396.2082656510503,3,1090,12,388.57277543316496,0,0,0,0
450.8740627442719,3,1365,10,335.2652112141101,0,0,0,0
563.3197149007511,3,31,2,649.7964164766138,0,0,0,0
79.23295872207534,3,158,11,94.03395168752796,0,0,0,0
185.90383202045902,1,1632,18,198.28312250377968,0,0,1,0
610.8409609512643,4,1694,6,371.165008462914,0,0,0,0
63.96525108058799,2,730,10,61.96660482086911,0,0,0,0
391.56337798114646,3,1404,10,428.77101582102125,0,0,0,0
70.72171946104308,3,125,12,100.7132170209585,0,0,0,0
364.83790163768634,4,1009,22,394.4340018264071,0,0,0,0
179.93313662522866,3,307,4,150.40646266976316,0,0,0,0
2500.0,12,385,6,905.738100280035,3,1,1,1
150.76484923866445,2,296,11,229.13134940735142,0,0,1,0
22.353249723575175,3,1268,13,18.590013441491312,0,0,1,0
103.56056474501312,3,1700,11,125.40434408650997,0,0,0,0
332.7515692982092,3,259,12,417.32192788020956,0,0,1,0
145.05628886231074,1,1326,14,212.55137407105215,0,0,0,0
34.67400979684014,3,245,8,45.663230786714905,0,1,0,0
5776.210012950402,11,1050,11,298.4313476499982,2,0,1,1
197.16900256070488,2,959,2,233.5605420907761,0,0,0,0
194.7314346253888,2,260,14,237.66723460399197,1,0,0,0
10.007679829303953,3,1551,8,10.05538920214985,0,0,0,0
2825.8197324424664,10,1055,6,557.7228679874195,3,1,1,1
38.55114258578157,2,1615,19,42.67570143553485,0,0,1,0
197.32934781317178,2,618,14,200.80322280459123,0,0,0,0
417.7434821277625,4,1374,7,293.1400592052294,0,0,1,0
40050.807833775485,9,534,8,1136.6309308545513,0,1,1,1
54.899123586431784,3,1310,19,46.131622874823734,0,0,1,0
15.539247997367347,2,126,21,10.047912022422267,0,0,0,0
260.4021668513319,2,543,21,250.13407301584297,0,0,0,0
94.89748476215692,1,1545,12,93.07007213001788,0,0,1,0
207.2510362740716,3,320,16,277.08923385712734,0,0,1,0
23.140985643030348,2,1158,12,20.55381647389736,0,0,0,0
107.74644255430755,6,373,17,153.36718117684694,0,0,1,0
7506.708755550431,8,10,0,774.5691999049021,2,1,1,1
43.557967624126086,2,388,9,55.93188115044771,0,0,1,0
25.75570689004085,1,221,17,24.684399949915363,0,0,0,0
65.5579718973496,3,1018,18,93.97962551074562,0,0,0,0
651.4550692302412,3,1002,16,983.8442132061678,0,0,0,0
47.19623195749341,2,664,9,54.88734695052822,1,0,0,0
307.416955236449,4,1464,1,282.4324014408635,0,0,1,0
80.79095212523333,2,170,10,100.34462382448443,0,0,0,0
820.1243283254405,1,1246,10,1139.6442912515934,0,0,0,0
10275.570041941668,10,13,3,877.042009684155,1,0,1,1
36.40718520329749,1,1567,17,28.24329431614501,0,0,1,0
146.9246753385062,4,1250,18,193.6547103760508,1,1,1,0
564.0912407992558,2,247,18,812.5849188295117,0,0,0,0
76.50638079800349,3,513,17,108.02248573350876,0,0,0,0
143.63814857071648,1,1073,10,176.37737174212748,0,0,0,0
53352.0822506531,4,728,3,788.3303917957144,1,1,1,1
304.76814382995366,3,1148,14,381.0977067615375,0,0,0,0
72512.44712882084,8,11,3,113.32835071076425,1,1,1,1
125.95089768907361,3,1155,19,130.47814239914598,0,0,0,0
610.865007399399,3,346,8,807.2606607923423,0,0,1,0
288.36032087977554,2,589,22,330.86174601960204,0,0,1,0
304.8792419961566,2,601,6,359.20287532562463,0,0,0,0
585.0460328233302,3,607,7,539.3484443222209,1,0,1,0
5894.576969418278,10,276,3,380.1918058755463,1,1,1,1
65.68396553217258,3,1515,12,52.01029996518361,0,0,1,0
39.26666739516537,4,1617,15,25.136400448727215,0,0,1,0
287.9951801372345,4,1646,12,204.1163065132954,0,0,0,0
195.2097678956763,3,264,11,206.38830647632543,0,0,1,0
96.55922320367556,2,1119,9,117.30731770338838,0,0,0,0
212.58649847395887,1,183,12,159.312855811511,0,0,0,0
135.41666999212055,5,725,18,121.68414789729523,0,0,0,0
90.54998101428252,4,1753,13,112.14968281455855,0,0,0,0
48.24246029455064,5,671,20,31.14673444460085,0,0,0,0
67.4690992499255,3,1009,11,75.8332427721162,0,0,0,0
13801.421930924727,8,399,23,1146.6580159426221,1,1,1,1
441.29646345214536,3,1112,8,598.178959997332,0,0,0,0
11263.855238260148,13,8,3,630.6308308978174,1,1,1,1
100.92601343928293,3,1544,11,102.87394253757878,0,0,0,0
276.8960476710523,3,832,15,334.7521618627144,0,0,0,0
489.30341098315546,2,1237,9,418.9229864574026,0,0,1,0
370.9777427878488,4,994,9,498.8397731008897,0,0,0,0
42.017221719617666,5,535,20,59.499661232834534,0,0,0,0
34.755157677525744,2,1603,14,31.73067795735505,0,0,0,0
226.00867982047762,1,1716,17,325.84617153639107,0,0,0,0
292.7585766950227,2,918,17,197.54789475550749,0,0,1,0
465.5616083364298,2,1331,10,523.9413947219393,0,0,0,0
36084.04308397308,10,1045,7,828.2430018558292,2,1,1,1
27.34504350477456,3,514,12,19.79681183400839,0,0,0,0
825.9845007971676,2,1459,11,585.4566714768489,0,0,0,0
134.35832685324345,1,31,13,138.45627127353288,0,0,1,0
48521.231633332995,8,16,17,387.41881123327965,1,0,1,1
376.3207725515652,2,1753,9,376.02517694222945,1,0,0,0
290.367416071458,3,104,6,269.432418614511,0,0,0,0
78.65711692890073,3,842,13,115.67996705944243,0,0,0,0
44.51033117996507,3,1731,13,57.326789140147056,0,0,0,0
476.4466089638215,1,265,17,653.4547322170808,0,0,0,0
554.0556762639206,5,1774,13,504.60879934876965,0,0,0,0
63.54654176612973,5,411,6,75.808921911161,0,0,0,0
450.37463307440805,2,618,11,349.0949394926474,0,0,0,0
427.1191485654399,6,75,14,590.2752208686893,0,0,0,0
154.06235544829767,5,1067,16,131.70851951290845,0,0,0,0
13835.092074065491,7,234,3,847.5865133474431,3,1,0,1
553.3189198657535,2,1147,18,446.9994656068052,0,0,0,0
2992.2339259491964,12,536,1,1023.2205374501777,3,1,1,1
180.7143043824353,3,733,13,255.43909014406114,0,0,0,0
55641.9162807195,7,456,3,510.1218727021615,1,0,1,1
101.1782965872143,3,1231,2,81.47226988443444,0,0,0,0
70.28608993299864,5,142,18,75.98176284252433,0,0,0,0
419.9357889622416,3,364,13,369.96744761905467,0,0,0,0
72.17406529510411,4,483,8,104.7544708000576,0,0,0,0
626.0757969005317,4,465,8,643.6145271440625,0,0,0,0
273.41171867070534,2,552,13,343.07423031578577,0,0,0,0
338.8094587467302,4,683,22,210.9777596533744,0,0,0,0
54.59237164986175,5,1004,11,80.1241692058724,0,1,0,0
242.28170466686467,5,762,9,176.79493638892626,0,0,0,0
147.77875947737795,2,1583,18,139.169420380649,0,0,1,0
229.1823432901649,2,626,9,272.6554451115603,0,0,0,0
63.852486353059284,3,111,10,52.893523407299,0,0,1,0
158.23622676065904,2,52,19,198.73635694285292,0,0,0,0
2500.0,8,133,15,992.0805267322283,0,1,1,1
23.96593993147909,2,1772,7,16.355802128154217,1,0,1,0
132.12849921310982,2,1370,13,143.61514735299914,0,0,0,0
494.02976275453256,2,952,18,398.6087768561622,0,0,0,0
60.479411994904346,3,419,14,56.55791972185104,0,0,0,0
233.39058098608172,1,1023,16,281.46719103617676,0,0,0,0
89.76209647483053,4,738,17,72.69842542615619,0,0,0,0
54.902966554578384,1,91,12,74.91674598392844,0,0,1,0
77.49648835198984,4,581,10,58.149641979852575,0,1,0,0
193.83385706464153,1,1456,9,146.48594624668135,0,0,0,0
103.51488338469288,3,1124,23,161.84471334931808,0,0,0,0
75.50190415771733,3,1562,16,67.79275923967737,0,0,0,0
715.2707868183257,1,77,9,883.1441438897746,0,0,0,0
477.28685325627606,2,1194,15,725.7804869747123,0,0,0,0
83.13763416756136,2,1006,12,131.75990892893182,0,0,0,0
227.0112100194334,2,1797,6,225.46518978532245,0,0,0,0
45.267278753484554,2,478,21,40.603632724044246,0,0,1,0
55.02545028768873,5,895,13,41.196759725645215,0,0,0,0
237.93928450340212,4,1168,11,233.14822932174351,0,0,1,0
11312.613297988819,11,575,3,961.3462098603292,0,1,1,1
46.09323889882733,5,1625,10,29.35893427688685,0,0,0,0
24.982027019859217,3,1401,17,39.34963583200335,0,0,1,0
67.56950473897588,3,136,18,93.4207581960498,0,0,0,0
301.4078596298312,5,106,11,237.01977772620944,0,0,0,0
142.64982159626604,3,748,6,120.73473547938299,0,0,1,0
231.30091320945584,3,1433,11,325.23196197676464,0,0,0,0
122.9049851788276,1,534,7,118.11585487838774,0,0,1,0
196.07542864035275,1,1211,13,273.4902547074963,0,0,0,0
579.1945374817618,1,437,18,620.3459471852514,0,0,0,0
588.8142807644635,1,183,9,746.2848764254704,0,0,1,0
545.109194419829,4,1348,7,349.75594081670414,0,0,0,0
143.46621834229433,3,52,8,201.61180994218478,0,0,1,0
31.788506333414336,3,185,15,30.081784953644416,0,0,0,0
581.6446374488582,4,1248,13,845.5863787383594,0,0,0,0
67.05924663586443,3,1689,9,100.38627098703151,0,1,1,0
326.75581973031296,1,891,8,409.20039832005875,0,0,0,0
926.2400306306419,3,1629,16,966.0057419168659,0,0,1,0
3040.201647112916,11,10,0,60.20259375385139,3,1,0,1
610.0609096296221,2,203,8,882.5722558058785,0,0,0,0
210.9449131573461,3,814,9,208.29513160665942,0,0,0,0
99.60688687798628,3,1524,14,147.00944889843552,0,0,0,0
27.270608566561393,5,1101,10,35.972754185956326,0,0,1,0
566.5138028121307,3,424,14,415.7362984928351,0,0,1,0
288.2041805890772,2,428,10,298.00075569753983,0,0,0,0
16.321990680270197,2,35,13,15.669178290562426,0,1,0,0
73.84608234964776,2,171,20,50.566171463440014,0,0,0,0
44.86993344516826,1,1574,7,50.37640382346881,0,0,0,0
57.30221359956178,3,1524,10,85.75658431848557,0,1,0,0
34.40800584678229,3,1272,13,50.765235978501686,0,0,0,0
294.0360381215712,3,1457,8,374.1487315301266,0,0,0,0
312.24558399676573,1,443,0,376.525568277328,0,0,0,0
145.11631160616935,2,413,17,158.8481513872096,1,0,0,0
32.11933690702216,5,203,9,34.217230626018384,0,0,0,0
181.15442013655263,3,1380,16,277.7729606561866,0,0,0,0
126.57801965765404,3,859,6,115.04273550040344,0,0,0,0
51.547132909629866,4,883,9,51.77648280698492,0,0,0,0
265.9873010993732,4,373,11,275.87194091402046,0,0,1,0
202.18889110061116,4,211,8,218.02556005265322,0,0,0,0
149.47989033059056,3,1246,10,115.15843687375555,0,0,0,0
248.0984979245772,3,1246,4,240.0721146058758,0,0,0,0
70.52507809631241,3,1562,6,78.1495311537895,0,0,0,0
2500.0,13,765,1,116.08863980410526,0,0,1,1
640.7847867986778,1,191,8,803.0638014494242,0,0,1,0
85.84156271006611,2,514,7,128.77363745165113,0,0,0,0
429.40529661792783,4,796,19,467.97855393689855,0,0,0,0
392.1931726775381,3,1146,19,455.14746343304375,0,0,0,0
317.70570424839855,2,1694,14,230.20703158878794,0,0,0,0
155.64038956517024,3,338,12,177.54836466761367,0,0,0,0
6890.892461938489,8,1012,11,1115.0424599897713,2,1,1,1
721.4188024521367,4,505,13,654.546736713514,0,0,0,0
20.460373886291002,2,1141,9,16.187955940597703,0,0,0,0
340.9899137947435,6,1783,17,508.8705952559087,0,0,0,0
215.1844076307495,4,311,14,318.43118471822436,0,0,0,0
572.3531653941349,5,852,12,381.60951742385936,0,0,0,0
266.8957757741544,3,37,16,361.7161685532197,0,0,0,0
27459.074762665197,13,13,5,911.578624952957,1,0,1,1
93.97230396429308,5,1533,13,88.23985867845289,0,0,0,0
214.24246407722956,3,1202,10,276.6740068776696,0,0,0,0
481.3030059839648,3,700,13,630.0647660826934,0,0,0,0
189.30983051797355,3,1544,11,183.73279517660757,0,0,0,0
122.46908653320007,2,1212,13,145.52233371449483,0,0,0,0
117.24249932484517,2,1270,19,104.53288758453694,0,0,0,0
264.9014485450757,3,1577,17,231.59064608060783,0,1,0,0
542.7838250902939,2,997,13,790.7199171833233,0,0,0,0
2500.0,9,18,3,233.5881496421146,1,1,1,1
5952.452631771884,9,302,1,1010.8178484445223,1,1,1,1
210.5664471447511,2,706,16,268.5085070016579,0,0,0,0
261.12960266241976,4,790,6,183.26867167463064,0,0,0,0
21526.835371496392,9,14,22,481.68674026055635,1,0,1,1
22.3464136128855,3,1786,19,15.032752644686983,1,0,0,0
153.3740942662581,1,186,22,237.81813401257307,0,0,0,0
119.56107676987267,4,537,11,141.28718429047777,0,0,0,0
189.61760548350887,3,641,21,211.15669009041744,0,0,0,0
348.67734451815465,5,868,6,476.50024426627203,0,0,1,0
40127.723872574184,8,27,16,693.4860096186462,0,1,1,1
1589.6977835422927,2,958,21,1452.908156949991,0,0,0,0
5925.066822356692,8,1006,3,595.3543295089739,3,1,1,1
58009.5157647021,10,262,0,337.91241297344163,1,1,1,1
30.64157397153439,5,200,13,45.91937429163942,0,0,0,0
527.112599031337,3,962,17,604.0654485687572,0,1,1,0
69.41479436005771,6,855,17,79.81809973900572,0,0,0,0
55.864827791754685,3,96,10,84.46941660710004,0,0,0,0
500.6862500066268,3,1004,12,781.3155703443093,0,0,0,0
29.527626448061753,2,226,8,37.29293814686828,0,0,0,0
47.68217041138848,3,1031,15,33.666920690678865,0,0,1,0
427.3328289735338,3,1284,17,321.1955983101916,0,0,0,0
430.57195463852474,3,645,5,677.6437204779492,0,0,0,0
392.1505308989508,3,1546,12,494.37943014488025,0,0,0,0
37.935363327324936,3,538,16,41.17570873266952,0,0,0,0
22.88728173089216,2,1455,12,32.557263207334806,0,1,0,0
6189.160055588704,8,1168,21,65.46037489201004,0,1,1,1
74.90998889229115,2,237,14,102.63544865957026,0,0,0,0
209.02189656197436,3,696,11,136.16213598522472,0,0,0,0
65.52255706252716,1,1386,12,92.17067343145662,0,0,0,0
258.73016433875546,5,965,8,213.54426665757865,0,0,0,0
84.17787931432794,2,1554,10,81.02545605083311,0,0,0,0
45.789029552958425,3,1274,3,47.683494804679746,0,0,0,0
189.24752255438943,4,279,11,202.72805976843227,0,0,0,0
446.5075555371955,3,1301,8,502.1003834689489,0,0,1,0
20.837102630528126,3,497,18,26.11788743770745,0,0,0,0
84.49468828472413,2,877,13,64.2234097494914,0,0,0,0
29.08443063898427,1,1792,7,24.597949392496886,0,0,1,0
53.56252818614517,6,1175,22,75.20862666213792,0,0,0,0
26828.011830170628,9,533,4,1133.6855630103203,1,1,0,1
109.08466397462854,3,374,10,77.25680183723674,0,0,0,0
2500.0,9,392,14,468.14382479559555,1,1,1,1
2949.9248609011615,9,449,0,296.53780232184073,1,1,1,1
130.2997233710366,1,941,11,131.0929760250686,0,0,0,0
189.4934895240912,3,1199,7,137.2490675803568,0,0,0,0
88.59195143202697,6,396,8,120.22448107841856,0,0,0,0
192.16579407789467,1,1062,11,129.57863175639042,0,0,0,0
3776.617352089357,8,17,19,245.00809797243335,0,0,1,1
488.25365831764356,5,257,10,697.6750024429303,0,1,0,0
23.356458772253283,4,261,8,19.123711208628677,0,0,0,0
14.542661603541116,3,1407,17,22.27186661805761,0,0,0,0
276.4225336999123,4,852,13,228.85658543878932,0,0,0,0
52.75755124626671,2,1655,14,61.86020932367896,0,1,0,0
104.81531755969213,6,1296,19,154.82180792265643,0,0,0,0
369.0546085209723,2,126,17,286.3160604030429,0,0,0,0
81.81019337303302,3,641,9,97.69453906932101,0,0,0,0
445.37579130178796,6,61,6,278.4182422957278,0,0,0,0
25.853798777684776,1,1281,7,33.25573372902338,0,0,0,0
228.88844430071714,1,178,18,279.74541599275756,0,0,0,0
941.1137557857195,4,1292,12,1027.69850694562,0,0,0,0
275.5505546016169,2,985,8,275.48885100303403,0,0,0,0
101.16830386825887,4,1478,22,139.56358521042063,0,0,0,0
239.40713671643564,5,988,20,255.93029977526652,0,0,0,0
72.51267349719677,3,925,18,96.67866140793971,0,0,0,0
431.13262654648963,2,1651,19,382.6652246431399,0,0,1,0
143.6944477060649,6,265,13,149.5872272486023,0,0,0,0
272.6882725331392,3,142,21,177.47278640203083,0,0,0,0
91916.24219117766,4,3,4,247.827588895442,1,0,1,1
269.93877164012935,2,690,13,358.46869605086636,0,0,1,0
80.68050981258335,3,832,6,59.62321652889002,0,0,0,0
3653.5684386111666,7,16,1,334.748707301508,1,1,1,1
9741.3762120966,12,124,10,295.441986898879,0,1,1,1
116.20297942552084,2,126,19,83.39487778183994,0,0,1,0
207.27671669066254,3,161,18,229.48885884144556,0,0,0,0
665.5819461404144,1,586,8,583.7742306696135,0,0,0,0
65.78867569183036,4,1527,12,60.645947183751154,0,0,0,0
212.4679780869039,1,1783,9,153.92794107836747,0,0,0,0
241.78293485471957,3,43,13,210.94882930324832,0,0,1,0
864.4323728173732,2,1304,20,768.165799536756,1,0,0,0
327.3704561134253,2,728,12,359.57633518350355,0,0,0,0
33.83479378225762,5,1706,18,25.992159788999196,0,0,1,0
317.0905628387484,3,543,6,352.6149634221625,0,0,1,0
140.7094953889604,2,314,7,123.83623395547401,0,0,0,0
306.8324090329896,1,671,10,481.64029154301653,0,0,0,0
158.83847229296373,4,793,15,193.3025745628597,1,0,0,0
38.03811831434801,3,1077,8,33.4576508896395,0,0,0,0
38.393291963793466,6,148,18,61.25080693504851,0,0,0,0
4019.6042540677595,14,24,3,946.6354426505823,2,1,1,1
5372.6127339116665,11,115,1,1155.701060633263,1,1,1,1
17.262265457996737,3,1590,6,21.72848200414538,1,0,0,0
491.4959628915328,2,532,16,499.6949111103332,0,0,0,0
359.05419405303604,2,63,10,467.4876903378111,0,0,0,0
71.40506826744507,2,788,3,113.16372311694877,0,0,0,0
19.42744881722743,4,976,9,27.34523646622043,0,1,0,0
314.08387501104664,2,635,12,489.29711535796923,0,0,0,0
170.04594085457947,3,1538,15,229.50797558485561,0,0,0,0
9438.068377983773,7,567,13,589.725011680886,1,1,1,1
345.6810466247651,2,869,9,305.5690388609841,0,0,0,0
383.07608049272744,3,569,13,261.20583357202423,0,0,0,0
80.18969646082915,4,372,9,120.6660822893435,0,0,0,0
1021.6926737324594,1,715,21,728.1156810080562,0,0,0,0
24.272441979608335,4,1286,12,18.61549621025944,0,0,0,0
318.33042512021956,1,1459,13,315.7585982410254,0,0,1,0
6089.093817156804,11,827,13,1037.0314582080566,2,1,1,1
482.8451817632924,2,887,10,411.6946843850805,0,0,1,0
119.26393048004854,3,1130,13,179.93173593326986,0,0,0,0
481.66930700925866,4,1153,9,732.9790708583184,0,0,1,0
149.17146451644675,6,592,21,124.40549773328527,0,0,1,0
813.6859769945142,3,1219,19,1069.2389814109488,1,0,0,0
762.6846427974007,3,646,11,917.5987189748704,0,0,0,0
11.897904632853923,3,1514,19,18.937303846239203,0,0,0,0
10271.634895630854,5,21,14,895.5568029918223,0,1,1,1
12960.56308525794,8,565,3,374.82770387509976,2,1,1,1
171.51462092324977,2,1660,19,262.88875627485965,0,0,0,0
156.468130980486,3,954,3,178.97784726066362,0,0,0,0
224.26584711981178,2,963,6,280.85021331976685,1,0,0,0
110.62446072539251,5,1664,14,72.58245321210323,0,1,0,0
651.5596395139773,5,1318,17,959.4205761646073,0,0,1,0
36.63933354869279,5,1447,11,51.64798632286087,0,0,0,0
136.53562236877212,1,1480,22,84.96521338211359,0,0,1,0
77.80266218299448,2,1008,10,46.79566191013456,0,0,0,0
519.6946323118731,1,59,11,785.7761945897885,0,0,0,0
64.40553283091123,5,777,9,83.84501850369067,0,1,0,0
790.4304726041227,5,151,1,690.8607758195684,0,0,0,0
206.58822158810264,2,1049,13,257.50444097098523,0,0,0,0
11418.314594956719,9,23,20,848.047873281578,1,1,1,1
85.19310586907112,2,1794,13,79.28262694871322,0,0,0,0
431.27582064100216,2,641,7,288.30232753366715,0,0,0,0
311.9446713927703,2,322,9,438.7072133799933,1,0,0,0
177.09795246715248,2,46,19,259.1200114445595,0,0,0,0
288.46361001188325,2,1413,6,336.3963213019796,0,0,0,0
235.08031594040446,2,471,6,373.01046237149495,0,0,0,0
58.6032858203145,2,528,14,62.30803608635356,1,1,0,0
308.21768513148953,3,1429,8,492.627394882425,0,0,0,0
211.91473838147274,3,1328,10,276.1307467623985,0,0,1,0
121.11535041951703,3,717,21,151.16178251098466,0,0,0,0
73.06264790841185,2,539,19,79.88083379049225,1,0,0,0
493.95843595894223,2,469,14,651.3078733530607,0,0,0,0
700.0859544510768,2,476,15,571.9962505351177,0,0,0,0
261.2843819853876,4,199,11,385.36164190666074,0,0,0,0
51.61738753212517,2,849,9,58.141229048552965,0,0,1,0
355.6907300269534,2,736,10,551.5688289012026,1,0,1,0
555.2831423491533,3,416,9,396.4784728852703,0,0,0,0
90.24847211773141,5,1605,8,126.11096056117188,0,0,0,0
225.6146827881068,2,897,14,249.80212112736618,0,0,0,0
193.65260604650942,6,497,23,140.86022949059867,0,0,0,0
275.42505263973135,1,675,17,186.82854056348387,0,0,0,0
138.69608710560823,2,724,0,132.37482633098926,0,0,0,0
130.93823479599064,3,196,4,100.92113149970722,0,0,0,0
222.97807106135195,2,1700,10,267.9102572790985,0,0,0,0
8255.512369209653,8,1180,6,93.59358175235208,1,1,1,1
492.6272385593952,2,524,11,592.3427868480162,0,0,0,0
183.38578249578595,1,444,17,149.76201998063644,0,0,0,0
47.97453695515721,2,748,6,53.68246601688592,0,0,0,0
84.14613121633101,1,406,9,125.61851911690749,0,0,0,0
135.11782942475924,3,477,6,98.93539037993398,0,0,1,0
11.163825552260613,3,193,7,12.415228181877874,0,0,0,0
239.4374470618124,3,1778,11,177.9024284118603,0,0,0,0
6189.790471327942,10,13,2,440.1851612843568,1,1,1,1
106.96611601431239,3,1316,21,171.03757492465533,0,0,0,0
70.2018841083538,2,1783,15,56.179495913596924,0,0,0,0
91913.43127637463,10,11,3,157.5559811263691,1,1,1,1
125.69627750609243,1,1380,6,163.20267361844319,0,0,0,0
62.79812088480995,2,59,3,59.305754083462126,0,0,1,0
138.0614148697556,2,554,23,195.5493432572629,0,0,0,0
56.546555565878045,2,1441,12,61.520212844134505,0,0,0,0
5262.782573694146,8,10,4,774.721968873834,2,0,1,1
256.4322455526899,5,380,7,271.7751756740159,0,1,0,0
346.91210106298576,1,315,16,347.6594854574795,0,0,1,0
395.2211826842097,2,574,10,479.05468153653334,0,1,0,0
210.6446729961389,1,749,7,224.99374866603455,0,0,0,0
371.24119556337985,1,1569,11,377.57705522161217,0,0,0,0
833.3358288839588,1,118,9,1059.1660017445522,0,0,0,0
16.680204216627843,1,351,3,13.470117859127697,0,0,0,0
880.8938053140013,5,1135,16,986.9265170771686,0,1,0,0
145.48858916754332,1,981,8,210.00418799586194,0,0,0,0
239.99381590881697,5,1362,17,285.5743812185545,0,0,1,0
225.12730280731654,1,816,11,226.79891826362154,0,0,0,0
146.9477254206461,3,1353,17,145.0013878210164,0,0,0,0
42.119441867911014,3,973,8,30.996165501084327,0,0,1,0
134.26962725509696,2,1585,18,85.73522218677587,0,0,0,0
93.61449916593553,3,430,12,92.36616602164628,0,0,0,0
64.46997767812823,2,1290,6,58.01890044586103,0,0,0,0
267.36947055974673,6,1341,13,220.74132038781272,0,0,0,0
32.42942395393311,2,1518,2,37.59244156346254,0,0,0,0
517.76018869425,3,1370,16,771.399630672108,0,0,0,0
389.3278626528347,2,560,9,594.5643750193186,0,0,0,0
6395.15023177473,7,464,1,63.8990043120994,3,1,1,1
527.8643978266574,2,1588,12,457.1003802487396,0,0,0,0
313.2855952471508,4,624,1,432.83080169438324,0,0,0,0
46.618139532853846,1,892,15,52.934857847611674,0,0,0,0
225.3047282516482,2,779,6,180.21644535693412,0,0,0,0
38.17826719567401,4,1346,16,31.965103265922735,0,0,0,0
80.19312399644319,2,1127,13,51.364846850799424,0,0,0,0
70.04425208751323,2,1626,23,61.434048731883,0,0,1,0
362.34972938950034,1,73,10,294.6166326228202,0,0,0,0
405.7755557766367,2,397,18,489.92559222183536,0,0,0,0
262.37130671033475,1,129,19,261.3836549539366,0,0,0,0
716.0336666029981,3,1512,10,1011.9807606569121,0,0,0,0
303.0562414488323,2,873,16,474.63635921527816,0,0,0,0
11.536876139593701,2,1605,3,12.657895444154715,0,0,0,0
557.7415869801763,3,320,8,484.78054922438554,0,0,0,0
277.9533220424406,4,1196,17,180.82499808455324,0,0,0,0
203.71435508876613,5,1738,7,189.99999445375622,0,0,0,0
332.6644875755673,4,362,18,316.75538621387335,0,0,0,0
45.00304226905773,2,63,6,38.89926780298779,0,0,0,0
229.59410810690503,4,1329,10,146.25265824261558,0,0,0,0
206.86908907470354,6,1544,13,321.9857941804072,0,0,0,0
16061.032304843964,8,18,5,226.28713780933106,1,1,0,1
131.83112444671536,3,1224,21,167.40673989700628,0,0,0,0
130.96846050533452,1,1151,12,144.11763529082276,0,0,0,0
655.4238229343076,2,1348,16,823.5079330526754,0,0,0,0
89.31573491008636,2,1785,12,133.4630264956454,0,0,0,0
348.3930341697497,5,1750,20,359.82014303760735,0,0,0,0
35063.12893987011,12,29,15,763.9027903203083,0,0,1,1
96.07105046955678,2,1377,14,95.58637230616043,0,0,0,0
816.3892642442312,5,36,19,848.1854379267479,0,0,1,0
2500.0,12,7,4,697.3538813998646,1,1,1,1
492.8074613225887,3,953,19,688.5273027774329,0,0,0,0
138.9512411855749,2,919,13,95.90350250707881,0,0,0,0
139.17738856274082,3,633,11,193.87932703227946,0,0,0,0
16.722633806079223,2,1777,1,13.3151468751951,0,0,0,0
74.13294169617173,3,1751,7,76.28977007249047,0,0,0,0
123296.60658572656,14,946,15,1055.7319668744753,0,1,1,1
71.81705921685764,4,792,14,110.5659594926773,0,0,0,0
42.78675438891924,2,653,14,53.54411166755288,1,0,1,0
75.85567827559161,4,428,10,100.49175338237178,0,0,0,0
258.5864326320635,3,554,15,372.3923539605044,0,0,0,0
9555.076356185265,13,5,17,298.9346414800816,3,0,1,1
66.31913030276714,5,523,7,64.27893333588331,0,0,0,0
124.82044451655942,4,1547,6,141.39119099326888,0,0,0,0
262.7229146319803,2,1008,18,201.54341435197537,1,0,0,0
1014.9032732808578,6,97,0,1535.8236190555845,0,0,0,0
21.218247278582314,2,1175,12,23.89818009229238,0,0,0,0
42.78946106307767,2,1245,8,67.14425004989639,0,0,0,0
90.35992870937616,1,552,7,75.43696136647299,0,0,0,0
179910.15868724685,10,19,18,237.41294253679132,2,0,1,1
42.60939476001529,1,324,7,33.20696087758409,0,0,0,0
78323.96361423758,7,712,2,563.7233551449699,1,1,0,1
123.62873088206892,3,142,13,195.2978870975205,0,0,1,0
116.82717629316359,1,242,21,121.05727619941317,0,0,0,0
506.86991905814756,2,986,8,524.4484187782343,0,0,0,0
84.56877088337616,3,1293,11,58.68187416633977,0,0,1,0
10167.179818515962,9,478,3,936.0229772160077,0,1,1,1
96.4631120365339,4,1225,10,128.00857094249417,1,0,0,0
124.96210311243044,4,1106,18,124.08332281310015,0,0,0,0
185.69616723214344,2,1238,16,214.81322005019967,0,0,0,0
348.278839122552,2,916,5,456.89917889212916,0,0,0,0
262.8505387187136,2,1238,8,272.6482000844847,0,0,0,0
232.41933485943233,2,1192,10,192.03586794633074,0,0,1,0
25.083756518764403,2,1282,11,37.74301810815772,1,0,0,0
271.25698549618744,3,232,20,255.75403062042318,0,0,0,0
76.15615174704416,2,810,20,52.368271684387175,1,0,1,0
95.32357809986296,2,982,7,81.16776830451907,0,0,0,0
236.0984665925928,2,1628,9,244.06653741688783,0,1,0,0
162.043815489905,3,401,10,239.134571894632,0,0,0,0
277.1876809297794,3,1448,6,433.84706489150534,0,0,0,0
114.5890224972778,4,1781,18,162.1588918861889,0,0,0,0
521.5015004362122,2,260,18,674.4385481897475,0,0,1,0
64.6904683988432,3,273,16,74.25653304781991,0,0,0,0
165.2227773052294,2,556,3,158.37444969480896,0,0,0,0
164.38639550334292,3,348,9,151.40424995684145,0,0,0,0
81.93943833226096,1,298,0,109.78280569771832,0,0,0,0
504.7160232887823,3,643,12,440.7132613814151,0,0,0,0
245.88240043709027,5,380,18,164.66082814537737,0,0,1,0
138.83550223862304,4,1577,10,168.06590631716196,0,0,0,0
766.9621795593944,2,1110,8,828.592900554022,0,0,0,0
380.56251732824853,2,1760,17,497.214449711831,0,0,0,0
141.65918745041594,2,143,20,209.0899926685793,0,0,1,0
32.970779913253764,3,1263,8,22.85673458936112,0,0,0,0
27.699080820153164,3,606,9,36.277381522532266,1,0,0,0
422.1777364962916,4,1796,8,263.82017091504065,0,0,0,0
106.52547613638633,1,1082,7,166.77131775451383,0,0,0,0
324.5412272817775,3,1742,14,201.80527985399192,0,0,0,0
313.11930071927185,2,1572,10,463.44383277773665,0,0,1,0
5763.105139212067,10,27,2,540.4730359804901,1,1,1,1
43.45463877613257,2,263,15,39.475646649365196,0,0,1,0
170995.35172322168,15,52,2,87.83462958496071,2,1,1,1
440.75141046413506,6,849,20,445.07520424740164,0,0,0,0
689.4774816315813,6,633,0,1055.207720696502,0,0,0,0
167.64669238467624,2,1466,19,265.70178114544626,1,0,0,0
302.17533547736014,6,1661,13,413.2951001287595,0,0,0,0
770.2963777776284,1,1183,14,979.3897914874934,0,0,0,0
111.11876953627132,5,1213,9,80.7451081903079,0,0,0,0
165.96834116146883,3,1144,17,219.90393107878756,0,0,0,0
224.38312214848617,5,1101,13,355.9433503622769,1,0,0,0
212.49542160191726,5,1019,2,179.66208912297657,0,0,0,0
360.8930243553604,1,864,8,390.1817185627046,0,0,0,0
114.76455017429916,3,924,12,112.4146453659886,0,1,0,0
255.07094959560524,3,187,22,194.67325434252564,0,0,0,0
552.721874223521,2,1024,8,538.6312289955498,0,0,0,0
223.30640057236639,1,740,12,292.27548809351345,0,0,0,0
81.50195745834144,4,131,22,73.25579709129657,0,0,0,0
11597.741421692594,7,26,3,1047.2871434815838,1,1,1,1
76.37825935048873,4,1227,6,52.62884919888272,0,0,0,0
295.8622316273225,3,1484,12,447.4598624672819,0,0,0,0
95.93151953877185,1,977,5,95.47510629918371,0,0,0,0
374.47799110839907,5,1785,9,258.4665443249874,0,0,0,0
2500.0,9,432,0,855.9743011668755,0,0,1,1
279.22780892906553,1,1171,20,359.96692351514446,0,0,1,0
417.88818071723705,2,505,14,595.2725765598966,0,0,0,0
165.7646497010247,3,1534,9,231.38132060369594,0,0,0,0
64.97586830104413,3,414,11,71.79608933218606,0,0,0,0
919.4718323452419,2,1615,11,952.8896047008668,0,0,0,0
73.82531878522057,2,115,16,75.5629209083531,0,0,0,0
95.42530354855302,3,371,11,70.3505942037276,0,1,1,0
92.98597548511093,3,229,18,71.04357304587785,0,1,0,0
379.6372679764814,5,437,15,524.7422526358464,1,0,0,0
291.6076402390368,3,1041,10,422.73835117100725,0,0,1,0
40.65488833521404,1,1452,17,64.63563706179754,0,1,0,0
304.26666582926657,2,1082,9,221.93673176897772,0,0,0,0
23.44383518402445,6,398,8,20.11727464645412,0,0,0,0
172.4630585955984,6,863,11,220.7874930156294,0,0,0,0
106.16459921729111,3,835,7,111.5811463559302,0,0,0,0
218.2921855369896,3,1547,15,346.77555930884046,0,0,0,0
41.73413743249466,1,1420,17,52.777225925820716,0,0,0,0
644.076985240819,3,119,9,643.7204164165142,0,0,0,0
170.34509303164003,4,43,11,228.76705229162235,0,0,0,0
448.4250217319688,1,963,11,626.5211863323864,0,0,0,0
4599.360470953247,12,919,0,63.92728445796834,2,1,1,1
758.739063434944,1,318,9,681.0330566753814,0,1,1,0
99.62102370929861,2,633,17,109.84110679823193,0,0,0,0
54.853766350752196,3,532,16,59.39711677484146,0,0,0,0
4242.389501631335,12,687,11,134.52335459037465,2,1,1,1
285.0870701325321,6,371,5,271.34856730330193,0,0,0,0
187.22010737374225,3,384,19,299.4393061314608,0,0,0,0
227.32554684971652,4,1302,14,247.64629907517295,0,0,0,0
126.88484505381955,4,1600,17,172.791673646167,0,0,0,0
389.25082649352794,1,375,8,505.20669101015204,0,0,1,0
426.2647947995104,3,32,6,671.6302655495163,0,0,0,0
112.22120375190396,2,1697,16,172.92600921650774,0,0,0,0
116.08787146428517,2,426,14,151.32819724921404,0,0,0,0
419.568409718492,4,744,12,625.1750863428148,0,1,1,0
940.8892521749982,4,1357,19,1271.694719378528,0,0,0,0
436.4602563899914,2,1306,19,662.1544109490114,0,0,1,0
31207.943988530977,7,10,13,1067.6621515737252,2,1,0,1
522.7894009250775,3,1182,9,469.26086770260815,1,0,0,0
116.14268517307556,3,1265,18,138.73923212111242,0,0,1,0
75.32645312097262,4,542,16,104.34193450568955,0,0,0,0
312.88262802312755,4,117,10,429.5725117375988,0,0,0,0
72.50715766258287,4,352,8,114.47758125702215,0,0,0,0
160.0675920914221,3,1231,20,140.24389904430626,0,0,0,0
3577.650537758141,9,8,2,807.4948637758125,1,1,1,1
696.9730449696369,2,887,22,965.8979216122611,0,0,0,0
12575.126323204622,7,38,2,515.8084583320224,2,1,1,1
278.19952354435543,1,526,16,352.94538046040384,0,0,0,0
6793.484777978243,5,4,3,342.743793336033,2,0,1,1
205.70131371074962,4,1006,17,269.35367258122835,0,0,0,0
26.121125493633247,6,162,16,31.115576321029558,0,0,0,0
475.54426410873344,2,557,5,491.5767825828339,0,0,0,0
285.06266040455074,1,453,13,447.29863287538035,0,0,0,0
70.05426138983313,6,1783,15,71.52132432222893,0,0,0,0
414.05528951628946,4,510,17,306.5012070500387,1,0,0,0
184.92739054077686,2,1182,3,187.64007724752963,0,0,0,0
199.80664712831856,4,1687,12,207.1884316499177,0,0,0,0
271.575215826523,2,706,13,232.4149968890762,0,0,0,0
14.54914193058034,3,904,10,20.042167631298273,0,0,0,0
45.09548474415932,1,1753,6,38.39213302420874,0,0,0,0
353.0506582446848,4,1270,10,473.75436369492036,0,0,0,0
19.684645048747235,3,731,11,28.926847940445036,0,0,0,0
44.25460601675178,3,1033,12,31.619863759468604,0,0,0,0
262.9075465809394,5,723,7,227.1054156790473,0,0,1,0
268.7915156701245,4,1551,9,303.34077767970297,1,0,1,0
383.89035152275096,6,670,12,483.21377592506207,0,0,1,0
5198.189056810976,5,685,0,1028.1652157920648,0,1,1,1
553.5386134240998,2,1379,10,504.4286064036273,0,0,0,0
116.11514404348502,2,1547,16,81.35056853216899,0,0,1,0
185.36180364439556,3,230,10,186.67050119430618,0,0,1,0
299.8512160062216,5,1130,7,446.44299913853956,0,0,0,0
2500.0,7,1110,1,481.9007281092147,1,1,1,1
296.0022865124234,3,134,17,407.41106533671785,0,0,1,0
132.14119580071298,6,203,16,110.77921778921568,0,0,0,0
2916.85802261368,14,543,13,1133.19347338514,2,0,1,1
17.62001473927122,1,1714,8,13.954048042967061,0,0,1,0
420.8970738242608,6,1379,15,392.1464275826036,0,0,0,0
104.27848095668165,6,1150,16,111.99889565969357,0,0,0,0
207.73253190145087,4,791,7,282.42203720860283,0,0,0,0
503.38041557380086,3,167,9,578.0224511629935,0,0,0,0
786.2482099001735,3,1506,11,959.54343156577,0,0,0,0
76428.912589663,11,13,20,840.5999149744333,1,1,1,1
267.38822841915794,3,344,17,206.61719401076752,0,0,0,0
279.6467562886118,4,1347,11,234.91857237064255,0,0,0,0
5420.780456431885,12,10,16,168.71193147043303,3,0,1,1
843.5242131334402,2,218,2,674.4796132888606,1,0,0,0
817.0218719531209,2,224,16,867.0830726626822,0,1,0,0
121.08105077502033,6,1761,18,106.8356612029887,0,0,0,0
129.46884148669392,5,60,13,100.6736283484709,0,0,0,0
112.50714317930444,2,585,17,84.40088003774883,0,0,1,0
69.76881504117145,3,31,10,91.72061526455764,0,0,0,0
728.9708240164284,2,1028,19,750.8020755408799,0,0,0,0
139.43751966217567,2,785,18,132.32724452143555,0,0,0,0
600.8803175517384,3,1070,13,749.9599303308842,0,0,0,0
54.982184220259576,2,293,14,78.4739340720134,0,0,0,0
206.0251447234398,4,1651,10,315.47228363137566,0,0,1,0
235.55488300200818,4,724,11,224.03385496456363,0,0,0,0
399.70775796218544,1,1771,0,569.4181358511042,0,1,0,0
32.780252529143894,2,199,17,49.37005543600507,0,0,0,0
307.89866211019466,4,1349,14,256.9028074239199,0,0,0,0
14.181736889617655,3,1596,9,20.460589482510994,1,0,0,0
662.4943623024789,6,991,8,877.960174397121,0,0,0,0
519.471053311098,4,621,7,487.0207375962879,0,0,0,0
5953.867299866459,11,6,12,138.3335785077859,3,0,1,1
88.80896564187385,4,1196,13,68.80423826664963,0,0,1,0
26.07911594988177,5,614,10,41.120684796849595,1,1,0,0
393.1907324833203,3,841,19,475.59092188882744,0,0,0,0
5619.764814322102,11,786,1,840.4388584472402,2,1,0,1
37.95055666484501,4,1759,10,24.907396607338764,0,0,0,0
146.7965795919501,2,1421,19,160.7101444959383,0,0,0,0
279.00149452735207,3,102,17,271.126206483557,0,0,0,0
426.7172430526128,4,1122,10,318.92258233606884,0,0,0,0
61.49942003806611,3,1202,4,47.280245857943356,0,0,1,0
54.93882483064988,5,161,8,77.17994907325058,0,0,0,0
54.33303082847229,2,51,0,83.51347224497393,0,0,0,0
290.55294834294426,2,876,11,398.4246726250009,0,0,0,0
16.88581965922038,1,1228,14,11.582821054173628,0,1,1,0
380.17608749322255,4,179,8,462.3765192361846,0,0,1,0
27386.954686432095,8,601,2,253.44566158652066,1,1,0,1
112.82126599928404,2,1545,10,134.59421093170826,0,0,0,0
30.445501035779987,4,1234,8,32.54541550355626,0,0,0,0
699.9198090156175,6,913,19,547.910251251301,0,0,0,0
56.81390532473465,3,591,6,55.07630123143146,0,0,0,0
823.7334139760178,1,1757,8,593.1219568855379,0,0,0,0
12.284955624351893,3,1279,7,14.880144862541117,0,0,0,0
59.81328501230744,4,938,12,35.980407826839034,0,0,0,0
795.4776281360287,5,713,19,711.8335229873175,0,0,0,0
57.87448639030661,2,201,17,73.04719277149391,0,0,0,0
294.98246614751,2,1071,8,323.8806368137748,0,0,0,0
334.83885082438746,1,34,11,335.5155915569019,0,0,0,0
27062.304204516353,9,27,20,1182.6875783465607,1,1,1,1
152.90474553191487,4,518,5,142.73191858522952,0,1,1,0
228.1550811727796,3,1383,9,262.1050343814534,0,0,1,0
38.84475265212702,6,757,16,43.80822652884389,0,0,0,0
78.56780457703383,3,49,9,48.99870663457868,0,0,0,0
10405.455492024943,10,327,3,1035.2256231152585,1,1,1,1
290.3578811938905,4,1617,15,213.67298079906166,0,1,0,0
5557.787945400401,7,413,13,600.9910742956913,1,1,1,1
304.30343424445454,3,1349,11,351.0826691092792,0,0,0,0
103.44780442144697,2,1134,11,82.16786851952344,0,0,0,0
101.03803937803154,4,369,18,144.45674985375064,0,0,0,0
253.42392697469015,2,1068,10,305.7482360169094,0,0,0,0
235.1085448099378,2,100,17,332.65461450842423,0,0,1,0
71.54149077793608,5,527,17,100.99896675600999,0,0,0,0
194.21052317394975,3,255,7,202.02278692749582,0,0,1,0
56.11312174302832,2,1592,15,64.03231691284319,0,0,0,0
245.21515076512696,2,1389,17,287.7378764195356,0,0,0,0
102.01702200344522,5,856,14,106.19806787380138,0,0,0,0
442.24862784181784,2,1665,11,408.9436240901882,0,0,1,0
74.52486412621002,2,385,14,59.1316940768974,0,0,0,0
226.13604289552882,2,1328,11,198.6155646346279,0,0,0,0
803.3449116731097,2,1000,10,610.5163697952293,0,0,0,0
30.472504117620698,4,162,13,33.0071048722626,0,0,1,0
145.7286660459702,4,1060,18,205.88459781598468,0,0,0,0
94.23910653626089,3,1261,17,97.80891496338818,0,0,0,0
813.4162338218805,6,164,21,678.5174392748261,0,0,0,0
121.25689684598935,2,1137,16,156.64946773977357,0,0,1,0
703.3486113162083,2,1549,20,737.4024640201427,0,0,1,0
39.29620002180303,1,1004,19,49.66676438496,0,0,0,0
13.035842114212553,3,443,13,19.622420244281862,0,0,0,0
109.18730755799567,3,142,11,105.63374672466064,0,0,1,0
196.196124933025,3,741,14,233.8940598637084,0,0,0,0
160.09051210613572,2,476,11,134.65200719302536,0,0,0,0
168.32650395259517,5,1214,13,188.3221194576238,1,0,0,0
3893.684202471804,10,6,4,507.39315198851546,0,1,1,1
13.20963555689472,3,140,11,12.027578552050112,0,0,0,0
179.82592390386912,2,1342,16,253.7961314321581,1,0,0,0
466.3383758217268,2,325,6,378.7246382973537,0,0,1,0
807.9648009465565,2,607,15,822.8927533179386,0,0,0,0
1870.4307274261014,3,1079,10,2928.9689646016973,0,0,0,0
116.1172828778403,2,1171,5,95.35608549255403,0,0,0,0
766.2636281096369,2,1186,9,882.4654363713679,0,0,0,0
350.1591251246116,5,1542,7,380.6088967083047,0,0,0,0
26.77525826906994,1,273,8,42.183086263890345,0,0,0,0
232.5770568473319,2,1647,9,354.8814005698385,0,0,0,0
248.00772183264272,1,1416,12,266.73172045893455,0,0,0,0
96.04421957204374,3,1065,20,119.05929954978306,0,0,0,0
614.5752729997819,2,887,8,766.247372365979,0,0,0,0
598.2841839914506,2,1094,6,542.4036330699305,0,0,0,0
101.9177547157415,3,164,12,111.96287600397912,0,0,1,0
522.5151696276024,3,1499,11,482.80211195459077,0,0,0,0
102.60993722155912,3,683,5,86.11200078099817,0,0,1,0
787.139515755575,6,678,20,758.0478426196357,0,0,0,0
514.4875118419786,3,1716,13,402.879914071569,0,0,0,0
248.58524821462075,4,964,10,191.44750717172724,0,1,0,0
407.3186257229725,5,1418,7,546.6920425551874,0,0,0,0
497.2127080644864,2,508,15,428.8561118219925,0,0,0,0
79.01886794425491,1,1673,13,114.84073468310527,0,0,0,0
3857.8667161500425,8,27,0,523.7501800265036,3,1,1,1
504.0733508532009,1,31,11,507.7814902324703,0,0,0,0
51.62135151616251,1,999,20,82.23533185702308,0,0,1,0
131.08293558967782,3,63,11,200.42474616955414,0,0,0,0
368.90552452993074,2,225,12,345.3133915439801,0,0,1,0
505.4933750394587,2,1331,8,517.8039990671768,0,0,0,0
115.5899514751398,5,1192,17,150.06927577198627,0,0,1,0
235.16942732383686,2,878,2,335.62009723464803,0,0,1,0
26.428519325673356,3,1323,13,36.417947713390596,0,0,0,0
324.09941320418517,3,482,11,266.03818660754007,0,0,0,0
343.57422713533117,4,1487,14,405.2184175297886,0,0,0,0
231.4172087718324,2,1486,11,155.31239569209316,0,0,0,0
94.52179122302854,2,1248,8,121.45796767904653,0,0,0,0
484.7783869644947,5,1114,7,694.8957119854562,0,0,0,0
1412.186557677264,1,1530,8,1703.7245379195335,0,0,0,0
382.7564377707607,3,279,13,397.36052643389,0,0,0,0
20.431803179391327,2,1724,8,18.431358003016094,0,0,0,0
292.8650334955214,3,289,12,390.2780003841669,0,0,1,0
38.21150979850398,2,1421,14,48.125881335210664,0,0,0,0
86.33003479478187,2,1035,16,61.511231617292395,0,0,0,0
65.33094542126258,4,1141,12,56.88425041838968,0,0,0,0
67.05021531539094,2,1661,16,73.97928859524828,0,0,0,0
461.2651363120178,2,283,14,501.6054117510865,0,0,1,0
170.8289990597904,2,78,12,270.72938450835204,0,0,0,0
370.6550949804053,4,1210,10,228.5225124988177,0,0,0,0
2500.0,10,73,18,1020.6158889290433,2,0,1,1
106.03929707371712,2,1276,7,79.09485693037475,0,0,0,0
60.98118448758773,2,527,4,46.33687112362765,0,0,0,0
146.02123457089482,4,1334,4,197.68097920394212,0,0,0,0
6544.9112805373325,10,21,3,675.1118074772334,1,1,1,1
158.5389717223867,1,1238,12,249.676745781796,0,0,0,0
475.73315270364725,1,1579,20,536.7877300702672,0,0,0,0
148.48032385125288,2,1459,8,158.7120067967728,0,0,0,0
386.8930277540566,2,837,7,504.55609948398126,0,1,1,0
825.188215782283,2,1547,8,1009.5132903068946,0,0,1,0
211.95887885174633,6,496,3,221.21579966941894,0,0,0,0
665.7762396843599,3,597,9,1060.6998287259144,0,0,0,0
89.00073673249638,3,1687,10,84.57539637028776,0,0,1,0
484.86067193471433,2,683,14,732.0375365010082,0,0,0,0
7528.576244043496,7,22,10,699.0784140518368,1,0,1,1
31.057234856175768,3,990,11,19.314835243600214,0,0,0,0
31.545337126543494,2,269,15,21.229766931236924,0,0,0,0
2500.0,7,1107,12,799.5598910359619,0,0,1,1
125.70395570634547,4,497,18,185.5166031989033,0,0,0,0
62.713485278833424,4,308,20,55.13299144044423,1,0,0,0
171.96644729849658,2,677,19,188.315588701969,0,0,0,0
517.4308958403926,4,313,6,643.9666512706297,0,1,0,0
363.13666816355686,5,280,13,257.006417720395,0,0,1,0
93.69759883721854,4,109,16,107.89978605168898,0,0,1,0
253.80490466412323,3,1162,23,253.32360621498415,0,0,0,0
89.11251156270393,4,1251,15,82.85447245162071,0,0,0,0
109.44101540741289,1,350,15,113.20441276330455,0,0,1,0
100.42550566587563,3,1165,15,104.08237353057366,0,0,0,0
364.1564877159945,5,786,10,505.3132941371118,0,0,1,0
117.50594418822764,4,373,14,170.4577738711911,0,0,0,0
225.57321063733144,2,956,16,284.8911628289575,0,0,0,0
255.34837561430373,4,884,17,311.27113751424264,0,0,0,0
1032.211473994596,2,279,3,993.3562031232404,1,0,0,0
507.5531804736887,1,1127,10,327.02856454723155,0,0,0,0
935.6749641493673,2,580,11,886.036999604023,0,0,0,0
46876.665227944584,9,10,3,148.0865330964468,3,1,1,1
14.806767605149375,2,1786,8,18.950716943547686,0,0,1,0
76.44631492504503,3,749,10,117.23742157637894,0,0,0,0
291.8247367265914,2,264,6,329.52850958902445,0,0,1,0
93.05390341654858,2,1776,16,111.05249250415325,0,0,0,0
166.82429316156117,1,886,14,174.9975767570249,0,0,1,0
688.9908411361589,4,874,10,560.7805349219307,0,0,1,0
25.45377182612704,2,916,14,36.358277497161964,0,0,0,0
625.8774711584604,5,1403,12,895.026591178121,1,0,0,0
33.937510466358916,3,1684,18,52.6316698741095,0,0,0,0
33.33724488575545,2,797,12,35.2043129304104,0,0,0,0
260.7816110762601,4,900,19,221.3483657109605,0,0,0,0
113.70048491837792,5,410,17,150.16544579424723,0,0,0,0
121.5951759439074,2,187,17,149.83914247577314,0,0,1,0
198.27911523448216,3,1724,9,165.05509816607895,0,0,0,0
978.945258106849,3,1323,14,1205.8473887891996,0,0,0,0
145.89518253398364,6,1050,7,133.56955464989116,1,0,0,0
78.2135416017302,6,1216,17,86.95869802784192,0,1,1,0
57.9860826515349,4,1577,21,41.27499878529465,0,0,0,0
220.69176142483346,5,438,16,274.4518798646606,0,0,0,0
699.1525899652424,4,1296,2,541.5139197055016,0,0,0,0
233.91917990204962,4,1092,20,373.58512359591094,0,1,0,0
379.2387586046159,4,319,8,458.00157013177693,1,0,0,0
101.47679421805806,2,189,18,124.35988405723391,0,0,0,0
234.90209790109455,4,857,19,258.25168441729744,0,0,0,0
3268.6222592833988,4,817,4,814.1984790310669,3,1,1,1
5297.520928640556,6,20,4,779.5331275429413,1,1,0,1
10.357341033386437,2,860,13,10.395262790597481,1,0,0,0
189.07140859979518,6,1517,14,160.54232643933156,0,0,0,0
34440.60356272772,9,12,0,924.2350180488766,2,1,1,1
71.36834030803047,2,1540,13,57.651037749810584,0,0,0,0
375.8816971557502,1,1061,9,264.29413960882334,0,0,0,0
80.990939735187,2,970,12,120.24700209612554,0,0,0,0
328.6131854980022,3,216,15,229.23153463262216,0,0,1,0
157.44089185556902,3,957,12,230.2787634630781,0,0,0,0
125.60101905825032,2,92,17,98.01794902261115,0,0,0,0
824.6039061252203,3,1296,0,992.7886810882193,0,0,0,0
31.008910518330843,3,210,12,34.231319085814626,0,0,0,0
246.57862974254957,2,35,11,321.10282504877785,0,0,0,0
111.6972474858253,3,919,8,100.71570396768219,0,0,0,0
344.75435121880656,2,1009,8,280.4984538067355,0,0,0,0
28302.084412080992,6,157,7,234.22440247194598,0,1,1,1
1177.900616046147,4,276,13,1405.1616184624888,0,0,1,0
407.3760336702926,2,1576,12,268.3904113038945,0,0,0,0
387.98333259592573,5,1715,18,361.3854700798364,0,0,0,0
61.24309402099719,3,1710,9,97.25826698862397,0,0,0,0
237.70643144107055,3,127,11,247.2055874876321,0,0,0,0
290.9003861610765,3,387,4,338.046836709727,0,0,0,0
109.65191419724948,4,725,13,101.06655885510739,0,0,0,0
522.6330527987047,2,925,5,412.2270896139027,0,0,0,0
239.08552587297834,3,171,8,354.65410388053715,0,0,0,0
138.02455031873035,1,429,6,210.91311549457149,0,0,1,0
481.7458409591003,3,469,17,659.8629569377799,0,0,0,0
451.9425798806012,3,658,7,405.7780905976038,0,1,0,0
417.0194551311394,3,1200,5,607.8173903759218,0,0,0,0
962.5211364778362,4,456,12,803.60716855636,0,0,0,0
308.3369574228137,3,350,18,442.6418281965997,0,0,0,0
116.01682865399405,2,1700,16,86.57912965107097,0,0,0,0
14.597471961808427,3,512,15,10.897644913210591,0,0,0,0
363.2136557297092,3,1715,13,560.6979408020651,1,0,0,0
122.94839377462948,6,571,20,118.46361659663344,0,0,1,0
303.1143585031356,4,1270,22,205.27426790400918,0,1,0,0
325.98820225912084,3,222,14,497.75605882012917,0,0,1,0
148.84748480339744,2,171,19,111.82725422710921,0,0,0,0
288.31359618007355,2,1447,6,235.80864069341038,0,0,0,0
109.68889989982657,4,355,13,162.81902767376917,0,0,1,0
39685.35004745724,6,29,2,782.9044523258053,0,1,1,1
237.97370193795734,6,1273,16,195.9399297752444,0,0,0,0
225.21393927310183,2,342,14,335.3427129025759,0,0,0,0
93.00982145246952,6,1569,14,96.44114458169571,0,0,0,0
156.31545324208747,4,1068,9,202.20502994315626,0,0,0,0
995.2114430593755,3,1401,20,1031.8756831284525,0,0,0,0
65.19414939051029,2,1463,17,75.0125951437877,0,0,0,0
122.46927928782989,2,1312,8,103.21774930236256,0,0,0,0
302.7670027751402,3,684,12,196.80788596430622,0,0,0,0
685.2724581663018,5,818,10,667.3889357815663,0,0,0,0
6263.09541990831,16,915,20,742.3232424384207,3,0,1,1
47865.25485421136,4,19,2,140.15235078983875,0,1,1,1
46.52616862803118,3,1730,18,65.05200574242674,0,1,0,0
242.70825211680233,3,419,19,334.8555097107231,0,0,0,0
93.03935180820537,3,954,14,78.16011091841894,0,0,0,0
189.94543891042304,3,819,7,211.38522887489177,0,1,0,0
21.223177225039258,4,1288,6,30.892076833579704,0,0,0,0
231.67790325090937,3,613,8,253.3179426033864,0,0,0,0
242.26247970073817,4,1429,6,191.48286463857195,0,0,0,0
377.5157843518999,2,1323,6,315.24719350437624,0,0,0,0
269.83356703624156,4,500,12,291.94664195346996,0,0,0,0
36.98879737698594,3,726,20,56.48532433547673,0,0,0,0
35.49867740954528,5,849,14,43.907962251591115,0,0,0,0
509.4492904915004,1,1623,6,596.6431497216993,0,0,0,0
269.89846490397247,3,1501,8,197.77827246259653,0,0,0,0
419.5221187178807,1,1392,12,409.6131381470347,0,0,0,0
495.75598592431874,2,1489,7,577.0848425981263,0,0,1,0
104.81317266504419,3,430,21,137.2671344096903,0,0,0,0
209.55391403652024,3,159,5,291.2771981004514,0,0,0,0
407.1548687385512,2,292,8,586.8109402373573,0,0,1,0
17.71724935710089,5,1639,10,16.515409609586236,0,0,0,0
547.1436793710387,4,678,19,721.6870790315188,0,0,0,0
87.9505197157171,5,864,3,58.21940495764619,0,1,0,0
26.480083851789193,3,124,18,36.032642657432106,0,0,1,0
10561.874863739693,7,356,3,995.5707821372235,1,0,1,1
9278.57491282243,8,198,10,462.1779449582123,2,1,1,1
13.245341071208847,5,1603,11,11.80530322942853,0,0,1,0
561.1236167528094,2,1465,20,666.2002907858663,0,0,0,0
59.66110757169526,4,1729,17,63.16734294952722,0,0,0,0
1005.9245227264198,3,808,1,1471.8409702698327,0,0,0,0
23.55208418626637,3,278,8,32.42777567216978,0,0,0,0
149.03940030176824,1,401,9,92.19839817802817,0,0,0,0
363.28568171149993,3,1553,7,444.1341575668242,0,0,0,0
98.55251543392119,3,1379,7,91.29312174374243,0,0,0,0
74.33696627031328,4,1520,14,109.86694381836419,0,0,0,0
52.304780121269985,3,1089,6,57.85847167556244,0,0,0,0
175.4076469872765,4,1128,6,277.77754079957,0,0,1,0
909.0134135453198,2,901,1,565.9570926289671,0,0,0,0
126.46332984140665,1,227,23,81.26586978280935,0,0,1,0
10.915752997263713,2,1074,16,8.125392617223355,0,0,0,0
22.618385130122384,2,643,7,33.02973555266579,0,0,0,0
56.81150053419097,4,157,9,76.24969590779813,0,0,0,0
478.2174574289393,4,635,5,572.7232196848861,0,0,0,0
98.27486091363352,3,1556,14,112.53661427820516,0,0,0,0
96.20867876861455,1,860,4,105.64374503036635,0,0,0,0
262.71632748151063,1,1745,10,212.38478117944112,0,0,0,0
185.6678356260737,5,1461,16,122.81937773903884,0,0,0,0
277.3143461292757,1,1089,12,385.777290414336,0,0,0,0
98.44827320953887,3,1282,5,96.85348590035788,0,0,0,0
38.41908703740979,4,131,12,51.2669047634944,0,1,1,0
48.83505875558032,3,1255,3,68.94060848552475,0,0,1,0
70.77950085747584,6,933,16,103.58561436909723,0,0,1,0
423.84134088784026,4,1097,12,363.78920744554756,0,0,1,0
187.39908559869022,4,1358,6,236.80406230189,0,0,0,0
276.9441510373503,2,700,7,258.73860818560973,0,0,0,0
13.765712085684283,2,935,12,18.566586937934538,0,0,0,0
160.02322410807326,2,743,19,124.25757982276099,0,0,0,0
141.67437015974275,5,722,15,108.78826180623103,0,0,0,0
869.0414556721281,3,1001,9,989.5565542761457,0,0,0,0
99.13984890616852,5,511,15,84.30443739178783,0,0,0,0
636.5624982092932,5,385,12,772.398817928499,0,0,0,0
48.535670427555424,2,699,11,64.65426565195558,0,0,0,0
113.51162745283098,2,1200,13,92.16132087768742,0,0,0,0
269.5556481326771,2,1346,8,317.59053225653577,0,0,0,0
204.46448023374865,3,1181,9,151.90675639163038,0,0,0,0
603.4305404248457,3,705,7,531.9333520901738,0,0,1,0
69.83414020628535,2,799,11,75.22775734267238,0,0,0,0
92.33103688876506,3,1481,5,109.67850138778432,0,0,0,0
167.62818611285223,3,785,7,138.62309883465124,0,1,0,0
12.132967933853903,3,672,8,14.478227253635529,0,0,0,0
60.15099595999791,6,545,21,82.9128565247119,0,0,0,0
14.897980006773828,6,191,3,12.591764073091376,0,0,0,0
53.51379249741931,5,1187,2,85.45190595847416,0,0,0,0
392.54291798088326,3,710,9,402.28745509245465,0,0,0,0
360.98829663598184,2,692,13,549.7479031137747,0,0,0,0
209.19766207832865,3,525,16,315.25638505714613,0,0,0,0
345.3675742902362,1,1510,19,401.09324794375567,0,1,1,0
59.91076368878947,2,303,11,85.90030093760694,0,0,0,0
6427.065614964619,8,22,5,1128.1087386348217,0,1,1,1
374.78899290326245,2,988,15,280.97106551080327,0,0,0,0
128.78272764032562,3,929,9,155.09512051539053,0,0,0,0
13.091703992543035,2,282,5,17.782072853309998,0,0,0,0
81.5903149802337,2,1128,13,74.25260596839911,0,0,0,0
213.57323318697325,5,1280,22,219.37060086074808,0,0,0,0
136.4130813551981,2,790,9,142.23695086236285,0,0,0,0
334.32816494758475,6,1683,10,292.3220633017655,0,0,0,0
156.81159372031937,2,913,18,199.37494739693395,0,0,0,0
325.4333263759376,2,1394,13,265.9073694730493,0,0,0,0
88.22513694412167,2,47,10,110.18214460944094,0,0,1,0
13.894328842986095,5,1462,12,12.864734710035545,0,0,0,0
111.67009495689709,3,1100,14,107.13892704984723,0,0,0,0
25.079951465647884,2,608,13,17.64269617509896,0,0,0,0
99.4826150197617,3,957,6,120.57761122624815,0,0,0,0
21.403178745721142,4,303,16,33.70083143443575,0,0,0,0
444.0363742434929,2,171,13,333.75174933033884,0,0,0,0
176.3832435557898,2,1039,9,200.4621586150878,0,0,0,0
133.86828721195084,3,452,5,154.89077896465943,0,0,1,0
188.71903983463895,3,559,19,148.86985826775634,0,0,1,0
44.49097685093891,5,446,8,48.20802028694613,0,0,0,0
184.61019422545309,2,553,17,221.1861891496489,0,0,0,0
9689.845397305871,6,381,1,775.2725504658825,1,1,1,1
249.4675425887313,3,758,9,388.8626571041356,0,0,0,0
205.5736464217815,5,932,19,273.92997931252347,0,0,0,0
12.985593447481333,4,1647,11,17.782186801184103,0,0,0,0
556.0328713783258,3,80,10,845.466621649974,0,0,0,0
422.7695513342366,3,1537,6,348.63354329015544,0,0,0,0
249.8823735909346,3,1736,10,246.60676283145528,0,0,0,0
202.6879125782311,2,1713,15,153.26079022560268,0,0,1,0
13.94173571249876,3,1395,10,14.062364354957381,0,0,0,0
137.0733589941541,1,598,7,113.84957972029434,0,0,0,0
62577.077312833695,8,7,4,583.1478673217734,1,1,1,1
335.9397004836892,3,1517,17,355.26321800887763,0,0,0,0
333.1209837942489,3,144,10,383.66540840898,0,0,0,0
109.42899526767073,5,1750,21,128.46289706281257,0,0,0,0
174.3968319263283,2,929,14,255.71281015722326,0,0,0,0
104.4081036143196,2,1007,8,73.97305448325613,0,0,0,0
218.01564366431307,3,100,19,191.1030101415824,0,0,0,0
81.10842861428061,1,1411,12,107.23708133705301,0,0,0,0
25.879569543239203,3,1294,8,21.60206796697691,1,0,0,0
573.012579696304,3,439,8,889.375997638452,0,0,0,0
75.34406029932143,2,81,6,71.66731065974284,0,0,0,0
394.3628866388369,1,1592,18,251.59869479059944,0,0,0,0
667.1136501989797,4,680,6,589.2596158988009,0,0,0,0
17.05899009580903,4,795,9,26.19867448389989,0,0,0,0
541.4249411554721,2,184,11,623.2334829713467,0,0,0,0
460.3467717905979,4,994,18,545.8219040015204,0,0,1,0
148.53613751745763,1,243,18,178.06796012490344,0,1,0,0
429.32250953700577,4,507,12,276.8885361505954,0,0,0,0
161.95602749237847,3,137,21,151.04265007619534,0,0,0,0
50.30290208377973,2,1479,9,49.85756316222442,0,0,1,0
523.0454824352797,5,423,8,386.68579794615204,0,0,0,0
22899.45507816704,5,75,1,942.3769052053821,1,1,1,1
13762.49459719003,5,27,4,826.163261534533,1,1,0,1
84.86444421017153,2,1102,17,85.04316077012822,0,0,0,0
145.38340977820883,1,1005,5,199.67894817165703,0,0,0,0
8205.043095440917,12,20,17,638.6047778671688,0,1,1,1
543.1806649124946,2,1098,13,846.406165309318,0,0,0,0
307.2615729139975,3,1413,10,261.2810827142774,0,0,0,0
191.563968139542,2,606,10,229.8296585358661,0,0,0,0
311.969991496222,1,399,12,191.94427039853895,0,0,0,0
136.74343562914027,3,1396,20,98.99214231942142,0,1,1,0
18887.827187259005,7,522,2,282.87495048801156,1,1,1,1
96.62303501332624,4,1672,18,152.41077802734338,0,0,1,0
562.0585556647688,5,1090,14,567.734552993095,0,0,0,0
523.0575020750573,4,1100,6,643.590741952969,0,0,0,0
196.60881416976656,4,185,10,174.10910508865032,0,0,0,0
218.53081152374864,2,1033,13,241.81707723708527,0,0,0,0
137.30477774242803,2,173,13,155.16452884115353,0,0,0,0
3085.5360378919268,13,12,2,1039.0208423235656,1,1,1,1
570.547036654471,2,805,18,517.9297956732375,0,0,0,0
319.77179064402924,3,1734,20,404.3458773757316,0,1,0,0
73.50333926733876,1,647,19,90.91740169154384,0,0,0,0
569.8064749517758,6,1353,17,730.2417560953845,0,1,0,0
427.7854369608054,2,91,7,410.3439100238702,0,0,0,0
282.51563128677475,5,664,16,179.1733370133357,0,0,0,0
186.11986394271503,2,725,11,297.33202835533007,0,1,0,0
2500.0,5,1,14,249.06802361322679,1,0,0,1
218.57286537543666,2,1679,7,202.84477749806658,0,0,0,0
403.1037844216808,6,1075,14,638.255653525079,0,0,1,0
171.58994667256542,2,1733,19,265.7729916476482,0,0,0,0
51.80140051610723,2,1323,6,70.00112847702815,0,0,0,0
88.1983285762765,4,1427,8,66.81987579801677,0,0,1,0
1077.0240356697022,3,1155,12,1516.6802468386786,0,0,1,0
763.6196966468015,1,497,8,543.0003047282163,0,0,0,0
78.7404672221274,6,638,9,50.72970232945423,0,0,0,0
167.30819144025338,3,1082,17,156.73038267041304,0,0,0,0
146.12558934702184,3,1561,18,96.6415307769175,0,0,0,0
102.37409815301442,2,525,7,71.4188194204262,0,0,1,0
517.6766172076179,3,197,12,532.6514124111482,0,0,0,0
293.6610910138023,1,1070,7,388.8039435144445,0,0,0,0
1202.888137158628,3,1207,18,1622.6880360533617,0,0,1,0
164.19537084470653,3,124,12,106.17688375070678,0,0,0,0
113.37921079696633,2,1515,12,172.20093269837443,0,0,0,0
192.66451049730452,3,40,6,191.67467654177923,0,0,0,0
142.42879612703933,3,905,15,172.26457782365665,0,0,0,0
207.10186857594812,3,1200,12,298.0426890095649,0,0,0,0
86.90872716181653,1,222,20,56.90287996947852,0,0,0,0
145.85840368157056,1,906,19,216.99585894468981,0,0,0,0
367.81326670690595,2,360,8,232.6603170356376,0,0,0,0
47.488976530210884,4,905,16,58.71742495726721,0,0,0,0
136.70502635681447,1,1326,19,125.64539122153059,0,0,0,0
506.3515215810402,3,426,23,463.31127052193443,0,0,0,0
237.4711006812442,1,1405,7,154.82324104119652,0,0,0,0
529.3550434831604,2,928,19,464.839770573131,0,0,1,0
5021.234600100648,9,313,4,821.4173012742339,1,1,1,1
336.41572719699974,5,1093,11,408.4372805015169,0,0,0,0
286.0866597102294,5,1087,14,408.1611813163381,0,0,0,0
175.51541489622733,2,1227,8,184.59080432040614,0,0,0,0
65.49927494398344,4,1748,20,69.64929348340091,0,0,0,0
184.563854716454,2,619,9,180.55692105955998,0,1,1,0
135.03544829701787,2,725,16,92.13901022516768,0,0,0,0
119730.05293411635,9,12,0,1180.2070586285363,2,0,1,1
734.8666413372034,1,1321,15,593.7367308949875,0,0,0,0
204.95217221154908,2,1633,7,319.00508223001896,0,0,0,0
31.3088640637582,2,917,8,39.06526976193714,0,0,0,0
548.9866325385083,3,212,21,370.3739909594484,0,0,0,0
144.30428491053004,4,1656,8,226.290969903008,0,0,0,0
26.54657586031002,3,165,10,18.099089931577915,0,0,0,0
212.0399756922081,3,98,18,287.93161589588834,0,0,1,0
34106.612303415255,7,7,17,888.122783828173,2,1,1,1
26606.72014842856,9,1086,10,461.3069526502092,2,1,1,1
94.08737092816685,3,997,9,63.186856891324425,0,0,0,0
589.8142925124096,4,1407,13,904.5803192344458,0,0,0,0
102.5712774601643,3,861,10,129.45858678062982,0,0,0,0
240.04574879056094,4,863,22,153.90668852187252,0,0,1,0
61.52396631584323,4,168,11,77.2313256367457,0,0,0,0
553.051468835725,3,669,19,464.04477400618066,0,0,0,0
58.0283497104671,4,1768,7,48.71327775946652,0,0,0,0
208.44683070339013,4,1441,14,165.36731744662907,0,0,0,0
166.46823199560222,6,1582,14,197.87899919860402,0,0,1,0
242712.32708714207,8,639,0,885.1135050051937,1,1,1,1
1219.9760061344184,2,1628,13,1309.4343177096578,0,0,0,0
228.89892575007292,3,953,10,273.32466404539315,0,1,0,0
117.94557804368299,5,1020,9,91.53567478689368,0,0,0,0
184.85850270632335,6,1554,9,292.5240762658715,0,0,0,0
18.434225210198804,1,1720,23,14.181119793420354,0,0,1,0
305.07090045236515,4,1204,16,475.3070035964481,0,0,0,0
2500.0,9,898,12,1182.13239841124,1,1,1,1
204.13867278714866,2,573,8,254.41517402301838,0,0,1,0
953.1408689214161,1,1404,13,1218.4183531693145,0,0,0,0
841.1799971280371,4,870,8,1278.279822293545,0,0,0,0
176.0779226820963,4,1648,10,250.47624573690737,0,0,1,0
585.2299842522067,1,203,13,364.5765524638625,0,0,0,0
54.493356985037934,3,1005,11,66.82852440988337,0,0,0,0
18673.048016349992,9,27,8,928.0977774297635,3,1,1,1
183.34317753577096,3,102,11,253.9723656946184,0,1,0,0
74.67168653484534,5,1399,9,66.052175197317,0,0,0,0
136.1454637234702,4,940,12,139.14406715957386,0,0,0,0
31.436226864234023,5,589,6,44.009394868524204,1,0,0,0
37848.96446350708,10,1128,2,1170.9290223829948,1,1,1,1
8385.574918677614,10,13,3,558.2110292336,0,0,1,1
575.38982316749,4,811,19,616.2022605662,1,0,0,0
145.2185567573487,3,289,9,202.03882626244868,0,0,1,0
7441.643772900335,6,129,19,486.480802706144,2,0,0,1
120.93494383564492,3,1420,7,168.76392932708484,0,0,0,0
19.569867198141395,5,319,16,30.093172990385522,0,0,0,0
40.950582477388636,1,1375,7,50.84216080860293,0,0,1,0
12181.891349827987,10,13,3,327.2721126170889,2,1,1,1
509.8132979642411,2,1507,13,503.2008658479848,0,0,0,0
302.06106284456,2,929,7,291.8383008915586,0,0,1,0
31.493264225594675,4,1102,10,34.97981900084462,0,0,0,0
357.365073028501,2,629,16,224.02012886323237,0,0,0,0
471.0192853303694,3,1176,20,508.6586853510726,0,0,0,0
88.98925810765877,2,588,13,86.51721931640311,0,1,1,0
159.8410740759044,2,455,17,98.26158331473137,0,0,0,0
143.39443237703634,4,839,13,210.78846705314314,0,0,0,0
162.1767784498502,1,1263,14,208.18321492981767,0,0,0,0
854.1187756828314,3,1337,10,978.0208514386102,0,0,0,0
7698.207878429798,3,375,1,227.8010314709335,3,1,1,1
19118.173985505517,6,108,2,443.8055846573623,1,1,1,1
17.267730419901774,3,48,14,19.49844239945173,0,0,0,0
183.66471801799824,1,1147,9,213.69814279277574,0,0,0,0
135.68580514534187,2,623,13,86.98598795956048,1,0,0,0
30.37695029744898,1,667,13,47.822635376874565,0,0,0,0
50.644045929481116,3,1426,6,52.08235828718938,0,0,0,0
94.64300981069718,2,182,12,58.541123131302164,0,0,0,0
123.24527887772963,4,331,14,151.13693625404386,0,0,0,0
10.226561440690615,1,1326,15,15.545715011286623,0,0,1,0
212.36959918090574,1,1497,12,191.54185405458333,0,0,0,0
10.498530539927657,3,529,17,15.09755728549539,0,0,0,0
87.34609104478932,1,1221,16,97.57039411145769,0,0,1,0
792.1512487510885,3,140,19,840.46345483094,0,0,0,0
738.299231849874,3,39,7,1051.6385538876045,0,0,0,0
24.45391321198875,5,170,9,28.583204234396483,0,0,0,0
322.0956683309806,3,851,10,441.68330593229825,0,0,0,0
6862.784815958324,6,506,9,1113.4419259440247,1,0,1,1
37242.969569504465,10,636,13,236.6406521370593,2,1,1,1
101.14953048690055,2,961,14,75.85474646006797,0,0,1,0
221.37919959384612,2,1507,16,241.14272240276009,0,0,0,0
202.07130191149247,1,1447,7,315.1574071889282,0,1,0,0
380.85761303202804,1,643,13,279.01420681013707,0,0,0,0
2500.0,10,15,16,186.90456866651692,0,1,1,1
314.2954712059008,2,1333,4,270.54261326231136,0,0,0,0
271.19689677483575,2,752,9,395.2091169926495,0,0,1,0
144.08166420850029,3,1747,1,210.80068738917126,0,0,0,0
33.909236635079864,3,298,7,23.496587362087773,0,0,0,0
91.67306479704816,1,146,14,65.5396912795915,0,0,0,0
21.4798390452957,2,246,8,26.30150892961308,0,0,1,0
120.44975016235351,1,467,21,109.28830024368659,0,1,0,0
43.65591047916093,1,365,9,53.16199576095847,0,1,0,0
12050.902421599485,10,21,21,817.8892050616556,0,1,1,1
325.8085415403886,5,1786,16,249.21608078796868,0,0,0,0
205.16746153793412,2,165,12,139.68387974816577,0,0,0,0
156.31263873925832,6,521,11,105.7020598879926,0,0,0,0
17.861261181459135,3,1059,22,21.227272867291642,0,0,0,0
1441.0297386267587,3,465,2,1357.4664841584945,0,0,0,0
126.09179105019469,6,147,15,124.96315403687926,0,0,0,0
112.88050795704775,3,631,13,169.12565630936183,0,0,0,0
216.49188425880587,2,1006,9,274.2673810035967,0,0,0,0
241.0505547462789,2,618,3,251.2047456581636,0,0,0,0
28.547038854441833,1,905,10,36.353112329256206,0,0,0,0
115.5618031231074,3,183,19,101.7844806197377,0,0,0,0
2500.0,15,26,17,77.97103672812062,1,0,1,1
200.60346451225703,3,1158,8,247.32911530977083,0,0,1,0
827.9274378112573,3,1371,8,1131.9458038942403,0,0,0,0
47.7127276344993,2,1647,15,71.7435221697032,0,0,0,0
8725.121661674248,14,8,1,738.8705902279295,0,0,1,1
55.85049685359468,4,407,15,76.72985359656687,0,1,1,0
62740.56424901494,9,141,0,1160.462869873711,0,1,1,1
659.4690532635293,4,949,7,834.0808132423961,0,0,0,0
102.21156494724578,4,1239,7,155.70229979504256,0,0,0,0
403.35181663044284,1,418,13,429.73203298872033,0,1,0,0
267.20057745071813,5,227,10,328.6664122798808,0,0,0,0
368.6010309966907,3,460,21,447.9599422057297,0,0,0,0
31.935196514291608,4,727,17,33.60087768862833,0,0,0,0
296.8028824276592,1,1166,13,451.903319888782,0,0,0,0
141.75098702793656,6,1641,18,192.3426823121762,0,0,0,0
152.15647255214932,4,1561,9,111.10110025904777,0,0,0,0
14.508900707987266,4,129,9,8.888949961427082,0,0,1,0
27.246386581116404,5,236,13,37.7701534989076,0,0,0,0
277.2563012863627,4,573,9,172.01665356665922,0,0,0,0
18640.065342883503,5,471,4,969.253382741017,0,1,1,1
599.3179514087188,4,1721,11,580.2605921453351,0,0,0,0
109.78226097417179,1,1277,6,166.86813128177724,0,0,0,0
42.45656560406875,5,557,11,62.7358997696733,0,0,0,0
243.1417280091418,5,1782,6,219.58997533140956,0,0,0,0
535.4388479377225,1,823,12,678.4322182891201,1,0,0,0
339.40194478261844,2,1076,12,415.68640084432144,0,0,0,0
172.03958921719124,5,1323,14,223.96109817217445,0,0,0,0
30393.958336111835,9,250,1,946.0606282758863,3,0,1,1
641.0291552370377,2,1669,6,521.4468538296744,0,0,0,0
16463.669108957867,10,188,0,799.3025557224031,1,1,1,1
379.7691650545766,3,1592,14,481.84037202880455,0,0,0,0
981.2328682933431,5,1432,8,1328.6814703710315,0,0,0,0
160.46814688085962,2,881,10,200.4927231934853,0,0,0,0
27.23786051764076,3,580,9,24.05251006370617,0,0,0,0
12703.747141282674,7,22,20,1035.96534581268,2,0,1,1
209.0379952286068,5,1330,2,309.64441195152705,0,0,0,0
181.04255666576714,2,966,15,172.76984867036157,0,0,0,0
315.22423852792485,3,420,11,378.9653608883713,0,0,1,0
48.340649057992785,3,115,13,75.00302816886233,0,0,0,0
497.2571842842138,4,1304,6,791.7256765993542,0,0,0,0
300.73719630619905,1,1185,7,475.54323626435576,0,0,0,0
106.41966040000392,4,153,9,102.03873826026877,0,0,0,0
41677.42584189168,10,1086,1,302.27911164429406,1,0,1,1
440.13699111726686,3,343,12,334.6011559110797,0,0,1,0
5917.431471239123,8,766,16,210.24678541443149,2,1,1,1
254.14687095170194,2,495,13,235.49363286673565,0,0,0,0
121.37308557873727,2,141,15,82.27935701119088,1,0,0,0
44.52227162383887,2,1433,14,65.645216443851,0,0,0,0
175.01557450187266,2,1712,4,230.02382890429476,0,0,0,0
65.3848601264715,2,513,11,54.89473785318454,0,0,0,0
282.94050946462255,4,1783,13,367.029190115346,0,0,1,0
49867.875197559995,9,16,13,824.551594209664,1,0,1,1
74.91194274097924,2,1533,13,91.4502163768495,0,0,0,0
15244.990269747082,7,337,1,1107.7796758580891,2,1,1,1
51.18997538916824,2,1500,9,36.89088443668292,0,0,0,0
121.78003341140784,3,923,13,148.25886953098114,0,0,1,0
191.85018185561393,4,1179,5,194.25757313016666,0,0,0,0
1119.9879462841755,3,1476,8,790.2094728152626,0,0,0,0
13929.66329308623,7,17,15,167.17344340059964,1,0,1,1
150.41807950674348,5,1716,15,236.2911822917541,0,0,0,0
150.5111424134972,5,1013,8,156.83329391876651,0,0,0,0
63.801227034243134,3,621,6,91.92320553781022,0,0,0,0
84.10673689591285,2,1032,12,62.95125593929963,0,0,0,0
117.78675110155443,4,559,19,80.75399431160643,0,0,0,0
37.12826327269505,3,1124,8,30.506665262119217,0,0,0,0
314.37552226488395,2,1248,16,395.5781094625155,0,0,0,0
476.0025166676317,1,894,12,425.53382468912616,0,0,0,0
15.347744579936654,3,1275,4,11.055414053723181,0,0,0,0
141.63076360609134,2,682,12,141.2860239317754,0,0,0,0
3831.782729151611,7,4,2,233.5683462539179,2,0,1,1
1043.9973990000706,3,785,10,1474.574269266221,0,0,0,0
82.69328994761412,3,1339,18,81.17253313243185,0,0,0,0
13.845636674972267,3,551,12,10.029981651152397,0,0,1,0
12962.967403718403,9,902,11,672.065458397901,1,1,1,1
96.7333971531292,3,214,6,104.38706943223403,0,0,1,0
794.1162609842705,3,599,7,1185.6337564403623,0,0,0,0
139.51240020259985,6,1131,17,83.84276262896418,0,0,0,0
126.56551138471978,1,902,8,161.34966469010632,0,0,0,0
78.33965423928676,4,776,20,113.32159767210038,0,0,0,0
118.67041168447025,3,1206,11,186.5966584633139,0,0,0,0
151.07148707827122,3,921,10,191.6344790784198,0,0,0,0
143.97074101725693,2,960,13,223.0576327317716,0,0,1,0
549.6136869214005,3,770,7,566.8243276221914,0,0,0,0
134.76342509221527,1,82,13,117.6026667359183,0,0,0,0
7020.408735943492,7,25,4,458.5844924919195,2,0,0,1
86.95999164078637,6,660,23,105.50539955957588,0,0,0,0
133976.91342977434,9,1,2,200.7934274057513,1,1,1,1
330.27370327425797,1,71,20,437.8603032659176,0,0,0,0
38649.707865180724,7,16,11,172.47344796008588,2,1,1,1
121.99194351841399,3,666,10,84.56746825411713,0,0,0,0
427.5714376001226,3,834,9,303.66487351373183,0,0,0,0
3082.2694189711756,8,822,0,397.54962626395474,2,0,1,1
74.18465120499353,1,684,12,84.10960816353696,0,0,0,0
770.517438303871,1,1580,9,696.6950972473319,1,0,0,0
2937.668037126871,8,812,1,1041.4365203654575,1,1,0,1
102.67845856840802,6,947,10,145.42025552082666,0,0,0,0
15.844500294474686,5,1635,14,24.782458291215953,0,0,0,0
260.8715684894149,5,1387,17,269.40229085561896,0,1,0,0
253.71405063850943,3,878,7,264.6812665856988,0,0,0,0
88.33319915311435,3,611,11,84.6210422316089,0,0,0,0
82.51738115287579,2,260,9,72.7338797295459,0,0,0,0
154.49585781832533,1,291,9,93.79281886590891,0,0,0,0
24.87927035610592,2,1475,10,15.891207582934529,0,0,1,0
82.98910093871537,3,307,7,132.6313466089383,0,0,0,0
55.31289440545412,6,530,21,80.15133998518712,0,0,0,0
415.7268202754743,4,119,6,389.92025025630176,0,0,1,0
287.9342458756098,5,1634,17,378.8157147088444,0,0,0,0
151.74825764882948,2,459,17,151.41538814942928,0,0,1,0
582.1629301318877,2,1649,8,497.084275944747,1,0,0,0
447.96802466889426,3,374,13,515.2818903176902,1,0,0,0
81.80987888503003,4,1758,17,126.84353872604727,1,0,0,0
169.0901242067688,3,884,9,147.11406125525545,0,0,0,0
275.9841032500884,4,893,8,233.6362335539618,0,0,1,0
14572.895158619502,10,590,1,963.7012050040659,0,0,1,1
488.5474468929359,2,1171,14,392.98941555351973,0,0,0,0
405.640937875357,4,562,14,484.19774951407345,0,0,0,0
1215.9169876328576,6,1357,11,1562.3454479092688,0,0,0,0
360.26687504846325,4,95,8,534.9316666023843,0,0,0,0
41.84309840387547,3,1326,14,37.39757731533649,0,0,0,0
181.5236036492125,2,515,19,191.26789427445118,0,0,0,0
241.3609512498401,2,1290,14,265.9739992929569,0,0,0,0
6879.491529924765,10,1055,1,452.80064328528965,1,1,1,1
242.85986918430078,1,291,13,275.1132924655272,0,0,0,0
206.25734372743352,1,1485,9,225.6105168170538,0,0,0,0
183.77191645048725,2,1020,17,116.440892948314,0,0,0,0
204.16791475444424,4,1335,8,239.0411395608885,0,1,0,0
12760.45357196692,8,3,2,742.002570401892,0,0,1,1
264.5388249054798,2,1087,9,299.310929876488,0,1,0,0
508.53028437318136,2,792,9,759.1944822387371,0,0,0,0
590.5444372942582,2,1375,20,432.4123279458095,0,0,0,0
241.15984983195725,5,1457,8,290.69229960963787,0,0,0,0
50.41453462976574,3,1148,10,32.08545889567656,0,0,0,0
173.56986091515546,4,970,13,150.16273496678502,0,0,0,0
28.41369762680903,3,128,9,20.632058289133123,0,0,0,0
261.581173410617,5,1775,11,326.80769195031155,0,0,0,0
294.3851818621191,2,858,9,397.88054576732344,0,0,1,0
354.0572350974606,2,1172,12,508.492085995468,0,0,1,0
275.2062976536282,5,1112,15,176.0300920975831,0,0,1,0
21.952426467507976,2,1350,8,13.944493094387068,0,0,1,0
533.5835200781707,1,1726,8,830.1403876658934,0,0,0,0
1221.353513163465,2,965,16,1598.4391425075037,0,1,0,0
2500.0,8,944,15,186.77107414969862,2,1,1,1
11.968963630224406,2,482,14,14.544071203219408,0,0,0,0
11.744102295412661,1,1541,13,18.58243704175092,0,0,0,0
2758.6197925514984,9,10,0,736.1673910695957,2,1,1,1
394.5153169965062,4,503,12,323.9123884759203,0,0,1,0
296.57671858910896,1,1256,8,278.7654177265998,0,0,0,0
264.9870783744617,2,413,5,200.86691225187508,1,0,0,0
226.7187116747206,4,508,13,277.4228592241898,0,0,1,0
269.48918950515184,5,82,7,184.05980887677916,0,0,0,0
9313.062209548618,7,1029,2,790.8386645277621,1,1,1,1
301.09647088949225,6,1422,11,365.4166933558542,0,0,0,0
1256.6365548629608,5,1687,7,937.5856292803404,1,0,0,0
11841.203897431367,6,21,1,763.775172806054,2,1,0,1
187.80693348447616,4,1012,23,210.81036584842536,0,0,0,0
34.41157966700385,1,296,21,28.641817361129796,0,0,0,0
42.085460416028596,3,288,7,33.56963989776719,0,0,0,0
97417.85114237256,8,576,3,1046.4983949995699,2,0,1,1
426.8072235775545,2,335,13,406.80637261916837,0,0,0,0
72.27122465512669,3,295,10,87.81543844849821,0,0,0,0
59.10456626605189,3,1421,17,81.67895730591331,0,0,0,0
20.10625409942579,2,41,9,14.70178730158585,0,0,0,0
1045.1934363979583,2,54,8,719.055078281946,0,0,0,0
105905.01274717585,14,372,16,921.5678172372565,0,1,1,1
120.00186788091347,2,527,5,96.08198445727837,0,0,0,0
103.798713055483,2,165,19,125.80867234556821,0,0,0,0
335.9426991885999,1,1113,15,202.41203397796454,0,0,0,0
441.2556102804014,5,1147,13,551.8660862636694,0,0,1,0
354.9540965730379,5,1665,9,237.7331932450011,0,0,0,0
534.5834267902485,5,553,10,398.50847434634505,0,0,1,0
593.2638719175395,3,1644,8,792.3917946585049,0,0,0,0
388.08760386495453,4,536,3,352.9979547658646,0,0,0,0
411.2147849725806,2,1036,16,294.46533816297506,0,0,0,0
72.3240999176103,2,1200,17,107.4847876280915,0,0,0,0
421.4049383254972,4,844,4,546.9009895080277,0,0,0,0
82.62105187937559,4,1072,16,120.69592303323093,0,1,0,0
141.8678877924322,5,1263,9,225.0680455124132,0,0,0,0
114.50126872554448,2,342,14,152.9338663055874,0,0,0,0
24.338657751348094,2,1512,7,29.517355971649973,0,0,0,0
913.3998591856171,2,349,10,1002.7269324807819,0,0,1,0
231.94479448386966,2,753,11,299.17744089787095,0,0,1,0
10875.969930078765,13,21,5,597.1333844918267,0,0,1,1
42.3483982979651,2,1544,17,38.85979710684887,0,0,1,0
573.2360668864687,3,1315,7,422.101215092568,0,0,0,0
202.26671337288403,3,684,10,237.43525645195527,0,0,0,0
174.21459006744865,1,911,5,222.19695297768027,0,0,0,0
282.824315946583,3,332,13,186.96381207402405,0,0,0,0
279.342944964191,1,655,16,219.80390253733574,0,0,0,0
332.0242816799601,4,474,18,493.78145883210124,0,0,1,0
132.12067039323432,1,1773,9,115.24183427659044,0,0,0,0
131.55001670571056,5,1298,9,108.7825942821874,0,0,1,0
6255.339617392429,6,274,12,393.56378538456477,2,0,1,1
157.95863641718188,3,1637,23,159.31211857752393,1,0,0,0
139.65302397318163,2,1236,7,199.69597445725682,0,0,0,0
198.1909301173886,1,533,11,192.86564560802762,0,1,0,0
232.45318384706812,3,1104,21,204.7782279530891,0,0,1,0
1366.776537415133,3,226,17,1640.8622900678777,0,0,0,0
81.45591163663282,3,32,14,58.4312075402508,0,0,0,0
8525.853596737546,7,6,0,229.14141178105288,3,1,1,1
339.9409046617941,3,783,16,542.9784169583897,0,0,0,0
16.000530087113297,2,323,17,15.803365693492186,0,0,0,0
47.85082552238178,1,1777,15,56.01931290420174,0,0,1,0
182.3533769417581,3,622,8,119.75553442834732,0,0,0,0
28.886352488434706,3,1090,4,23.146664420305072,0,0,0,0
288.8765633369964,3,1353,10,429.0111130573475,0,0,0,0
107.59267549993773,3,305,11,79.32353497106003,0,0,0,0
170.86723967069517,2,274,10,257.054846999883,0,0,0,0
49.70443773325393,1,543,14,69.76876096137698,0,0,1,0
79.00649226058614,2,237,9,91.96385669857445,0,0,0,0
47.23481811571337,3,1031,21,40.4149073595448,0,0,0,0
334.33340613525854,3,1220,2,284.19027732502553,0,0,0,0
98.74162392884759,2,812,1,124.6186049610658,0,0,0,0
348.9620389146452,2,1012,11,474.3328745653256,0,0,0,0
760.83907307722,1,1713,6,773.3418073935826,0,0,0,0
1169.7413098073969,4,964,15,792.1408137894249,0,0,0,0
4801.574645918686,7,4,15,872.0901091621307,2,0,1,1
200.90728847261533,3,1747,12,264.97462850997675,0,0,0,0
33.875763692890544,3,1204,13,48.81721037253986,0,0,0,0
100.32122648982144,2,54,10,147.1842286495714,0,0,0,0
61.4344305551758,1,765,16,88.16549829655507,0,0,1,0
33.960238901459,3,131,9,27.964980040102546,0,0,0,0
106.84324772366186,1,827,1,87.04161762486405,0,0,0,0
261.44658731169085,2,1250,16,246.04630336729667,0,0,0,0
58.04407711364482,3,1341,15,73.36605453278642,0,0,0,0
94.28141729471118,5,367,8,61.22629220108507,0,0,0,0
111.78257110554556,1,890,17,74.85927198185055,0,0,0,0
328.9713374745028,2,610,17,284.83241712636783,0,0,0,0
125.33995349268035,2,1547,8,96.8319358384505,0,0,0,0
129.5878412247013,5,463,16,189.3111828312807,0,0,0,0
280.71225440712584,3,315,17,232.33299116683057,0,0,0,0
60.15566135944805,6,872,20,55.20012289345905,0,0,0,0
39.02903609893232,3,506,21,30.097822688390504,0,0,0,0
27.400276630353197,4,464,17,37.4868484914767,0,0,0,0
2500.0,12,26,8,381.402346043908,1,0,1,1
112.42840443389687,4,489,16,79.5258468269832,0,0,1,0
257.0141022595286,1,1658,9,302.5517811066539,0,0,0,0
306.8897533750378,3,966,12,267.06479453683824,0,0,1,0
292.94580330597415,1,846,6,395.26956184567047,0,0,0,0
554.925770275138,3,218,11,465.39235745512383,0,0,0,0
33.96863250470165,1,1595,10,32.077622081815065,1,0,0,0
293.9837223589177,2,1190,0,398.5051897580091,0,0,1,0
175.9324898728518,5,952,14,267.96689185518443,0,0,0,0
133.25889876202714,2,1318,15,165.4956955119513,0,0,0,0
78.68394838356109,2,1095,16,64.9710078618522,0,0,0,0
181.91481961596182,3,1067,11,285.99943353070324,0,0,0,0
345.9281594088989,6,1059,9,250.6815608713542,0,0,0,0
78.59240400478392,1,828,17,51.37636036544895,0,0,0,0
111447.89198265017,5,29,15,244.32249468685265,0,1,1,1
328.8353869441487,1,1576,9,325.4876517430933,0,0,0,0
534.8312028228559,1,1749,14,390.87907111949,0,0,1,0
812.0868875478084,2,486,12,634.1771778561208,0,0,1,0
30.230571108296196,2,1738,8,28.120038202024677,0,0,1,0
214.04302348339314,1,595,11,337.3580801384678,0,0,0,0
126.82554686878464,4,1593,17,134.98108297132913,0,0,0,0
130.64003915245672,3,1166,21,156.74663008157944,0,0,0,0
46.377527191231565,2,52,18,37.748470194136075,0,0,0,0
29.10240393802037,1,277,15,35.90049951370151,0,0,1,0
59.98895242519942,3,1288,15,39.43698531735061,0,0,0,0
274.4247722301442,2,1646,7,345.13371041304913,0,0,1,0
3218.7974921724053,3,851,4,184.88682870815586,0,0,1,1
520.1613702644445,4,741,9,692.9978331383802,0,1,1,0
390.4967544561601,3,1790,11,480.0698065321102,0,0,0,0
18.344085893136068,2,1618,9,11.797949205306132,0,0,0,0
133.10382484546722,2,30,7,97.3303646841794,0,0,0,0
777.4643436529191,6,1505,6,1228.3923261334646,0,0,1,0
53.033203408447875,2,1364,9,57.03875113417144,0,0,0,0
461.9419105287656,2,295,15,287.3694332861987,0,0,1,0
13427.016174482324,8,10,3,228.53705611985387,0,0,1,1
12589.884416305295,12,4,1,524.7098035042995,3,0,1,1
38.584775526937165,1,1641,7,37.23197004590244,0,0,0,0
54.336806916417224,3,744,8,83.0971644142686,0,0,0,0
93.75448225609689,3,925,18,72.93681847210968,0,0,1,0
252.0505602247243,1,901,9,189.25904948391968,0,0,0,0
465.7998932895723,3,814,14,735.2535258544812,0,0,0,0
794.4081964900811,2,118,15,1045.172717586969,0,0,0,0
198.12093022319132,4,144,12,285.62745031224625,0,0,0,0
231.89680014286702,1,1215,6,201.43898615014103,0,0,0,0
235.1366924120144,2,252,9,217.54367385213388,0,0,1,0
493.55075840391464,4,1587,12,490.62091745829605,0,0,0,0
554.5049261632527,1,1261,22,529.9930494365598,0,0,0,0
247.41145331450798,3,1049,13,189.23867686000165,0,0,0,0
569.7698982854415,5,126,11,418.09832208906266,0,0,0,0
863.0793091007708,3,215,5,1076.3114140766688,1,0,0,0
496.6317251990278,2,1403,6,318.54651740374237,0,0,1,0
589.7579745315517,4,1187,8,410.5248824698289,0,0,1,0
215.5517762313852,3,1724,1,143.29301880684943,0,0,0,0
31.463645477527002,2,746,5,26.141886328548697,0,0,0,0
8344.802676902136,6,519,0,50.76889386041419,1,1,0,1
103.7744697886041,6,1648,6,160.80218142231547,0,0,0,0
107.5049285264947,3,543,13,97.36603690701251,0,1,0,0
15889.128407742626,7,15,19,868.5006890732061,0,1,1,1
685.6259597874123,2,1512,8,733.5872844110324,0,0,1,0
127.34600116376538,4,1797,7,159.3460100128589,0,0,0,0
94.00950668818875,4,108,3,131.4153169345916,0,0,0,0
34.46217941218825,2,1125,10,51.84876619854204,0,0,1,0
199.78594574020786,3,1117,16,220.65514364077944,0,0,1,0
12098.707121819514,5,37,3,603.1851751650853,0,1,1,1
211.56316737179435,5,1394,20,293.46006104404626,0,0,0,0
209.11812137105943,6,1656,15,320.2237107860709,0,0,1,0
15.55795697409824,5,718,16,16.901115036770978,0,0,0,0
291.93335699328156,4,714,16,452.877997317837,0,0,0,0
109.00500164718233,5,322,12,154.2756990637605,0,0,1,0
180.20531233895107,3,329,16,200.05848313089874,0,0,0,0
12.804316565489387,1,900,15,15.308590494082166,0,0,0,0
187.82889957979285,3,247,7,178.93671020501188,0,0,0,0
72.11249589750936,3,551,6,71.67895240380209,0,0,0,0
68.45967095985796,4,680,18,95.51884197386812,0,0,0,0
315.6162268280188,2,1111,14,259.5806597676622,0,0,0,0
938.3127009343824,4,508,6,1320.0789941500586,0,0,0,0
711.2736048228955,3,957,13,941.0468277514025,0,0,0,0
218.36472900351842,3,1339,14,197.97686470597668,0,0,0,0
929.832115956504,2,206,8,1322.4873784755673,0,0,1,0
58.74527476466095,5,1125,20,74.05271883816319,0,0,0,0
319.6784545863885,2,696,12,471.72049612286696,0,0,1,0
265.44670093681106,3,159,12,220.53416952965657,0,0,0,0
27.65184067602755,3,1775,1,34.18865249975492,0,0,0,0
71.07258167213485,4,973,9,78.2264827741156,0,0,0,0
37.474910597211135,5,1387,13,52.06431099237883,0,0,0,0
298.25200470544473,2,1605,10,342.86526124452456,0,0,0,0
362.81416463561413,2,1563,11,229.32992120174964,0,0,0,0
26777.71646820731,7,20,5,1152.20343090668,1,0,0,1
526.5285187768632,3,1580,20,361.41063435920836,0,0,0,0
908.041565002314,5,1646,12,686.1101614609377,0,0,0,0
165.89847800336815,2,48,13,165.24646601377154,0,0,1,0
6546.691460962417,14,533,2,737.846449605149,1,1,0,1
110.35568046531489,4,84,10,171.81189346179377,1,0,0,0
49.2470950825827,6,838,19,72.86091071824015,0,0,1,0
565.1450160095749,4,97,19,722.4212044191836,0,0,0,0
417.0939956296024,2,832,14,637.1422510216,1,0,0,0
434.8710181598053,2,928,18,528.362321211695,0,0,0,0
90.43000544665327,2,670,13,79.69066802560656,0,1,1,0
648.478402984178,4,959,14,789.3767687410824,0,0,0,0
2500.0,7,18,2,448.2541308935946,3,0,1,1
112.07597599985473,3,1404,7,101.56411377024448,0,0,0,0
22.59931618161254,2,566,13,20.057597210559603,0,0,0,0
273.6489647189974,3,521,13,320.934981137444,0,0,0,0
119.7955539624953,3,1487,12,131.52122970847242,0,0,0,0
135.69588598467243,5,1115,8,114.33794997030316,0,0,1,0
1077.193484900496,2,799,17,1225.1203534712545,0,0,0,0
50.23672607754502,1,509,9,79.66375974621754,0,0,0,0
1027.8555186696597,3,1111,16,920.1760565416021,0,0,0,0
32318.74639530856,9,27,5,977.7470362648552,0,1,1,1
243.4369816067608,6,123,6,293.40203107565515,0,0,0,0
211.69741057289184,4,347,13,175.6326320017803,0,0,1,0
152.29956393030943,2,1127,11,129.71373426875314,0,0,0,0
84.15100200280126,2,181,7,51.41647315768355,0,1,0,0
112.86976726060723,4,1435,9,78.09983281125075,0,0,0,0
207.75337293660013,2,1318,0,197.1848492870764,0,0,0,0
67.3467606093565,1,825,6,100.26582576124177,0,0,0,0
11.411807092092,2,655,8,14.357045860574145,0,1,0,0
447.1436933212245,5,44,8,437.0500585809096,0,0,0,0
40.24995674887279,2,178,7,57.75506557920504,0,0,1,0
158.98489934485255,1,1603,14,250.45333608925142,0,0,0,0
112.49007192793769,4,426,5,174.19758672270407,0,0,1,0
95.85167138605428,4,689,0,114.56188076643312,0,0,0,0
187.93554281119165,2,1757,15,169.88983836752854,0,0,1,0
134.98604773502336,1,1221,23,88.46040937841717,0,0,0,0
75.09825561118774,1,1620,21,88.48778641556574,0,0,0,0
221.39002824495623,3,1676,12,278.2921742219462,0,0,0,0
7371.010452598868,14,6,18,1091.8547662924193,1,1,1,1
31.246239086319278,3,440,8,25.018076536422267,0,0,0,0
769.4640216796105,1,637,9,879.9519224852119,0,0,0,0
1700.8763306262374,3,1118,11,2683.5986067072577,0,0,1,0
40.24413941223786,4,849,15,51.67758939503947,0,0,1,0
16869.842905360565,11,289,2,362.67921861542163,0,0,1,1
137.1003554487682,6,1798,12,128.97035747135834,0,0,0,0
349.55454655870886,1,1148,13,284.4232390225763,1,0,1,0
625.2929627399214,4,37,1,704.4662962363732,0,0,1,0
27.615625419268955,4,642,5,44.117619722433346,0,0,0,0
81.90616732405047,2,316,7,103.16449423441972,1,0,0,0
268.71004187348575,3,1197,17,292.07498856760157,0,0,0,0
215.4433269807531,1,189,14,308.9442000284967,0,0,1,0
26.814475890381267,3,1078,10,27.95831165176217,0,0,0,0
134.69575005851192,2,1773,8,122.20632075665492,0,0,0,0
56.54826278354251,1,1662,6,49.68065512741314,0,0,0,0
30.45942240202181,4,1331,9,29.961711963176388,0,0,0,0
5893.912364296842,5,22,18,63.94212338024057,2,0,1,1
2500.0,6,26,2,229.72875942748558,1,0,1,1
28.764568325543586,4,1065,22,40.48534046011786,0,0,0,0
233.4587479921153,5,1008,10,141.08284914170355,0,0,0,0
218.11495186703888,4,909,13,157.34338711309374,0,0,0,0
3292.7873769778776,8,1121,1,1184.0220773461815,2,1,1,1
243.65611182714937,2,649,3,288.32269968728326,0,0,0,0
133.95035808843176,6,1558,21,206.4125814244683,0,0,0,0
180.40963852121607,3,491,15,205.31738117573434,0,0,1,0
71.44041183739391,3,1155,17,80.86217640082067,0,0,0,0
113.83150326714176,4,1668,9,169.15690954068856,0,0,0,0
134.17080466767584,3,1577,9,121.15658923474702,0,0,0,0
63158.304047170546,15,795,20,229.18252155857638,3,1,1,1
235.01908875251596,4,1191,13,343.0775451056906,0,0,0,0
182.50910546222127,5,1226,13,264.50137135101573,0,0,0,0
112.43054109930685,3,120,15,163.42455835003094,0,1,1,0
76.01696649972419,4,308,12,69.06944068875588,0,0,0,0
160.95866257340543,2,1522,9,151.87112423001653,0,0,0,0
524.1384953951265,3,1626,16,453.45944253953195,0,0,0,0
578.7808062986308,3,1254,13,866.3622019494511,0,0,0,0
84.95052068763256,1,915,13,79.78885562939027,0,0,0,0
529.3929477962951,1,38,7,590.1583042198661,0,0,0,0
394.1595473492521,3,92,10,276.96478854819014,0,0,1,0
45.44264118100171,2,1732,13,30.476111276817583,0,0,0,0
2792.079162863992,10,900,4,764.9727613181229,2,1,1,1
43.7746241003353,2,1336,15,27.673722811459648,0,0,0,0
54.07623140392279,2,947,8,71.14868942310102,0,0,0,0
525.4914344021414,4,763,15,562.787519053312,0,0,0,0
15082.929698338658,13,710,5,956.85415696309,1,1,1,1
220.70888164040525,2,89,12,292.56613338426007,0,0,0,0
151.76787920057782,2,1782,16,163.10559427687542,0,0,0,0
272.30418177880745,2,1485,18,366.3235556592338,0,0,0,0
223.58366526404694,2,672,18,148.84930287386882,0,0,0,0
88.81240962218901,6,1646,12,102.18680992463264,0,0,0,0
47.86652052367064,2,571,21,47.53813861588498,0,0,0,0
75.55875701299065,2,318,9,73.28616633281378,0,0,1,0
404.9152746494001,3,384,12,367.9031001438798,0,0,0,0
419.9646793588398,1,1337,18,563.4438251750404,0,0,0,0
336.6950718045632,4,1286,10,265.32692209203975,0,0,1,0
264.8591402944521,6,331,13,190.30985180574888,0,0,0,0
406.89689057075276,3,94,19,419.28359711026195,0,0,0,0
11.780458162060176,2,698,4,15.375681292243009,0,0,0,0
249.78886419939457,2,277,8,246.37321435803295,0,0,0,0
119.49689609957572,5,1713,15,157.0436856602153,0,0,0,0
10024.058364487717,11,7,3,714.5692474963333,0,1,1,1
185.85774740342026,2,855,12,230.4497076457782,0,0,0,0
884.3469577808496,2,597,6,1094.026233247271,0,0,0,0
761.700185638643,5,286,22,940.7947196970085,0,0,0,0
152.26170184438985,2,197,15,181.58397699922327,0,0,0,0
164.09405166658865,3,1292,17,183.48651433399735,0,0,0,0
150.45573062842513,3,406,8,144.26897528051438,0,0,1,0
364.17017089779097,6,1030,10,307.36234981095015,0,0,1,0
828.6800522755942,6,534,13,730.9565119441156,0,0,0,0
179.11900335233273,3,1436,8,227.44543186037177,0,0,0,0
152.55367247078345,4,1734,0,208.70027246419355,0,0,0,0
363.31009075771414,2,523,15,326.8675939011791,0,0,0,0
55203.97624278092,4,677,4,910.575420146102,0,1,1,1
615.7417337647503,3,1479,1,883.1541958240628,0,0,0,0
1097.6336571052311,2,1723,8,1489.0747460116354,0,0,0,0
215.2474046350726,2,601,18,210.30353974183103,0,0,0,0
22.86122727849169,2,574,15,25.503696459539437,0,0,1,0
102.89709929504845,2,341,19,90.35954145725452,0,0,0,0
3273.140107782348,5,9,1,1091.7441459625325,1,0,1,1
87.7239923447215,3,1501,10,100.59747913695503,0,0,0,0
86.04232550139697,4,1781,9,112.12394212830819,0,0,0,0
187.82954212211146,6,1466,7,126.26647388748312,0,0,0,0
339.39664179066006,4,1426,3,509.03651301812994,0,0,1,0
88.18404397174294,1,363,8,123.82569545390143,0,0,0,0
346.3488105802646,2,983,12,418.31953860497197,0,0,0,0
239.74494026881584,3,1715,14,347.50863526786645,0,0,0,0
2500.0,10,341,1,232.0534362993339,0,0,1,1
152.90781282917538,3,1420,11,178.6223517101873,0,0,0,0
735.6627291367538,4,271,19,477.61626543307335,0,0,0,0
249.34235790107945,1,1716,16,373.2741884986157,0,0,0,0
803.2248378985006,2,1335,18,1086.279115125611,0,0,0,0
179.8025435779571,3,408,14,135.10953039960694,0,0,0,0
24727.49701049371,12,911,16,473.5701810557901,3,1,0,1
608.9149044972821,1,1772,10,742.4897633894584,0,0,0,0
145.82983306664661,2,1629,21,222.04412696260343,0,0,0,0
1325.7034829973238,3,193,8,973.087144857701,0,0,0,0
280.4194873403014,4,548,9,394.6806280093301,0,0,0,0
16297.728110174832,15,1101,1,840.9975523205334,3,1,1,1
164.29642696302855,2,601,20,232.1679450017454,0,0,0,0
302.1170157229066,3,71,14,271.5626936865485,0,0,0,0
562.6937142025296,3,1667,17,452.3799793465832,0,0,0,0
362.843802225398,2,67,17,567.7233057009806,0,0,0,0
942.635424599775,2,891,16,1374.337924937481,1,0,1,0
48.533243066856315,3,1595,7,42.41743198470157,0,0,0,0
313.39338948092364,2,1777,9,499.3809746183377,0,0,0,0
199.25490937833064,2,35,14,141.22425649970165,0,0,0,0
147.82866546773795,1,1456,17,231.22859911541178,0,1,0,0
183.5766217894735,4,583,12,197.02533898118068,0,0,0,0
200.8691005707431,5,800,14,132.70731188470398,0,0,0,0
25.56250782975377,2,994,13,25.345188956925394,0,0,0,0
32.308583115859165,2,288,4,23.33019750752363,0,0,0,0
5691.702571956267,10,780,23,204.00122000588334,1,1,1,1
108.69445063585144,3,1041,10,153.10565674778982,0,0,0,0
230.00195348283893,4,242,9,196.24584575895688,0,0,0,0
540.3396869180751,2,283,5,542.2597914417182,0,0,0,0
29.796210048728078,3,974,5,23.601178292059373,0,0,0,0
59.852224526568385,2,759,9,68.26898643929403,0,0,0,0
253.63263861439077,2,322,9,350.85945011467805,0,0,0,0
415.3798810833141,3,1138,15,330.72299774703066,0,0,0,0
275.3249507415816,2,1246,13,197.08034522291535,0,0,0,0
88.60785277670354,2,589,14,110.89784000890371,0,0,0,0
2913.052143950452,8,913,2,669.0590242774396,2,1,1,1
56.05180712150951,2,751,11,84.87502618477704,0,0,0,0
15.122108912936962,4,717,19,14.536176862917088,1,0,0,0
692.6584777039341,2,359,2,997.8327834643129,0,0,1,0
256.96706211324926,3,360,9,280.9718980338225,0,0,1,0
38.92685695494113,6,443,16,34.44817677225207,0,1,0,0
194.80311023346826,2,1570,7,290.48757874588233,0,0,0,0
190.38125701808028,3,1497,13,193.33258947307857,0,0,0,0
733.3580968450682,2,952,9,956.0305155003113,0,0,0,0
392.8164510895152,2,1033,18,487.81723538733087,0,0,0,0
7378.221510086229,12,446,3,655.0857368573023,2,1,0,1
99.51101145373843,1,247,6,96.86705047469182,0,0,1,0
189.37195069478832,4,1396,13,182.087793761418,0,0,0,0
16785.567933209073,6,946,6,337.0553566381928,1,0,1,1
251.3186474809033,1,1505,9,369.37985179368053,0,0,0,0
79.11526329045886,5,387,12,124.62735603305664,0,0,0,0
2500.0,8,13,2,420.55856756348453,2,1,1,1
218.68829986037196,3,1198,12,269.5625093963936,0,0,0,0
343.7262580741637,3,626,5,284.71555832600086,0,0,0,0
248.33012357231075,6,216,16,258.6776740555988,0,1,0,0
26.15192214091603,2,120,9,33.09015884445549,0,0,0,0
29.496355409769173,5,841,5,38.78324370455421,0,0,0,0
9550.18580207255,13,1057,4,197.29928362324677,1,1,1,1
35.06540575916725,5,801,9,39.595653394970086,0,0,0,0
274.09023027638193,5,357,16,228.8237499170713,0,0,0,0
41.78255564261441,2,1789,6,39.45809297142035,0,0,0,0
28.734342958573322,4,508,9,43.66083553300299,0,0,0,0
145.86805165856012,2,1187,10,189.20663423208177,0,0,0,0
275.16871716229537,1,1750,10,386.23228009121027,0,0,0,0
236.5398148253106,6,280,14,374.0050347533363,0,0,0,0
53.408317804590126,3,47,17,85.29344514235879,0,0,1,0
220.7003967503097,3,1390,14,240.70434977768886,0,0,0,0
32.73302362936396,4,1010,8,26.035770768900495,0,0,0,0
513.5927066622093,1,1506,13,609.8043688305402,0,0,0,0
105.29555502834579,4,1587,18,167.49785362009314,0,0,0,0
126.32112260441875,1,737,16,187.3492270379474,0,0,1,0
99.67815171202122,3,663,8,88.19397056275868,0,0,0,0
151.74631724191326,2,1457,20,161.3646241809947,0,0,0,0
152.72362511602543,5,1209,2,238.61184217480525,0,0,1,0
168.298795542492,1,763,16,142.42091819949923,0,0,0,0
2500.0,11,974,21,1089.1339928079956,2,0,1,1
235.21548747200018,2,394,15,261.5374010350253,0,0,0,0
60.86627562833668,1,764,9,37.293765688864205,0,0,0,0
20.797081935514406,4,1492,14,15.393424299354889,0,0,0,0
415.1208989436828,1,1197,13,288.7540213669421,0,0,0,0
25240.944849158124,10,26,5,861.641193914786,2,1,1,1
416.2955085325336,3,743,10,438.29284212513187,0,0,0,0
69.31323639020806,3,821,15,59.16339889811391,0,0,0,0
26.590762698364916,4,1241,8,20.746731930306602,1,0,0,0
64.60606715749462,3,1295,11,46.88304987387923,0,0,0,0
59.087314128930394,1,1780,9,44.00887410804314,0,1,1,0
306.61220492728035,4,289,13,380.51862447390727,0,0,0,0
579.1461773697579,4,1332,0,459.1374907822817,0,0,0,0
66.1413099180816,2,120,15,103.68132824672745,0,0,0,0
47.73862453075522,5,385,14,74.94433318577015,0,0,0,0
460.9111985615742,2,359,7,552.6336179779481,0,0,0,0
126.4014465617586,1,403,7,179.09214891035955,0,0,0,0
98.37965161467189,1,331,12,102.5654541848004,0,0,0,0
65.27782314031599,5,1331,8,90.07086103815188,0,0,0,0
149.42101979460784,3,774,10,122.59321360056748,0,0,0,0
44.644024114198515,3,1795,8,71.1856657027299,0,0,0,0
277.23745574694846,2,75,15,206.7905695193625,0,0,0,0
51.48032942658481,2,878,18,62.076402158615494,0,0,0,0
84714.92671362945,15,83,9,221.5305194434795,2,1,0,1
123.55275884610144,2,1701,14,97.98670859840662,0,0,0,0
138.85047170363848,3,1330,13,188.52711526496495,0,0,1,0
3141.7585507307053,7,864,6,860.5570700705832,0,0,1,1
204.58209323347464,2,981,9,222.1460343349242,0,0,1,0
82.72641999951651,5,1465,14,100.56243629260243,0,0,0,0
235.6424828335171,2,1240,12,277.5727351422738,0,0,0,0
425.58219836482675,4,355,8,653.7952438752527,0,0,0,0
65.00158240236854,3,1734,12,47.24472039748923,0,0,0,0
394.49980893197943,3,1358,11,487.0436189993288,0,0,1,0
354.1064408239759,1,998,13,434.76459477179174,0,0,1,0
338.4939731157836,1,467,19,283.73972875377206,0,0,0,0
23274.527111878484,9,510,4,417.0725910266388,3,1,1,1
157.83703222891882,2,143,14,202.39248452245215,1,0,0,0
53.247119033973036,3,243,13,61.07601677817449,0,0,0,0
156.79331387701222,1,569,17,163.6062584963671,0,0,0,0
230.38964100785566,2,1565,13,360.05651695829084,0,0,0,0
232.45587568572998,3,454,11,183.92588567693429,0,0,0,0
307.598946124097,1,1221,14,334.8612368594539,0,0,0,0
454.3889615728558,2,935,12,384.3817853490356,0,0,0,0
71.56130126423399,3,286,9,77.34833884901002,0,0,0,0
113.22347307887706,3,922,18,97.11105600339148,0,0,0,0
184.4889447619372,5,252,12,174.38969757711394,0,0,1,0
13.883803765957557,1,120,13,18.429957058031636,0,0,1,0
209.7911575340868,3,1381,13,173.869682558488,0,0,0,0
56.206002850287234,3,924,17,72.62875748974706,0,1,0,0
171.86209329063973,1,1039,10,242.83609514784024,0,0,0,0
238.6351204928727,3,1588,14,191.9827609738712,0,0,0,0
189.71293814811028,2,1184,6,287.9472240221532,0,0,0,0
78.65086635983022,2,647,13,114.9749986738199,0,1,1,0
75.57980818765098,4,1378,6,93.06393100727311,0,0,1,0
22.262269133939657,5,747,4,33.99532999101834,0,0,0,0
86.83419571160142,3,1386,8,134.16002280795917,0,0,0,0
124.630699816076,4,53,14,109.87059982949187,0,0,0,0
582.0576250443764,2,884,8,644.1938730507019,0,0,0,0
12.524448147623893,3,954,12,12.873105821915873,0,0,0,0
363.96475846843236,3,1351,18,314.2748221777526,0,0,1,0
18731.226356279338,6,974,10,246.7583435406957,1,0,1,1
157.1303284450272,2,1359,20,250.78910514094133,0,0,1,0
65.83408348932448,4,1195,14,40.65641177306335,0,0,0,0
571.3131267120331,2,623,15,344.90943338134497,0,0,1,0
490.94893162752976,3,733,18,372.3782809854168,0,0,0,0
147.3607057549774,1,673,7,217.77255356144602,0,0,0,0
455.31458872463173,3,747,14,506.75140921164126,0,0,1,0
281.9530983651468,2,1211,5,405.28651380211795,0,0,1,0
2500.0,8,479,5,1013.5021438807032,2,1,1,1
26.01113109452459,3,1114,13,16.054316769144336,0,0,0,0
128.0051472176558,2,784,13,167.59767473985707,0,0,0,0
33.69280016262869,6,1412,7,34.25841459588557,0,1,0,0
100.21224249557825,2,125,10,131.59038857319058,0,0,0,0
204.28381572617297,4,514,9,135.28460149186833,0,0,0,0
129.89305363273786,2,87,10,131.52387791907964,0,0,1,0
534.8539535217367,2,1009,1,812.6864809321769,0,0,0,0
293.8139545883378,5,1132,16,466.366814050938,0,0,0,0
114.99105200566649,5,546,15,158.9898267979382,0,0,1,0
169.69644832386598,3,800,7,205.3923708175149,0,0,0,0
36.556333870407556,2,224,20,25.634215980796533,0,0,0,0
243.4693157564208,3,1074,12,383.6976240503433,0,0,0,0
316.9694644459124,2,1605,19,198.59197979549586,0,0,0,0
706.4315754959883,3,672,11,473.073753584982,0,0,0,0
71.30030196392366,6,1260,9,53.7619999042952,0,0,0,0
170.7683033238038,1,984,9,217.1146826506027,0,0,0,0
4141.982124026751,8,754,3,666.9290337231505,2,1,1,1
261.2049935818569,2,1362,13,338.9446862815533,0,0,1,0
41.576731778718866,3,1612,18,38.784842465707044,0,0,0,0
93857.6047476994,11,1088,3,148.4568505624355,0,1,1,1
158600.17187007895,6,22,12,113.45821043702259,0,1,1,1
852.496137851541,2,650,14,1199.3431924528263,0,0,0,0
644.1733865947319,3,714,15,440.35067579656726,0,0,0,0
265.7436154928862,3,1332,20,337.8000359659782,0,0,0,0
573.0379993835492,3,1579,10,877.9369816656747,0,0,0,0
9894.340097631652,12,980,21,749.1720632189675,2,1,1,1
559.8445525499134,2,830,14,468.5568210841244,0,0,0,0
134.7081730499274,4,834,15,200.39117376628963,0,0,0,0
294.7165214888492,1,917,10,215.21695681546248,0,0,1,0
34353.45523355618,5,172,19,654.2797947193743,3,1,1,1
56.02310673325406,2,1252,19,60.396107926370576,0,0,0,0
595.2464152772349,3,59,16,941.9184230004538,0,0,0,0
30127.326734976003,13,22,2,441.3823110219076,2,1,1,1
514.3733561432865,1,1012,12,681.8684626679659,0,0,1,0
325.9611807554005,3,1104,12,465.28569331608594,0,0,1,0
190.86525707127944,4,1214,2,222.7503106010642,0,0,1,0
86.98698738839757,6,686,6,123.24669334527277,0,0,0,0
411.6303909900475,3,692,22,612.2366991797788,0,0,0,0
569.2839666918801,5,238,13,672.4524627795698,0,0,0,0
205.0259167638686,3,1137,19,162.48871723799869,0,0,0,0
996.242712886347,1,1564,18,781.6175294519859,0,0,1,0
97.94314227615881,2,205,21,102.03082762724746,0,0,0,0
39.763762578662664,2,881,10,35.32571741380051,0,0,0,0
184.60589036690732,1,321,12,124.32636729997174,0,0,1,0
294.20518187525,3,1141,11,435.6021564160563,0,0,0,0
472.4190342842573,5,1393,14,627.0051865697043,0,0,0,0
127.32026993870788,4,570,11,85.28301899521529,0,1,0,0
208.5301651305948,2,602,12,239.5008829522291,0,0,0,0
18.129367182634052,2,280,16,13.2915106179437,0,0,1,0
199.90588651833005,2,1744,18,207.15682754820983,0,0,0,0
235.87286053155228,3,1085,11,367.5999450171334,0,0,0,0
210.7506526374487,2,1306,20,173.9880161542945,0,1,0,0
1269.0482979444864,2,1034,18,1944.7927371541969,0,0,0,0
671.7606014663904,5,1277,11,690.4247978935703,0,0,0,0
412.44820472543705,5,1283,10,337.58646435269964,0,0,0,0
2500.0,9,844,5,449.7074007463676,2,1,0,1
2500.0,8,28,16,666.2556487303588,3,1,1,1
173.75096422071104,1,1465,12,147.3128538003821,0,1,0,0
44.91701158332135,2,354,9,48.46678187360375,0,0,0,0
87.04893577075141,5,630,14,130.84603769787353,0,0,1,0
137.21637854949978,3,770,19,87.51892489916933,0,0,0,0
28.774791547698047,2,1000,18,27.972169791688163,0,0,0,0
57.60060841572175,4,1153,7,37.29534958577851,0,0,0,0
302.7118911446961,3,833,9,266.32596876564406,0,0,0,0
146.04058036994033,3,1321,13,101.47730543766336,0,0,0,0
576.6496571577261,4,1285,16,639.2163106657582,0,0,0,0
126.51615882343904,4,1555,20,187.14829828693652,0,0,1,0
447.4875117101158,3,205,17,531.759865838715,0,1,1,0
571.0155105712503,3,485,8,555.7625532087077,0,0,0,0
110.9382810157219,3,1555,11,140.4576220841046,0,1,1,0
247.40774760532625,6,1203,4,366.98052972836257,0,0,0,0
30.492004498590827,4,1207,17,38.71953193680695,0,0,0,0
127.78338899525345,2,1486,9,83.62915143275971,0,0,0,0
550.0162555726561,1,1216,18,365.24681264807384,1,0,0,0
159.4196083708848,3,1606,9,252.69643185026555,0,0,1,0
339.1864233863623,4,1317,17,308.6605307220526,0,0,0,0
221.39380549842915,4,1669,20,155.14054226139808,0,0,0,0
17.173163399078547,3,810,19,14.612406735887602,0,0,0,0
120.23120493465167,1,1257,7,156.50530913344053,0,0,0,0
2053.111399454521,1,330,16,1868.9636032659862,0,0,0,0
200.7425963224381,4,1130,17,125.3848121870219,0,0,0,0
51.49687759986365,1,1096,9,68.78775527012624,0,0,0,0
56.10332043452089,2,563,9,45.26234371591129,0,0,0,0
192.00293274112994,3,1348,16,184.18042742520706,0,0,0,0
48384.28552435048,9,280,15,451.16847161067994,0,1,1,1
109.47555483035788,1,814,17,146.63843431512055,0,0,0,0
450.1281238297396,3,1591,8,613.1299087393392,0,0,0,0
498.0230287858313,3,199,9,559.151470995055,0,0,1,0
205.2298745549999,2,455,21,131.6435567351623,0,0,0,0
167.1598942707976,1,933,11,148.6972425366735,0,0,0,0
1509.2444957398388,3,216,9,1568.0825778471828,0,0,0,0
97.49240234501225,4,1319,19,79.80689485177051,0,1,0,0
558.7896089165765,6,350,17,522.879642300589,0,0,0,0
326.1992130200758,4,941,12,452.5217091208238,0,0,1,0
179.07950998882885,5,1170,13,112.78685528538654,0,0,0,0
90.79952747744493,3,1079,18,79.0969689390336,0,0,0,0
22.677954469275484,3,1405,9,36.11783803652581,0,0,0,0
23517.797852122563,4,15,10,383.2415221819855,1,1,1,1
324.7507711384418,1,1374,6,339.44209061358833,0,0,0,0
404.0749614809887,3,562,7,513.5480726598513,0,0,1,0
17922.726953473237,10,974,1,422.07269214413475,0,1,1,1
171.53092847999568,4,504,10,198.19242769725827,0,0,0,0
2500.0,6,289,1,771.3330074032871,3,1,1,1
27.72386003155378,4,1136,2,19.48382578322269,0,0,1,0
361.97035298233817,1,188,4,495.75950521468695,0,1,0,0
91.00151204386914,4,1092,15,123.0366419698358,0,0,0,0
269.5561529054654,1,1033,12,350.96931284336165,0,1,0,0
28.878957389652715,3,1389,17,19.333742688040232,0,0,0,0
12193.36805116237,15,1068,14,657.7452219322361,1,0,1,1
121.2628833547456,3,894,11,96.81072356054949,0,0,0,0
55.000331477482625,2,58,10,66.12499545918435,0,0,0,0
8102.845067791403,9,358,1,350.68349450892725,1,1,1,1
385.48483766856634,4,178,7,319.81044550319234,0,0,1,0
6123.702727925511,14,482,2,956.1733556308017,2,0,1,1
84.02682475794845,2,1389,17,125.44533783246848,0,0,0,0
474.8153145854953,5,615,9,353.8589984272181,0,0,0,0
48.15637574669427,4,256,17,34.06548895119646,0,0,0,0
33370.309257044304,7,109,1,1075.028791314155,0,1,1,1
139.42473429930007,4,81,17,169.96090536180495,0,0,1,0
23.369289378647757,3,1306,10,15.404849826242653,0,0,0,0
5387.294142325702,7,552,5,333.47068090519,1,1,1,1
300.2026240969159,3,1075,0,291.58986550943933,0,0,0,0
246.34211219047364,1,1674,20,336.1389330098279,0,0,0,0
471.685287020599,6,1057,16,355.297373788514,0,0,1,0
27.244300195476352,4,352,8,40.76925901597493,0,0,0,0
167.80654998399348,3,787,7,228.76146897438093,0,0,0,0
91.26735584311089,1,958,14,73.60810373747022,0,0,0,0
51.95447252807462,3,1549,16,68.45855014276587,0,0,0,0
301.2959836702551,3,115,19,350.7570485806502,0,0,0,0
586.6936069121067,6,1706,13,562.4466527819359,0,0,1,0
31.906880954706807,3,980,15,21.989979700442888,0,0,0,0
294.9442873910787,5,925,20,204.79370486168526,0,0,0,0
89.18649730062297,5,106,14,131.91392631729434,0,0,0,0
6690.24942660591,10,8,10,1197.7629616121358,0,1,1,1
221.69069153894813,2,117,16,332.89851249063094,1,0,0,0
77.1945093590838,3,158,19,95.62509842317202,0,0,0,0
23.156034148170914,3,134,14,28.55328657706743,0,0,0,0
143.45647636893636,5,511,20,146.75684883587874,0,0,0,0
61.22672927775513,4,801,19,53.30825369310027,0,0,1,0
74.36211703251321,3,351,10,93.52974332395848,0,0,0,0
726.100505727725,1,714,5,1003.131181276275,0,0,0,0
6705.216621421067,8,10,2,1069.1048594155204,0,0,1,1
269.2421965738185,2,1402,5,339.8978210955333,0,0,1,0
2744.728109328719,17,13,5,1014.0569435624587,2,0,1,1
38162.79588617544,7,29,18,132.54033870233184,0,1,1,1
65.6520536256144,2,388,19,65.11292794235136,0,0,0,0
379.1056008990976,6,397,8,387.1594740570756,0,0,0,0
31027.86067501047,10,781,1,942.3241981299251,2,0,1,1
107.48447116507424,2,1536,10,143.31536421407955,0,0,0,0
104.17545657792208,2,798,15,67.92641820296318,0,1,1,0
448.8445638344104,2,1606,12,581.1713154440187,0,0,0,0
86.09124080399522,3,1509,7,68.23151042596469,0,0,0,0
16.491619936563605,5,749,18,20.41068567290437,0,0,0,0
305.60738885460523,3,257,15,376.8835304760863,0,0,0,0
395.8743740266011,3,917,15,520.0134264721413,0,0,0,0
227.29161038409072,3,73,10,307.96942035760276,1,0,0,0
6834.831147088041,13,6,0,179.93781307703892,3,0,1,1
407.70489180208074,3,1572,11,560.1098910539866,0,0,0,0
509.19935931886766,1,1294,10,578.4219055569081,0,0,0,0
207.67697128807785,3,527,15,220.72680883491844,0,0,1,0
301.2823187846126,4,1486,17,193.66291860891477,0,0,0,0
38.4183409115337,1,910,10,24.37962281123961,0,0,0,0
16.05940950231259,2,643,6,12.51625528572262,0,0,0,0
33.921469144997744,2,628,6,36.037046168023416,0,0,0,0
245.12301774564827,2,631,6,226.83964992128563,1,0,0,0
655.2982980443128,2,1689,21,623.9093524353872,0,0,0,0
11.380252984327443,5,378,21,7.937832296412686,0,0,1,0
69.09788252319842,3,613,0,92.61328641130227,0,0,0,0
460.8001032549348,2,346,10,306.6149255743766,0,0,0,0
16164.43583731138,6,107,7,809.098184518006,0,1,1,1
406.53662489719477,2,1078,12,577.991771062441,0,0,1,0
2500.0,13,1,7,625.5071251095248,0,0,1,1
75.98111718964746,3,1697,11,94.35663225757052,0,0,0,0
149.6625302777815,1,630,9,103.21777430944604,0,0,0,0
372.155862288681,6,411,6,341.6273750114738,0,0,0,0
670.5935685573103,1,1660,15,589.4588257689267,0,0,0,0
524.8368276254114,2,519,11,701.9079435761728,0,0,0,0
536.0022418577385,1,489,8,610.1249457671968,0,0,0,0
2515.4212598436516,7,20,0,424.80816738366065,1,1,0,1
8648.056572967223,6,717,0,187.05139408405725,1,0,1,1
94.4490150788531,2,209,0,110.42416277166052,0,0,1,0
427.6503658129569,5,360,16,382.73241622430714,0,0,1,0
285.3222709130951,1,128,17,308.3516309599617,0,0,0,0
23289.98394246102,9,17,5,1153.462267404427,3,1,1,1
216.7577271954466,2,1146,7,224.98844557054383,0,0,0,0
50.0299624302767,2,198,12,44.873368756538355,0,0,0,0
10888.924609603231,11,815,3,386.2724985869147,1,1,1,1
447.2721837338348,2,1627,14,696.2345771781106,0,0,0,0
45.06884587502733,4,1112,11,38.564447024585554,0,0,0,0
194.16823155068914,1,516,1,145.5758178483076,0,0,1,0
854.0444579710265,3,1778,9,1299.2260662421224,0,0,0,0
163.89143038933682,3,360,16,143.91080669417397,0,0,0,0
280.0480374984722,2,1469,20,191.20336290350298,0,0,0,0
127.07675277066805,4,1098,17,194.25636666569565,0,0,1,0
51.04491338601222,4,398,11,53.322618745062115,0,0,0,0
336.9689459894352,4,1453,9,285.19644772010014,0,0,0,0
145.25943989494198,3,710,19,203.1625077268204,0,0,0,0
384.18293969207417,5,246,17,255.61126092170596,0,0,0,0
247.62831650052468,6,1087,10,358.26400935123377,0,0,0,0
48.543158741062726,2,299,15,43.535701415545425,0,0,1,0
451.3993853486633,3,977,7,374.1268729765399,0,0,0,0
192.86320144003798,2,778,17,227.88924693121223,0,0,0,0
25.65058424163026,3,546,16,21.078815702873452,0,0,1,0
575.3580463291171,3,1388,8,376.9692926230649,0,1,0,0
241.46097892028243,1,1076,10,260.9163576256449,0,1,0,0
36.84165467594795,3,1711,14,58.65351959564937,0,0,0,0
364.97643279009003,6,364,7,401.22385834975057,0,0,1,0
40.15972582522445,3,77,13,37.10096639432951,0,0,0,0
746.627143203897,4,1515,9,465.1161664541635,1,1,0,0
68.89667501695007,4,762,8,44.49442211270889,0,0,0,0
186.49310514206007,3,1096,12,158.5239805122207,0,0,1,0
117.76747944605233,4,800,10,85.2144021202092,0,0,0,0
279.33943020120296,3,867,9,286.4224695059767,0,0,1,0
72.95123460001543,4,55,13,114.82136928804269,0,0,0,0
33648.651085784346,10,21,0,201.2273831786143,1,1,0,1
97.36495030734748,1,1718,19,90.0370585069687,0,0,0,0
446.760040025879,2,202,6,303.5525850673393,0,0,0,0
17295.778102577082,9,21,3,1128.2290694778494,2,1,0,1
84.46920580561891,4,1275,13,75.91585027860401,0,1,0,0
373.1777561868445,4,1095,7,394.7531408112106,0,0,0,0
117.39190395291098,2,308,21,81.00993503806411,0,0,0,0
116.54543153683085,1,1773,13,183.38025997520674,0,0,0,0
224.67553746314005,4,1286,7,263.220078592865,0,1,0,0
345.42343844636775,1,761,9,248.60049596147306,0,0,0,0
779.3906031970058,1,312,7,1147.316801754571,0,0,0,0
54.99298585435041,2,1558,15,78.09289173591858,0,1,0,0
5941.529841261268,9,1,20,404.5155659765136,1,1,1,1
66.56164146619506,2,289,15,83.1437007290404,0,0,0,0
41.89077582119532,3,1266,19,65.12052500010661,0,0,0,0
240.83357760042531,1,1628,7,370.6634485672582,0,0,0,0
111.0265175700292,2,888,13,106.56171615142242,0,0,0,0
51.3413363306007,2,1757,14,63.78689910105164,0,0,0,0
281.1550387713795,5,640,13,436.1260161062464,0,0,0,0
17.40114798029312,2,1269,21,26.65537295425777,0,0,0,0
237.61959080508973,1,1372,19,315.2646054946802,0,0,0,0
83.07555880412454,3,556,16,110.55870113821784,0,0,0,0
53.1483277075989,1,114,20,69.59032146441267,0,0,0,0
111.4769499592471,1,1340,8,165.93909286390314,0,0,0,0
649.6030090404518,4,996,1,435.7096803364264,0,0,1,0
171.13703994608363,2,190,22,185.75181221313204,0,0,1,0
130.46423997209104,5,1120,8,144.86179307608012,0,0,0,0
43.65174730279833,2,456,15,44.81833997422087,0,0,0,0
57.41429468410604,5,1601,13,59.63379700820805,0,0,0,0
410.4864665134163,3,1308,12,363.89816062714254,1,0,0,0
34.97070221795943,1,365,9,42.25194128036401,0,0,0,0
451.1394663102335,1,1378,15,619.120509188454,0,0,0,0
364.3509363241866,4,1052,8,318.9908602993147,0,0,1,0
172.4631680192451,3,228,15,221.25281758612044,0,0,0,0
2619.0257059888268,13,12,16,315.87590810182377,1,0,1,1
73.2115038678813,3,1775,11,105.2112380169938,0,0,0,0
96.17839520111886,3,1772,10,121.108417965531,0,0,0,0
511.5610154920387,4,1637,9,708.780246911527,0,0,0,0
215.94087127919863,2,273,21,285.52084579333206,0,0,0,0
285.35534279958824,4,1728,10,284.9220059000411,0,0,0,0
133.24995403066796,2,309,7,210.05929725052692,0,0,0,0
261.43627181785365,6,1080,11,305.1265158698054,0,0,0,0
607.6753205961646,2,579,7,526.2380836528605,0,0,0,0
125.5102698931795,2,1534,22,117.90398012053869,0,0,0,0
44.945863215118116,3,559,9,35.85742696222765,0,0,0,0
134.3372824154212,3,1481,15,82.2880638442258,0,0,0,0
469.2462676194509,5,516,9,421.0259858883503,0,0,0,0
76.22859170163605,3,1651,19,109.62037942344412,0,0,1,0
17.72398541446012,3,1608,3,13.95795993466631,0,0,0,0
336.72739276867185,3,1287,9,233.88686626490764,0,0,0,0
52.49460315938988,3,1256,13,35.73633118652313,0,0,0,0
245.19831312245762,2,1320,8,245.7977802482852,0,0,0,0
249.17657101464735,2,549,8,221.6652033687677,0,0,0,0
75.36862496004558,3,564,9,70.8851258933444,0,0,0,0
114.61269969354319,1,131,13,145.17896579580608,0,0,0,0
17393.14288235583,7,526,3,161.8810853123038,0,1,0,1
200.0142530175974,3,43,20,251.81317539349342,0,0,1,0
562.4189571133716,3,945,8,360.33037616807576,0,0,0,0
230.16209513278713,2,203,13,291.86936005852994,0,0,0,0
107.77195327980816,3,1403,9,164.1439072405227,0,1,1,0
58.702954370776986,3,919,18,90.92058540904617,0,0,0,0
113.03029786577295,4,1141,10,81.30943795460603,0,0,1,0
315.68289079893225,3,293,9,355.7978186681475,0,0,0,0
740.2279273161714,1,1340,6,850.0358426124347,0,0,1,0
46.358799881968686,6,1149,13,70.67806517010101,0,0,0,0
103.92150390575706,3,274,10,69.62330349482278,0,0,0,0
564.423367300442,1,883,11,846.3542026992641,1,0,0,0
66.5037766834165,3,92,16,52.45038910863641,0,0,0,0
47.7885887204131,3,294,15,63.29148363186713,0,0,0,0
69.14022473750614,4,365,6,61.25143069102396,0,0,1,0
107.09545371338496,1,1502,12,148.5263618124084,0,0,1,0
93.8237481479155,3,469,17,82.53462688460516,0,0,0,0
468.26595702889347,2,534,9,403.78936306693487,0,0,0,0
159.62791446147017,1,122,14,102.74612548263025,0,1,0,0
240.08210568845612,2,578,11,219.04361083422793,0,0,0,0
40.87568346914114,3,1122,12,49.93712089576957,0,0,0,0
35549.167523018004,12,320,2,1131.2263152157022,3,0,1,1
295.0369488188422,6,504,17,263.43770392931407,0,0,0,0
129.12234825684712,6,1707,13,132.3971779523019,0,0,0,0
233.9486603460172,3,887,23,351.21601386404234,0,0,1,0
12.681865254207777,4,501,13,7.916970901877188,0,0,1,0
280.93712162117123,4,1675,6,391.18461018548635,0,0,0,0
649.7042602075564,4,774,13,954.2185197105681,0,0,0,0
293.82162792492073,5,255,1,248.574477923042,0,0,1,0
41119.06171561246,10,442,2,894.7705039739451,2,1,1,1
1102.8898482159975,3,1179,11,1691.2506015263777,0,0,0,0
10759.614377379366,8,838,18,1183.6379395183956,1,0,1,1
361.4482661809666,2,676,12,522.3605262915718,1,0,0,0
92.79300138279149,2,34,13,81.30103967097706,0,0,0,0
68.64510232398561,2,1436,18,46.187946903590415,0,0,0,0
297.4175318993122,2,46,8,462.95195631620317,0,0,1,0
59.55110005212775,3,300,6,61.69272356411763,0,0,1,0
91.67978853218678,2,1531,7,97.87442655037556,0,0,0,0
575.0968774972806,2,1342,13,443.6718083934308,0,1,1,0
344.8079652237167,3,438,10,339.3722922181138,0,0,0,0
95.3567932073339,2,880,19,83.64756040852586,0,0,0,0
283.44797312203775,3,972,11,404.70447481591856,0,0,0,0
26.991735044789117,2,1475,16,24.176959929099283,0,0,0,0
112.22165906755697,6,385,17,91.31126905425508,1,0,0,0
549.0702232416596,4,1380,9,446.7619072660224,0,0,0,0
2638.1764946214803,8,3,21,971.2703669980634,0,1,0,1
265.10316093607844,2,1219,1,415.898312898502,0,0,0,0
491.0385744189491,2,57,1,465.36917146074745,0,0,0,0
604.1047888433984,2,184,17,789.5558768310381,0,0,0,0
340.2325037817139,1,706,9,205.7374193626193,0,0,0,0
2500.0,10,20,3,552.3769526622569,1,0,1,1
469.5109315476446,2,1629,12,556.0010257523295,0,0,0,0
270.82448816683245,3,975,19,318.85260474450615,0,0,0,0
200.3719593638453,1,806,13,253.54293073882945,0,0,0,0
254.9831263720095,1,1007,12,261.91845932096186,0,0,1,0
27.971038825789254,2,1218,8,20.57586139819058,0,0,0,0
220.38597679076477,4,366,19,317.57645518808437,0,0,0,0
319.18542485976315,3,1508,14,203.94892431846424,0,0,0,0
400.00082355856347,5,371,8,553.479846829036,0,0,1,0
287.3062012434094,2,1357,13,353.8304235780862,0,0,0,0
151.6009540783097,3,1376,8,130.7115572371152,0,0,0,0
195.23251942553392,2,177,15,265.5213268606148,0,0,0,0
715.6015180783971,4,124,12,943.3775549100583,0,0,0,0
307.3680671889611,3,507,9,307.3402378041735,0,1,0,0
110.45470031282525,5,436,23,151.77007628866141,0,0,0,0
504.4468818058362,2,816,10,805.1676960438782,0,0,0,0
20.35807438105668,1,135,5,29.092695238169643,0,0,1,0
233.6784467072687,3,788,2,213.4845446463105,0,0,0,0
594.7067514084664,4,308,2,503.491734474201,0,0,0,0
97.96182614011494,1,1094,9,154.98855371273103,0,0,0,0
315.11968075723837,6,584,20,396.4155415487923,0,0,0,0
415.2178783458585,3,1143,0,415.01459463277536,0,0,0,0
96.80615673892447,4,48,8,96.00675067731831,0,1,0,0
442.941373974695,2,1520,17,614.8346763038415,0,0,1,0
8620.943253776568,12,754,17,1060.4076476625085,2,1,1,1
15.291854612903782,3,540,3,15.947747634334961,0,1,0,0
501.7468761007756,3,1418,16,338.1662686531455,0,0,1,0
64.68912599942607,6,517,13,49.30228079585906,0,0,0,0
45.30882752862318,3,545,10,45.59600806502913,0,0,0,0
137.14093560250683,1,1513,19,89.24865787338963,1,0,1,0
716.2451295639784,4,371,15,996.2912937591601,0,0,0,0
78.2760741939982,3,1590,13,107.90256012796308,0,0,0,0
390.6131440286202,3,571,19,302.44629042253376,1,0,0,0
145.30812550313897,4,1602,9,190.02853619197694,0,0,1,0
275.778587427098,4,808,23,188.41610489580728,0,0,1,0
136.46575664366708,2,295,21,114.2553628809105,0,0,0,0
66.55650670316778,1,154,12,66.39927463871965,0,0,0,0
386.94759889632826,4,58,11,573.9551296676389,0,0,0,0
61.64534724960456,2,816,9,74.40074606067718,0,0,1,0
471.62268806754946,6,1079,9,517.0701792216468,0,0,0,0
27.726474834079273,4,1340,21,17.58273391561735,0,0,1,0
47445.33424154326,6,19,19,926.3553113859997,1,1,1,1
132.69248085175366,3,925,11,135.56273459149511,0,0,0,0
31798.502957894943,10,312,7,289.39847423518086,1,0,1,1
48.89423670283938,4,1284,8,34.61678079603698,0,0,0,0
158.12443084598428,4,981,8,148.3337802471422,0,0,0,0
258.26439336898056,3,1136,17,411.5222190476409,0,0,0,0
126.42606064629668,3,1026,21,165.26271517371202,0,0,0,0
79.75733606944337,4,258,6,89.73146213814668,0,0,0,0
141.68402413575416,6,775,18,162.62890306322203,0,0,0,0
537.3671360592274,3,410,8,585.9049844436187,0,0,0,0
423.6080932600867,2,1191,15,651.5793054374267,0,0,0,0
130.6540667100907,1,479,17,99.62544584775324,0,0,0,0
62.13523500540258,4,769,8,52.641633299812064,0,0,0,0
795.6851905823494,2,813,8,974.5977501753642,0,0,0,0
357101.7539168229,10,3,3,518.2666294380504,2,0,1,1
258.0360519274061,3,886,14,165.99288289356542,0,0,0,0
555.7365047159773,4,1043,11,598.7794535895715,0,0,0,0
291.55761615407596,2,1616,18,235.90993913342953,0,0,0,0
153.55262603528283,2,1590,6,203.1900684020778,0,0,0,0
475.6138946866406,2,74,21,507.07019272049257,0,0,0,0
68.50433719849464,2,1591,12,80.3239230133844,0,0,1,0
425.91193074902156,3,1249,11,386.7723096888599,0,0,0,0
52.04136761953682,4,997,9,64.46550572481647,0,0,0,0
95.2405860522465,5,214,14,61.51959718286449,0,0,0,0
6933.79612694115,11,948,3,881.5446817290898,2,1,1,1
209.21130937148143,5,45,15,278.33168131324396,0,0,0,0
74.9980293040231,6,1542,12,80.78464341803172,0,0,1,0
180.0622712734189,5,1569,8,267.3259027576032,1,0,1,0
304.45491068145566,4,393,16,394.0208817461854,0,1,0,0
11.968124430993404,4,413,0,9.432968201569915,0,0,0,0
174.68308608103501,2,1715,11,185.31527090603743,0,0,0,0
662.9080561182489,4,1601,15,629.9288474138812,0,0,0,0
24315.45675030882,8,2,0,424.92212517067725,1,1,1,1
184.68240427444377,6,475,17,209.56693594732891,0,0,0,0
63.30328187891672,4,1198,14,93.72995409932915,0,1,0,0
54.99639590913683,3,1246,9,38.21717299885499,0,0,0,0
11372.885927044095,6,1044,3,903.5933358877344,3,1,1,1
70389.62721581176,9,21,3,824.70180258691,0,1,1,1
735.1832366443683,4,43,7,674.615664741184,0,0,0,0
18.383235168006067,3,1605,12,23.100514052348053,0,0,0,0
204.89837422347006,3,1411,5,146.9794030621489,0,0,0,0
99.14804747538649,4,1639,9,147.05631331312708,0,0,0,0
543.4962895835163,3,245,12,354.90221097348655,0,0,0,0
86.98307214300998,3,1261,8,70.59331224076237,0,0,0,0
456.18968847369274,2,54,16,544.2464147201907,0,0,0,0
80.35545838998735,4,62,19,119.50016676857994,0,0,0,0
351.2346850889532,2,1024,19,329.98668449163284,0,0,0,0
8440.02977935231,6,1095,8,141.76440213763007,2,0,0,1
81.07627229863837,6,56,18,114.64499303510486,0,0,0,0
95.25964535299377,4,361,15,147.84554432152862,0,0,0,0
151.38426669508416,1,1036,8,224.74267236031972,0,0,0,0
101.48784073867843,5,1599,9,157.76081681613962,0,0,1,0
460.3724726927836,4,1658,17,510.01255682595183,0,0,0,0
61.09714987697644,3,384,17,68.48736962339703,0,0,0,0
6607.825740914204,9,467,13,1004.0734621490145,1,1,0,1
78.01215555224881,4,1765,16,98.18183249423123,0,0,0,0
486.85516697114036,3,978,8,486.66333687937845,1,0,1,0
247.44272287779194,4,642,14,214.38386217595502,0,0,0,0
17.89024485325607,2,1439,19,13.795312292888845,0,0,0,0
53.844517716175446,1,771,14,63.76543146889445,0,0,0,0
27.551007185858026,1,1576,5,39.234475746005344,0,0,0,0
371.4481779347003,4,227,6,583.6649526675388,0,0,0,0
685.4854584417939,2,110,20,538.135741909326,0,0,0,0
1088.6877711333448,1,654,7,1102.61878445052,0,0,0,0
901.9495345729249,3,432,12,780.9502355384961,0,0,1,0
37.04516048423465,2,884,3,35.48036123172389,1,0,0,0
532.5132777231968,2,1357,3,451.94042673643764,0,0,0,0
190.76874250196582,5,1791,11,291.0529150481657,0,0,0,0
673.7375214701561,4,739,9,969.4103229160999,0,0,0,0
832.7595533639587,2,1681,9,1126.4198636457202,0,0,0,0
479.40601597598675,2,1046,8,538.0383565733305,0,1,0,0
1458.1056735090165,3,965,7,1859.1158515329696,0,1,0,0
269.0633464341399,2,1633,19,239.88716729122632,0,0,0,0
125.1663194466901,4,1175,19,195.71248570465934,0,0,0,0
26.338092207625284,2,1353,15,27.700667047395495,0,0,1,0
599.7060498042608,2,237,23,440.7831085871123,0,0,0,0
175.94305024956734,3,790,8,177.15157839814492,0,0,0,0
290.0909606487093,2,304,8,380.19804306123444,0,0,1,0
130.37313360675722,1,1242,5,147.38672809515077,0,1,0,0
46.11933965721486,3,1171,21,41.5320274775905,0,1,0,0
33704.13991814701,9,9,3,491.15475273984094,1,1,1,1
43.5718182945893,3,1508,16,39.41588918761711,0,0,0,0
214.34010189037323,1,616,12,283.94105248747604,0,1,0,0
287.13042441550476,3,321,20,272.1632142438125,0,0,0,0
871.1022874383444,3,489,7,970.0235117492629,0,0,1,0
22.956904233969183,4,667,20,35.898371029510415,0,0,1,0
3854.6447806578353,14,1,18,999.3089771248905,0,1,1,1
335.5953456949153,1,1796,2,375.922327598276,0,0,0,0
18.883881641178746,3,1403,17,26.020384744757322,0,0,0,0
158.40394675255845,3,1301,11,177.34823757546937,0,1,1,0
641.7880809479971,3,203,7,799.9229860980423,0,0,0,0
313.32308848888295,4,1224,11,460.25328011651374,0,0,0,0
82.66864310365385,4,696,2,103.96230465045652,0,0,0,0
157.65025319771806,2,716,9,225.53416054953922,0,0,0,0
421.0522958108549,2,254,9,313.6219432399812,0,0,0,0
747.0458452134204,2,865,10,1194.9330658815866,0,1,1,0
422.36446074276836,2,1453,1,543.8608355942363,0,0,0,0
405.6725589656835,1,1548,15,347.8977275559554,0,0,0,0
2500.0,8,710,1,722.3002122798913,0,1,1,1
919.9516852138717,6,947,16,1195.142651647262,0,0,0,0
89.41340374700802,2,198,16,90.45552104334556,0,0,0,0
230.33846776650128,4,1134,14,344.917535771888,0,0,0,0
109.31577340227574,4,370,8,127.16919771881206,0,1,1,0
392.30801562037925,2,467,19,516.0778169267816,1,0,0,0
395.68517947078,2,702,11,373.66228629924,0,0,0,0
31.638665250831423,3,174,19,34.20960618642585,0,0,1,0
20.814298131152917,2,1725,8,19.318172099905308,0,0,0,0
116.00132474874287,2,793,12,103.64257543474847,0,0,0,0
302.3646407896085,5,1201,10,426.91630824037395,0,0,0,0
36738.41254708833,6,661,9,181.90492302171748,1,1,0,1
199.75325435052517,2,1274,17,214.08811891556144,0,0,1,0
459.1597341233502,4,1456,13,344.8741650130022,0,0,0,0
29713.132930713786,6,27,7,546.5557315333381,3,1,1,1
124.69303532240085,2,1196,15,87.59728023458433,0,0,0,0
50.76169389400673,1,865,16,42.669182872790444,0,0,0,0
13343.665394023283,8,1195,3,730.8819203732245,2,1,1,1
56.74220145498564,1,294,12,50.19821199480411,0,0,0,0
76.54226926713235,3,1361,9,62.96465658104648,0,1,1,0
154.07832956103164,4,919,17,104.2078420793312,0,0,0,0
463.5217126552331,4,1452,13,296.7139470861401,0,0,0,0
35.103004322781445,1,1162,18,37.2750159860737,0,0,0,0
85.3562177286413,3,394,0,108.8391310615558,0,0,0,0
461.3186622491601,3,1314,20,423.5787324409801,0,0,0,0
17.149086552903597,3,1536,11,18.824537693008747,0,0,1,0
190.62408498056894,6,1080,9,248.8317624954659,0,0,1,0
225.08490785472094,2,792,17,331.0530081924833,0,0,0,0
349.85780570675655,2,277,20,409.3815852256479,0,0,0,0
338.5819011767897,2,1264,14,506.1719815651451,0,0,0,0
269.031085386923,2,1115,14,185.34159415154463,0,0,0,0
18.98746932788855,6,155,8,13.18156776703478,0,0,1,0
208.9842816264868,4,839,16,280.18051654759296,1,0,0,0
82.39769060635052,3,1284,18,69.91398289195536,0,0,0,0
520.8465130613389,5,355,6,461.2754460802095,0,0,1,0
79.10196159914928,2,1347,12,62.92267677530547,0,0,0,0
60.05164037091181,4,431,11,74.93787637680364,0,0,0,0
67.98067463731255,1,162,9,45.69913306189259,0,0,0,0
288.49101191289424,4,913,15,285.9304524980578,0,0,0,0
259.61950005638585,2,766,15,291.90596039117054,0,0,0,0
255.6415497755786,3,866,22,333.7714904724291,0,0,0,0
67.03732844388554,3,1564,14,103.59664878696412,0,0,0,0
331.66002275705864,5,654,11,272.78361746538155,0,0,0,0
94611.85002781631,11,8,2,644.1108940116748,2,1,1,1
434.66575850904485,3,584,7,488.579763111537,1,0,0,0
639.9696625872535,4,1387,23,691.4706450892851,0,0,0,0
210.27217933411723,4,697,13,225.9950865015079,0,0,0,0
191.2520630113599,2,469,7,278.41392568793424,0,0,0,0
757.934631258359,6,669,16,1077.929679218473,0,0,0,0
106.70257341684915,2,1676,16,115.15826416657605,0,1,0,0
904.2638158606178,2,927,8,1242.5526559482066,0,0,0,0
293.7262494591288,3,999,10,291.9507393094719,0,0,0,0
14.169438270227209,6,1350,16,17.5879573065164,0,0,0,0
126.78488131956584,4,1451,15,139.11276812886373,0,0,0,0
158.82851512759237,4,1279,8,217.7392396369271,1,0,0,0
10.100406166432462,4,1484,14,13.970382127306085,0,0,0,0
31057.967223023225,8,1150,2,151.27412356797828,3,0,1,1
45391.54558530029,11,171,2,568.7265870312632,2,1,1,1
161.2138310117305,3,1493,13,156.0999223695649,0,0,0,0
1330.0124422624267,2,1638,9,1335.9858408719608,0,0,0,0
268.4844957918499,2,1740,18,167.1838688120431,0,0,0,0
95.39465659428133,3,1464,18,134.2502401621399,1,0,0,0
112.29915211659316,4,1281,5,124.0935205208304,0,0,1,0
65.05911302941288,5,996,12,39.48019095404884,0,0,0,0
612.5317859082977,1,824,10,763.2710634160023,0,0,0,0
49.13271524636744,4,1467,12,75.64376904178162,0,0,0,0
10440.825761646565,12,943,14,1184.6423743390544,0,1,1,1
58.36290168638857,4,1110,5,84.18658408309689,0,0,0,0
2500.0,10,16,2,976.4637207242899,3,1,1,1
46.87816578367974,3,1111,9,40.581434213986235,0,0,0,0
695.2124959127457,3,1532,17,669.2465445478298,0,0,0,0
735.9695654331678,3,1013,19,992.8780818103883,0,0,0,0
823.8286333385764,1,1466,6,1000.9933384399174,0,0,0,0
31.273737884275555,2,679,9,31.508511046291257,0,0,0,0
1218.2836402868609,5,392,15,1712.2543875128426,0,0,0,0
184.89667583910196,6,951,14,157.90943294418614,0,0,0,0
416.826368747763,1,1790,11,520.3347947026375,0,0,0,0
53.26360769009987,2,740,3,45.95407988602025,0,0,0,0
22100.82850632748,9,4,0,357.64807648492774,2,1,1,1
102.52119392182904,5,623,9,108.08979152154409,0,1,0,0
43.70171495760768,3,1166,8,30.994538010151167,0,0,0,0
163.08956988595477,5,402,13,207.20117221411036,0,0,0,0
467.16426784273693,2,583,18,439.82680944569324,0,0,0,0
161.63429469761297,3,865,11,252.48893870889503,0,0,0,0
67.92561018801253,2,1692,9,52.23003153628652,0,0,0,0
181.44118722282354,2,1336,6,228.81709281458285,0,0,0,0
12.309901402748602,3,681,9,13.52355890755856,0,0,0,0
68.30622530018081,2,209,3,84.61085869130143,0,0,0,0
276.3688416812916,3,1150,17,313.5723373703176,0,0,0,0
262.6192470543492,4,1507,15,405.8321198822259,0,0,0,0
212.76720596433265,2,666,9,189.07287455020435,0,0,0,0
269.48102026905696,3,365,17,227.53979935004068,0,0,1,0
9161.135428283585,12,787,4,292.6065032757182,3,1,1,1
294.32528476593825,3,181,16,299.9863079026108,0,1,0,0
144.3673183944938,4,1131,9,136.1864518079648,0,0,0,0
39.44184893260676,3,223,16,50.6353018782563,0,0,0,0
247.52114446303642,6,1047,15,285.45182984432216,0,0,0,0
335.11481694952676,1,1340,4,250.04985874043538,0,0,0,0
133.32411516018897,2,1659,5,203.5553350488501,0,0,0,0
36.27430536906583,4,337,12,31.095754776140815,0,0,0,0
55.54194620354889,4,1467,18,78.03451320358955,0,0,0,0
28.105557868421123,3,807,9,19.35339217654534,0,0,1,0
60.911422629793584,3,1191,9,77.75869205001202,0,0,0,0
258.6259998112213,2,1493,21,331.8797393185807,0,0,0,0
698.3166367774346,4,493,15,668.6470617886431,1,0,1,0
29.601809111210592,2,1591,8,27.319383032945385,0,0,0,0
48658.82762480322,12,28,10,890.9577709588361,3,1,1,1
20.82134298216885,2,1719,8,23.132240359077013,0,0,1,0
124.1898024166285,5,881,17,142.99610242296083,0,0,0,0
455.62853510140786,3,1149,12,282.7543521647415,0,0,0,0
443.7837480377891,3,705,14,313.3946627488646,0,0,0,0
625.3827314066197,1,1028,19,572.4974773254067,0,0,0,0
10.149529417878222,1,1227,12,10.92309040735784,0,0,0,0
161.89321924540567,3,1086,9,129.14128678508,0,0,1,0
138.31622371298943,4,583,15,110.1670805854561,0,0,0,0
37400.225736757,10,820,3,1160.0016876294503,2,1,0,1
811.2407382037686,2,469,6,641.3191302596586,0,0,0,0
2500.0,14,503,9,488.24582867603175,2,0,1,1
312.63766212787925,1,1138,13,294.3062825445755,0,0,0,0
520.1031454201302,1,1623,13,437.35073954540053,0,0,0,0
205.99009046808877,1,1151,7,200.38135243850135,0,0,0,0
242.62143228318394,4,1241,18,262.48958838598855,0,0,0,0
1031.8321080378264,2,754,2,932.7837107936377,0,0,0,0
15759.192244637487,7,8,1,487.42355513587717,1,0,1,1
233.40813253654383,2,916,20,247.4769044016188,0,0,0,0
512.6573543734976,5,508,14,465.1588148454226,0,0,0,0
55.79073688396798,3,1416,18,41.42956930924128,0,0,0,0
49.021745285180906,4,1637,13,70.52807762610034,0,0,0,0
208.37446077823336,1,1535,7,137.30426478593566,0,0,0,0
424.3436268149281,2,482,7,654.8339776492317,0,0,0,0
183.3159264327282,3,837,10,281.93488754628083,0,0,1,0
34067.5025639413,10,18,3,114.6177412163982,1,1,1,1
45.95062418541207,1,1234,8,65.95653297096774,0,0,0,0
281.07404785108315,3,287,12,174.94153918625724,0,0,0,0
330.09295863835297,2,1627,12,504.201985656582,0,0,0,0
39.25479345265787,1,1223,4,60.38023324023074,0,0,0,0
20.615433250262925,6,294,7,23.762695258696404,1,0,1,0
348.8937757103288,2,695,17,442.73625453660617,0,0,0,0
166.0600590955645,3,1775,11,123.42356356942439,0,0,0,0
277.3041806095862,1,1478,8,386.35689532212245,0,1,0,0
294.1304170054743,1,969,23,436.80435251095014,0,0,0,0
37.28494999396891,3,1702,3,56.2994818612726,0,0,0,0
31.73220638580958,3,1465,17,24.959943459361643,1,0,0,0
6135.757364926093,11,29,12,1089.4847007582352,2,1,1,1
102.17064072487685,4,626,0,141.144543413766,0,0,0,0
2500.0,15,28,0,877.5324726541387,2,1,1,1
31.129861808889636,6,794,14,23.959305559210012,1,0,0,0
294.00302144450814,3,1770,10,338.8989858472084,0,1,1,0
206.38470693642546,4,780,12,239.53573300794704,0,0,0,0
357.72460370464086,3,390,19,256.4650424858478,0,0,0,0
10802.008385536192,10,870,2,1032.5373888018844,0,0,1,1
144.36718893510496,2,1355,0,225.30139490211462,0,0,1,0
11575.654789733146,10,948,3,153.83773483304876,1,1,1,1
92.20116935387756,3,1308,13,65.48411642935729,0,0,0,0
330.4236143836971,2,1505,11,217.29353912294312,0,0,0,0
459.4315020424014,3,1444,9,365.545355372515,0,0,0,0
65.4200713171098,5,838,15,69.08141860627157,0,0,0,0
230.92853739676417,4,409,12,316.8600490887957,0,1,1,0
371.88067783214285,3,289,12,375.92028289918306,0,0,0,0
79.3325898685688,2,592,17,64.91542084555282,0,0,0,0
225.0114990797199,5,1255,4,322.5656410482258,0,0,1,0
374.19265090098924,4,1655,8,566.2203130399384,0,0,1,0
359.57776132241224,3,257,17,523.0968268948775,0,0,0,0
252.50765383723274,3,110,6,251.9943751005589,0,0,0,0
290.229750222384,1,1076,16,239.47298766180856,0,0,0,0
57.75842414404633,5,730,9,61.280874072549906,0,0,0,0
132.10934769345275,1,101,16,168.8446138703962,0,0,0,0
187.12124066117462,4,1615,10,243.4845316367686,0,0,0,0
319.5936526878193,3,1047,12,391.9947850990639,0,0,0,0
120.3958073131607,2,235,8,125.27818436831798,0,0,0,0
113.02728147414751,4,92,15,96.42199765805202,0,0,0,0
60.97591122227801,1,42,18,75.14535832697335,0,0,0,0
802.1295858288056,2,247,6,1078.1122088070251,0,0,0,0
42.06847474250154,1,159,5,27.77577274553519,0,0,0,0
289.99344309391074,4,1749,9,310.531280257248,0,0,0,0
6909.13844081275,9,949,5,782.2859781877221,3,1,1,1
578.98212878054,4,1727,8,349.63774416444414,0,0,0,0
6371.915984375956,10,4,0,533.2006015846208,1,1,1,1
19.343238080369616,2,50,18,16.376382696880754,1,0,0,0
858.4366956074152,3,1436,15,618.5961573556567,0,0,0,0
785.8213320211771,3,1463,19,917.8667138388254,1,0,0,0
68.63309390200877,1,1272,19,54.409190804122645,0,0,0,0
2500.0,5,1098,2,266.11803303195205,2,1,0,1
12094.22606332847,12,13,4,803.6615935565171,2,1,0,1
24.302830137051707,4,591,12,31.493659548090317,0,0,0,0
91.87478484468683,3,356,8,119.68760115084234,0,0,0,0
28.879311657145045,3,1547,12,40.51884057048909,0,0,0,0
223.5013076431814,3,673,7,348.9440437962668,0,0,1,0
418.0418738728512,4,1362,12,504.7793082282528,0,0,0,0
882.7246477214242,3,1722,9,996.5612985721367,0,0,0,0
73.68654256683189,1,1563,10,59.813238082710974,0,0,1,0
63.74648755458597,1,587,12,50.99661694472232,0,0,0,0
64.82701171034455,3,755,15,65.42002143076265,0,0,0,0
917.5485937860853,1,414,15,580.2791918372927,0,0,0,0
31.095332300187366,3,1547,8,46.799231932835916,0,0,0,0
240.60829073863815,1,1784,0,282.481968810055,0,0,0,0
897.0178789675016,2,766,8,836.8473233027755,0,0,1,0
141.76960922790843,2,341,13,124.51242356987498,0,0,1,0
406.89265873617495,3,1078,14,646.7112454214944,0,0,0,0
49.01019440774093,4,1476,11,62.873344620855875,0,0,0,0
281.09640831295684,6,260,13,410.22416263241416,0,0,0,0
336.5692096403646,4,1367,11,358.76548113825015,0,0,0,0
323.92621524493535,4,1698,16,504.3978030875808,0,0,0,0
92.65476940182978,2,556,15,70.17294749485691,0,0,0,0
106.75976811676611,4,845,8,166.66398496703056,0,0,0,0
404.6270826627523,5,181,17,545.8337724934336,0,0,1,0
416.14051696298276,3,1424,7,488.76491894341996,0,0,0,0
533.0917357259527,2,956,10,485.2130129241067,0,0,0,0
501.16183057611056,6,1451,11,541.5043146944606,0,0,0,0
12486.56643455334,8,782,9,639.6776981619271,2,1,1,1
2500.0,8,27,9,558.325568788872,1,1,1,1
58.13029113800425,3,1591,23,84.71257946088262,0,0,0,0
124.14402084996003,2,47,8,195.5971315841665,0,0,0,0
171.34940726089488,2,1757,2,123.68902971396034,0,0,0,0
147.23824272882715,4,1110,10,149.27532272857033,0,0,0,0
149.30598710218396,4,1649,16,118.494277979626,0,0,1,0
484.5013186348496,1,1149,21,671.1135860850608,0,0,0,0
53.790686001139875,5,132,13,57.85341667706058,0,0,0,0
170.68859716833674,4,683,14,221.5274999100857,0,0,1,0
41.26534095101855,4,332,7,50.12124433976186,0,0,1,0
355.2492793316855,4,1706,7,388.47494483150615,0,0,1,0
110.57271831524669,3,1008,8,163.56655738715762,0,0,1,0
19.92909333191618,6,782,6,17.387060673446374,0,0,0,0
27.04084810495546,3,187,2,25.596423413453095,1,0,0,0
161.28481811632344,5,30,10,147.20661497929538,0,0,1,0
59.385172348475535,3,579,17,78.71040399905243,0,0,0,0
6603.531157054908,8,2,3,802.0570343629298,1,0,1,1
246.26365374638513,2,606,14,308.9772380571873,0,0,0,0
721.717885115012,1,871,8,579.8283272299069,0,0,1,0
491.72220017043315,3,1196,9,769.1962530740603,0,0,0,0
531.632820685487,3,1499,15,767.1450768200106,0,0,0,0
57.03853260189673,3,86,12,70.35049275737232,0,0,0,0
5000.4172085999235,6,806,3,905.7868270255781,2,0,1,1
167.8103998144178,2,804,17,246.31039376794507,0,0,0,0
373.7746681404435,3,248,12,473.4975021692495,0,0,0,0
10.614400969966434,3,1129,8,14.835908915017288,0,0,1,0
18.882406759178167,3,1246,9,18.20717911518678,0,1,0,0
432.0935389088783,2,1494,16,266.5653026619412,0,0,1,0
558.7527633139599,3,72,21,805.0488570575495,0,0,0,0
186.5384091298155,4,1498,17,297.63514492553946,0,0,0,0
488.7635499609241,3,1550,14,517.8946745666269,0,0,0,0
25742.554346033416,9,1,4,544.0907877979898,0,1,1,1
16768.514862203992,8,12,11,1044.663655841678,1,1,1,1
132.80536873435324,2,1725,18,169.73203439570298,0,0,0,0
2500.0,11,10,2,529.9857212989627,1,1,0,1
78.1989466276305,4,893,18,122.96448866452208,0,0,0,0
337.23068227896755,3,528,16,536.8717125400933,0,0,0,0
63.83013611324852,3,1338,14,92.92229171783826,0,0,1,0
47.939246842771254,4,252,2,69.01023172598637,0,0,0,0
29424.14120105818,7,1151,2,523.4292371226697,1,0,1,1
276.6303968254504,3,903,19,236.22884203151278,0,0,0,0
269.1528875928607,1,1467,5,261.81010868327036,0,0,0,0
61.577694198323876,4,770,19,88.73236029157862,0,0,0,0
285.8505132302516,5,1607,19,215.09016377388159,1,0,0,0
98.02855605234764,2,1703,12,130.78391388690622,1,0,0,0
322.9041108832683,1,897,11,339.55715427938713,0,0,0,0
105.16962553044212,3,1004,14,123.05085167080162,0,0,0,0
138.52103366071626,3,1046,13,111.65842952927021,0,0,0,0
91.21835497378254,2,792,19,118.4494841898705,0,0,0,0
33.986475742753434,3,728,9,35.9023555254721,0,0,0,0
468.689986211067,3,700,11,718.1010285836209,0,0,1,0
341.27003313961984,2,188,6,401.5468508637602,0,0,0,0
2500.0,16,511,8,444.89887107006325,1,0,0,1
20.20891806363736,1,1717,14,13.071309326076742,0,1,0,0
18311.164875744944,11,16,5,532.985280456677,0,1,1,1
483.5207495573462,1,1391,9,582.435885635919,0,0,0,0
400.7741235393394,4,778,6,485.4665636724263,0,0,0,0
6395.374367377139,7,23,1,611.7535818242333,0,1,1,1
187.26702004140253,4,977,11,188.73949129357118,0,0,1,0
58.160949786340694,3,1678,20,56.090277794447886,1,0,0,0
146.49947948904645,6,1148,6,153.16236072534338,0,0,1,0
14850.703050753527,10,395,0,502.3920458947224,3,1,1,1
403.93173414193564,3,1153,21,499.68265611010173,0,0,0,0
679.3801061992511,2,53,5,1078.1942114060835,0,0,0,0
16.53771999220316,4,1290,11,13.29986880165181,0,0,0,0
365.71555418155873,3,82,20,260.84282127280403,0,0,0,0
11.923388067600076,2,576,14,10.83952526921333,0,0,0,0
92.57244411211869,2,1224,19,73.55821024397301,0,0,1,0
322.3486751844978,2,188,17,398.1035228856566,0,0,0,0
87.55126556190875,2,1176,11,100.69588458609225,0,0,0,0
356.1996222726567,6,596,19,558.5847748327402,0,0,0,0
12.099713428029197,1,518,3,16.921842333858013,0,0,0,0
61.794258812792144,2,1553,5,74.43291438488981,0,0,0,0
453.03727926282124,5,1567,6,706.651065866498,0,0,1,0
144.31849692066342,5,1038,18,93.44783789554708,0,0,0,0
205.4175342119862,2,948,9,234.1781729750085,0,0,0,0
707.050341400357,2,773,3,489.65065886531823,0,0,1,0
287.3581363028352,3,936,12,209.82901324042814,0,0,0,0
77.70593976320148,2,1394,10,79.39492908265576,0,0,1,0
206.91030045101348,2,271,17,232.36642136897686,0,0,0,0
281.1165028042321,2,1133,12,186.50125536260316,0,0,1,0
58.455176679865374,3,582,16,73.61641499286873,0,0,0,0
14851.348032027989,7,652,3,765.0044630407358,1,1,1,1
645.5518954752504,4,1669,7,1005.4954583989643,0,0,0,0
200.65348762631925,2,151,17,135.11748677909986,0,0,0,0
221.52043140016235,4,623,9,283.7640054023976,0,0,0,0
227.8226721019798,2,1225,13,338.96643999195754,0,0,1,0
179.7221224106317,3,1150,15,173.6333613016756,0,0,1,0
10.03943925526031,3,883,11,8.098255917768508,0,0,1,0
22.240152902561853,4,736,9,17.12854230991788,0,0,1,0
523.1840245680222,3,1642,21,723.5311264299254,0,0,1,0
394.484002757728,5,620,13,365.9987871159684,0,0,0,0
68.41961193529679,2,1031,7,107.80323276712622,0,0,0,0
266.99989690840323,3,959,19,388.5407690266269,0,0,0,0
275.0119324524134,4,1247,13,370.13481697181595,0,0,0,0
87.0969861486159,2,632,1,102.06733137676561,0,0,0,0
30940.523582262816,7,4,6,1096.718290356823,3,1,1,1
259.91220492698784,6,610,6,263.9305659105231,0,0,0,0
102.53724311109332,2,1146,7,83.72342893225252,0,0,0,0
493.46010423458955,4,938,8,400.5973723903982,0,0,0,0
36.26541017687143,4,133,14,55.68999119869689,0,0,0,0
2593.273269017271,6,175,2,1168.3192675408227,1,1,1,1
165.6944725139327,3,846,6,186.47683249967687,0,0,1,0
86.42879463360902,3,558,13,121.474444698247,0,0,0,0
777.9182940038053,6,199,13,807.1675975788407,0,0,0,0
96.9204521186172,4,180,8,141.04705829454676,0,1,0,0
7545.226588335362,8,1012,3,914.0641722292745,3,1,1,1
895.7402872530974,2,1276,15,863.4392766579825,0,0,1,0
548.0802425065001,3,710,17,567.5980463839123,0,0,0,0
473.3972841169803,4,619,17,619.1253479378435,0,0,0,0
202.79888071423704,2,195,12,300.15307991338983,0,0,0,0
17100.47716771032,9,4,4,1172.8491890418743,0,1,1,1
6032.324884832499,10,18,4,960.4510841693499,2,0,1,1
937.5495635680778,6,1401,13,1189.6948956509866,0,0,0,0
20.69566473730766,1,1014,3,26.698276755862068,0,0,0,0
27.027466570380216,2,1151,6,39.711395099222436,0,0,0,0
5734.3919107150095,9,638,17,1066.364313242155,0,1,1,1
498.5843238782074,4,127,15,735.7285493273052,0,0,1,0
51.745071202788075,3,312,12,63.56093618912085,0,0,0,0
80.54015013242736,5,1795,12,57.816015854029004,0,0,0,0
25.89687278882013,2,66,11,29.384902170664276,0,0,0,0
156.20692318999986,1,210,12,142.5034302774553,0,1,0,0
339.7263178137607,6,1183,0,463.799841138721,0,0,0,0
269.3340829717908,4,123,16,380.90724777534587,0,0,1,0
476.61532668763294,4,1798,12,516.637757645184,0,0,1,0
338.13784086512686,2,815,17,356.19413516442484,0,0,0,0
18.25241109919733,5,1007,13,11.712913611464797,1,0,0,0
3591.705797095603,7,1,0,692.7831486365251,3,1,1,1
815.5679236120496,4,858,17,973.5322756071379,0,0,0,0
76.11652293313988,3,1702,8,108.635079819006,0,0,0,0
444.81611163164996,2,1022,13,533.052560955065,0,0,0,0
68.71108351386053,1,1481,8,48.435265842134875,0,0,0,0
117.65552596639633,3,1358,12,75.5097752000443,0,0,1,0
2500.0,6,1178,1,904.9784148434835,1,1,1,1
82.93133918678929,3,180,14,107.3431450138708,0,0,1,0
97.71807759261036,1,1643,14,126.55189612030598,0,0,0,0
220.72509063985157,2,277,6,206.37062456261643,0,0,0,0
35.37933038162738,3,248,7,34.32893428730451,0,0,1,0
670.4372113433008,5,190,16,702.2788822259703,0,0,0,0
143.25609969642494,3,1231,13,115.5184788156375,0,0,1,0
83.73652494832399,2,1024,12,86.2137894457163,0,0,0,0
7046.884575313856,6,20,23,219.12982141006063,3,1,1,1
3107.851579119495,5,18,8,486.82194679755224,1,0,0,1
435.2956858561309,2,555,10,295.7947692611809,0,0,0,0
119.34396865027344,2,1731,7,152.36960839601204,0,0,0,0
263.87183603959704,3,1703,8,185.86041793846059,0,0,0,0
87.28719410388152,2,443,12,96.29765023282617,0,0,1,0
195.6041415649018,2,394,14,266.45016403340355,0,0,0,0
952.7508399457572,3,1346,23,754.9785375802585,0,0,0,0
55.866317532690175,4,405,15,42.238891848688276,0,0,0,0
74.50548832555725,4,1161,15,113.26069570043856,0,0,0,0
119.73853057460614,4,1016,8,110.05133346342991,0,0,0,0
20.0141790552731,2,695,21,29.50875914682029,1,0,0,0
41.165257201336935,3,1330,16,60.1130975373303,0,0,1,0
10860.437105586841,8,253,8,664.2404402163114,2,1,0,1
540.39263482559,2,1157,22,684.648827102829,0,0,0,0
159.61883698005303,1,1786,8,159.71471348100835,0,1,0,0
115.5914916259672,2,171,8,184.29194556645967,0,0,0,0
23.36228275361177,2,972,6,36.52677966721803,0,0,0,0
142.0763891223256,4,344,21,108.23185658505578,0,0,1,0
274.2669907532552,3,1008,13,392.2230589666915,0,0,0,0
419.8529724740433,1,1516,11,377.06965300311987,0,0,0,0
309.8765155066592,3,1048,19,242.06078903294807,0,0,1,0
369.55853443589257,4,1407,17,297.3604461790722,0,0,0,0
18.301067876407075,4,960,10,11.26866893325728,0,0,1,0
869.4137507093358,1,93,7,951.7647635480071,0,0,1,0
15215.29052750752,4,14,1,424.7740647384804,1,1,1,1
8500.326032565274,17,182,13,499.3728908941239,1,1,1,1
626.5410531532414,2,448,18,774.538061671648,0,0,0,0
48764.93348563171,6,23,2,597.236682950114,3,0,1,1
280.7828387627043,3,1648,10,231.22509723022415,0,0,1,0
419.87816458936186,3,497,8,508.1054023983914,0,0,0,0
292.6734014814217,1,1081,23,283.5814940861704,1,0,0,0
76.55869372153239,1,917,9,115.2695136623359,0,0,0,0
211.7643216007599,2,772,8,290.0005897757462,0,0,1,0
459.6268688111778,3,1298,11,342.7931174249277,0,0,0,0
21.095762319966532,2,1398,3,28.116710387977925,0,0,0,0
345.6434826387799,2,724,17,291.9457839506375,0,0,0,0
126.96160796669135,1,154,12,141.88967493756084,1,0,0,0
358.0009749209807,4,410,8,462.41310968412535,0,0,1,0
273.33778392180915,3,76,12,361.20197163648953,0,0,0,0
14012.81316577538,8,7,6,372.40962186584835,1,1,1,1
190.86724365676278,4,1792,9,217.19593525353292,0,0,1,0
142.34958367408,2,1629,5,146.37109676455154,0,1,0,0
3543.131585326955,10,106,1,1069.042071828725,1,0,1,1
174.9349256041993,3,1372,16,218.02422306669663,0,0,0,0
94.29663044953361,3,1709,9,90.58034006428812,0,0,0,0
20831.69584509996,8,15,0,1092.430744652721,0,1,1,1
70.58218901922345,6,1032,3,91.4436270100988,0,0,0,0
127.38972024317864,4,565,17,202.23593364795576,0,0,0,0
208.74013024556984,3,1213,7,319.78866290599905,1,0,1,0
566.6021290809366,4,869,9,904.4332625864976,0,0,1,0
165.0394639114408,2,1364,12,172.11521817475588,0,0,0,0
698.5605274212794,5,1477,6,897.4132246333393,0,0,0,0
116.67601389863414,3,1595,14,92.73062890801052,0,0,0,0
366.15306339929026,3,584,14,322.42363676072154,0,0,0,0
149.85428485068527,5,465,17,153.6374151977933,0,0,1,0
813.8629403765018,5,597,21,566.7244582445718,0,0,0,0
104.71689845601868,1,1791,8,109.72080377143392,0,0,0,0
131.2059001037858,3,717,15,121.00383523299114,0,0,0,0
189.91243193717705,4,601,11,151.50737961880986,0,0,0,0
150.71726052364357,2,171,9,97.96904728418663,0,0,0,0
235.49948265142106,2,1322,12,161.9298265937866,0,0,0,0
270.5642278081737,1,1427,9,228.17085471236015,0,0,0,0
361.56325430847886,2,1667,6,368.1640725555742,0,0,0,0
11023.115019389443,9,5,14,337.9632432618135,1,1,1,1
140.06973288960899,5,801,9,160.77675096117744,0,0,0,0
367.5143420075054,2,1444,17,496.01879628995914,0,0,1,0
217.37755975381387,1,1057,15,229.58433207789795,0,0,0,0
42.49562779162397,1,212,12,47.91048768051038,0,0,0,0
369.7713814481483,5,1628,0,564.9924291345047,0,0,1,0
664.4422915559297,3,327,6,536.1385032859565,0,0,0,0
37.59537566980053,4,799,6,54.298623631194474,0,0,0,0
121.27248979445197,4,739,9,124.74354855326938,0,0,1,0
265.7236119360658,4,798,17,186.65579542485364,0,0,0,0
109.90182119176961,1,652,20,93.60052460499544,0,0,0,0
296.911682381095,2,1163,20,238.55908702351175,0,0,0,0
2814.0689369040592,7,6,20,226.48588072719943,2,1,1,1
615.1184437225797,3,1199,19,649.2938347090764,0,0,0,0
400.0571991317361,2,440,19,507.1615933044861,0,0,1,0
107.73438799470394,4,1126,13,97.84980601385342,0,0,0,0
34.557446327811164,3,56,13,51.17677454430192,0,0,0,0
200.91178600170113,1,1507,15,201.50399122714964,0,0,0,0
433.28200788384083,3,285,22,666.357291601441,0,0,0,0
357.849959918742,4,487,5,457.9507099066126,0,0,0,0
16.418853688194435,6,599,20,13.345078031682295,0,0,0,0
36.103050328517604,2,1685,13,40.636840818232095,0,0,0,0
885.9271385939907,1,1044,9,1356.5165376645532,0,0,0,0
315.24861709642704,4,86,16,206.2200834342636,0,0,0,0
94.11570784767218,3,822,12,113.37164680228707,0,0,0,0
559.8504417595858,6,1343,14,533.4718241510562,0,0,1,0
64.30372383130963,4,887,19,94.64206701165168,0,0,0,0
199.97771104707908,4,298,23,242.17600196392738,0,0,0,0
270.8322798815047,3,1099,17,171.33603902776872,0,0,0,0
120.29502938743005,4,31,7,166.6706180186976,0,0,0,0
101.11619173904543,3,1160,11,65.52485879991782,0,0,0,0
109.44595383309132,3,765,15,130.72086079273882,0,0,0,0
166.711418131,4,1712,8,142.7272246711176,0,0,0,0
7484.437174036999,4,19,4,201.18870990629176,1,1,1,1
187.9526919586117,2,463,11,159.12415497182914,0,0,0,0
383.87675525051276,5,662,19,242.76979503236305,0,0,0,0
10925.791012558853,8,137,1,216.3657781579056,1,1,1,1
13.120402118757005,2,1718,10,14.796541821048633,0,0,0,0
728.0607529775145,2,259,5,530.4649342801611,0,1,0,0
13733.115323313332,10,4,21,179.13184155782133,2,0,1,1
94.44948219117374,2,1767,11,62.08824073784241,0,0,0,0
26.876197726653427,4,1063,12,26.239407669838098,0,0,0,0
237.17070105508455,3,1564,10,197.44960431125998,0,0,0,0
628.6826945801154,3,1085,15,547.167765328966,0,0,0,0
2500.0,11,9,14,305.3812892481603,3,1,1,1
19.946887842260793,4,1202,2,13.93723596391994,0,0,0,0
128.42985263987902,2,227,1,172.1466783661287,0,0,0,0
348.98225405237264,1,1023,8,432.91250790161456,0,0,0,0
600.9661471024891,5,1774,12,598.8956633594817,0,0,0,0
253.23476846072643,3,1137,18,293.05495272122835,0,0,0,0
2500.0,10,13,14,188.0957568125762,3,1,1,1
54518.96470217022,10,277,7,56.14692410885401,2,0,1,1
113.11109387350184,2,940,9,77.63327121078721,0,0,1,0
70.89670386480437,2,1230,21,108.24934919042009,0,0,0,0
114.0255344076199,3,307,16,138.55220334849437,0,0,1,0
169.61859330930758,3,644,13,213.83232917248412,0,0,0,0
226.59932338982236,3,968,16,209.28445865603007,0,0,1,0
19.56274683061752,2,1700,10,24.80923516293662,0,0,1,0
23.913700197059804,2,784,0,16.455406305620468,0,0,0,0
37.842751772706144,3,1718,9,27.74857454027907,0,0,0,0
35.89487279858487,1,914,6,36.35447561890048,0,0,0,0
89.54603122396075,3,1718,16,82.15370905150328,0,0,1,0
142.3037970856013,5,201,11,88.14557385588706,0,0,1,0
129.58759081893317,3,458,7,132.30222293268272,0,0,0,0
376.06087443691996,2,1318,8,385.4530299996982,0,0,0,0
139.50974070516725,3,1109,7,118.54902127848148,0,0,0,0
79.05358765750577,3,185,16,82.06232338457531,0,0,0,0
19.39776555579467,3,1653,11,23.484319099903317,0,0,0,0
717.5219294212636,3,946,7,1134.8076369824712,0,0,0,0
37.95548093702291,3,75,9,27.17204995081665,0,0,0,0
3410.4066984447772,13,280,1,742.4535300829853,1,1,1,1
8730.804252973438,9,1040,13,956.1657237181826,0,1,0,1
142.73435787359074,4,721,20,201.04280210054696,0,0,0,0
103.3655216625608,6,810,14,97.75918857427027,1,0,0,0
500.3256664608106,2,1646,6,445.11589663685186,1,0,0,0
1043.4426322829436,1,938,16,1485.665248818451,0,0,0,0
51898.68965466196,9,12,21,743.8378378675552,3,1,1,1
144.5855766386727,4,1346,11,155.98542024355663,0,0,0,0
111.22266089701694,3,697,11,166.42342506182086,0,1,0,0
4790.632947041845,16,216,13,703.1870470422954,3,1,0,1
322.08071547252933,3,243,12,257.88125147145337,0,0,0,0
335.687232123079,1,1540,15,323.81888598427895,1,0,0,0
168.85933485590476,2,470,14,192.52473718834776,0,0,0,0
248.88835203797487,4,328,12,242.34713124622468,0,0,0,0
326.1057153547632,4,1424,12,373.8887778361435,0,0,0,0
2680.151207270121,11,24,14,182.40766272556314,2,1,1,1
20706.18908200341,8,12,23,561.4948565170287,2,1,1,1
10717.043235372188,9,711,2,461.5703414984199,1,0,1,1
2500.0,10,5,2,1022.9652816362053,3,1,1,1
118.3542177689191,4,1114,6,106.7063820268619,1,0,0,0
29425.51940713222,7,4,1,440.7819504177041,0,1,1,1
50.59864469804584,2,330,13,65.8771888778929,0,0,0,0
947.5055496674477,5,185,6,1159.7901600231032,0,0,0,0
257.71668230638636,3,1552,15,250.26844906930825,0,0,0,0
115.00507560882477,4,827,9,140.57402280944456,0,0,0,0
48943.41163731844,7,917,3,497.34392839791496,1,1,1,1
246.0317661773826,2,1067,11,316.76333135636753,0,0,0,0
149.96108769504465,2,941,9,103.85500732208698,0,0,1,0
28.886522381449286,5,335,18,27.2200576515391,0,0,0,0
69.3839239136975,3,804,11,84.65025188684292,0,0,0,0
394.01703309037515,5,1493,8,511.08396036582286,0,0,1,0
149.74133141292893,6,1708,14,218.59710135011812,0,0,0,0
299.6098605856146,2,1795,17,429.92126321888696,0,0,0,0
22.81780488403171,6,1404,6,16.00622009252158,0,0,0,0
17759.400269770584,10,5,20,673.3098440011149,2,1,1,1
309.85877003994426,5,1395,6,397.41933481396666,0,0,0,0
183.59675337578173,5,598,10,130.66581928651425,0,0,0,0
397.05273054804616,5,835,9,321.0477616275144,0,0,0,0
474.2816413542729,3,42,9,509.4869368031803,0,0,0,0
439.3411101474002,3,897,16,554.907428654204,0,0,0,0
872.0205853002002,6,1279,21,1017.5263858408897,0,0,0,0
308.67843543709495,5,436,6,478.3278675863951,0,0,0,0
237.11589898520603,2,1137,16,297.68514375432073,0,0,0,0
225.1415490511694,4,868,13,335.7220862647592,0,0,0,0
220.82272092868385,3,1091,14,278.9258006063149,0,0,0,0
12444.57581393391,12,501,17,785.9666672580478,2,1,1,1
165.66940375423684,3,1224,15,244.13969367594788,0,0,0,0
24.23779566509102,6,1116,19,18.61720265750136,0,0,0,0
367.2635228303721,3,1660,11,226.24272158771907,0,0,0,0
335.1019494143344,4,1324,13,304.32807200224187,0,0,0,0
82.78400986177542,5,617,19,91.15374456175182,0,0,0,0
22.639092130024345,1,1501,17,36.00266501396413,0,0,0,0
133.3893800438696,5,1389,9,148.0773330425311,0,0,0,0
221.9476673569948,3,286,14,141.02701883136547,0,0,0,0
718.9754079107001,3,1765,3,465.25557922008363,0,0,0,0
342.2220393693224,2,1023,17,249.24175507364583,0,0,0,0
10407.795161344291,9,8,18,462.5838939233872,1,1,0,1
184.26139492922692,5,1542,10,173.34472579731212,0,0,0,0
54.2539361206711,6,224,10,46.961231743747256,0,0,0,0
66.96568577835328,2,1299,12,68.12913418367832,0,0,0,0
196.68657928805112,1,902,12,138.4937364276156,0,0,0,0
55.73919599118556,6,1147,14,89.04755282648702,0,0,0,0
212.533090171627,4,129,10,307.6986916534778,0,0,0,0
151.5084302471801,2,1377,10,182.76231877950545,0,0,0,0
121.31370207712668,4,212,16,172.9257164147193,0,1,0,0
67.17988345773657,1,1417,19,86.77252117953884,0,0,0,0
217.18179651856303,2,355,8,131.1536780698271,1,0,0,0
36.34892658790669,3,1668,0,31.58208171948606,0,0,0,0
134.0177265908684,1,1199,16,184.43770690725484,0,0,0,0
667.8026452181933,3,409,11,1020.9781129986691,0,0,0,0
141.0706456638984,3,1762,6,187.4695019216064,0,0,0,0
102.63255375444899,4,660,16,131.63894463217912,0,0,0,0
885.1345516321157,1,703,7,553.6572445404456,0,0,0,0
98.44736185337644,3,919,7,77.06265173209903,0,0,0,0
61.34024591942227,1,101,23,67.24077848396345,0,0,0,0
313.79294866092476,2,526,13,273.53061355175294,0,1,1,0
111.64538930809722,1,1399,12,172.21277586551884,0,0,0,0
41.24229512315811,6,1307,15,27.162118173878298,0,0,0,0
2693.566729122107,8,844,10,585.2082212807314,3,1,1,1
2522.7122189505976,10,16,2,995.8330216500497,0,0,1,1
234.87166001908503,4,1791,16,312.418398881757,0,1,0,0
159.06111916036707,2,611,11,99.48955934581471,0,0,1,0
76.65247307574701,4,128,15,67.80195137338389,0,0,0,0
24.640808269405298,3,1056,16,39.41658804904716,0,0,0,0
13034.302774920543,10,29,10,682.3718948077279,0,1,1,1
8103.454934606799,11,19,10,706.9956864289869,0,1,1,1
549.7770519760243,4,1392,13,664.5133809877094,0,0,0,0
162.23367196494374,4,1099,10,230.26289839176297,0,0,0,0
86.6523455334202,2,86,15,107.99250490648261,0,0,0,0
1192.3611715232032,3,700,21,946.3146591525834,0,0,0,0
24.270647667214053,4,96,17,21.04562635778775,0,0,1,0
161.36076805125052,3,753,11,99.83871820527035,0,0,0,0
32835.92844423758,9,1150,2,804.3333549263003,3,1,1,1
360.87536274883547,2,408,11,433.0274467293029,0,0,0,0
105.68496279322747,4,1026,9,122.74507194986518,0,0,0,0
118.07125088686759,3,869,21,108.5293771998475,0,0,0,0
435.8055573844147,2,1578,14,446.4711571449202,0,0,1,0
10969.78349818607,9,68,2,997.5664692209149,0,1,0,1
321.3176914631546,1,613,15,313.8414249391443,0,0,0,0
342.9679918156664,3,1661,9,392.02202189820247,0,0,0,0
245.79991435733913,6,527,13,294.7461622244592,0,0,0,0
2500.0,7,729,2,630.6246803247913,1,0,1,1
62.66011779481269,2,1655,6,96.34121453283251,0,0,0,0
90.12543251672031,4,466,11,122.42176790233866,0,0,0,0
92.88657339871601,1,952,17,90.96215539704971,0,0,1,0
410.23748307712185,3,1794,13,630.3532637745534,0,0,0,0
92.93508518616362,3,523,20,68.18739379892581,0,0,0,0
567.4942436533158,2,1582,14,816.327844794731,0,0,0,0
164.84231105731897,4,1322,9,247.03667831109573,0,0,0,0
20.220894690249743,4,584,14,26.402489192095327,0,0,0,0
190.4357645544513,2,1171,15,152.39967554237745,0,0,0,0
78.99279973515553,3,1055,13,47.8294167505109,0,0,0,0
77.45232399371889,5,1644,17,69.2139478299419,0,0,1,0
8176.618768181931,6,28,15,1198.0042412862408,3,0,1,1
140.46765619343654,3,969,18,155.54798548780838,0,0,0,0
767.0822683340202,5,428,9,878.4746116922001,0,1,0,0
180.8717610780196,4,490,11,128.7558338823522,0,0,0,0
79.23278257730118,2,1155,18,53.72123371854254,0,0,0,0
27.871317495029913,2,33,12,29.70154706303826,0,0,0,0
68.74704848847773,3,257,8,107.06520136489571,0,0,0,0
495.0057001411201,4,1078,15,560.9586512818162,0,0,0,0
252.86130372479585,3,1447,11,321.61869877047536,0,0,0,0
384.7055024075952,2,1697,20,542.4874347771959,0,0,0,0
217.06887186377986,2,1206,14,251.8184880036278,0,0,0,0
94.14230476501898,4,564,20,78.23479892743089,0,0,0,0
14229.116821366437,7,339,14,431.00991832981714,2,1,1,1
342.9075710415476,4,1494,18,258.42615312401637,0,0,0,0
207.6671487861932,3,1404,14,200.93331401735324,0,1,0,0
105.9993560357868,2,344,11,77.52907296132365,0,0,1,0
170.23983536929723,3,822,10,212.8852802196389,0,0,0,0
271.10356993638396,3,1500,8,378.2305370318179,0,0,0,0
522.8799326302033,4,1069,9,518.1935810208757,0,0,0,0
206.87925604805116,3,1454,13,232.65009532514125,0,0,0,0
148.9748406019645,6,1353,19,89.89857921156258,0,0,0,0
70.32894356461816,6,1414,17,77.42992212824058,0,0,0,0
119.5210521092248,2,1719,17,152.89887956090928,0,0,0,0
3021.437043264378,8,674,1,654.6039827048536,0,1,1,1
265.1467954294244,3,235,8,226.47985116511427,0,0,1,0
120.41404795502669,4,1139,10,192.32343515421113,0,0,0,0
364.5578630466631,3,577,12,317.9682317532674,0,0,0,0
56.88705433001255,2,1773,19,57.26328227498547,0,0,0,0
86203.19089416758,13,381,20,844.3277845657925,2,0,1,1
1024.8342488023309,1,1504,12,969.5482095843086,0,0,0,0
436.9560201013382,3,940,11,628.2349268163817,0,0,1,0
38.24206559670438,5,1445,12,35.716322935867694,0,0,1,0
84.08420793905856,2,1032,13,132.1403439872345,0,0,0,0
32.12266543217037,2,848,3,32.011082757712195,0,1,1,0
180.59981313817033,3,627,19,287.03034805758034,0,0,0,0
254.76472295736988,4,879,18,288.1296550205094,0,0,0,0
155.04347797447582,4,678,20,100.16545633636125,0,0,0,0
54.81589118407564,1,1402,16,81.00943880769262,0,0,0,0
171.22880568991795,3,1026,14,169.4346380631236,0,0,0,0
276.48348585362425,6,143,7,374.1772022892415,0,1,0,0
45.05769195194304,4,1519,11,65.02710272272422,0,0,0,0
119.62434745838733,2,1186,1,107.0850423013405,0,0,0,0
25.148847455592655,1,703,10,15.946539421504026,0,0,0,0
56.23131787554666,4,711,10,51.35573496505238,0,0,0,0
501.0782722406128,1,1322,11,610.4167938891472,0,0,0,0
266.8825647659869,3,1770,12,386.9916566208825,0,0,0,0
76.32330083504029,1,519,7,112.29715352702628,0,0,0,0
242.92064514923456,4,1688,10,158.7316302513319,0,0,0,0
1093.7083960800983,1,516,6,1438.0729854644417,0,0,0,0
44.94648117420882,3,1190,9,69.4867167940829,0,0,0,0
14.976845323034851,2,1015,20,15.637138299937341,0,0,0,0
17.30125535802367,4,928,9,12.033907175730914,0,0,0,0
289.74832882484543,5,114,12,391.02481233751047,0,0,0,0
157.60374684892713,3,951,11,157.7414945204047,0,0,0,0
6158.553581072515,8,21,10,985.5138325141868,1,1,1,1
34.58448919163892,3,998,19,32.87473636211078,0,0,1,0
270.43483469053973,2,354,13,224.63039931276796,0,0,0,0
324.3746477069094,3,1232,10,204.33051741333477,0,0,0,0
164.0196618993744,3,961,11,100.13661438010753,1,0,0,0
482.2097593018371,2,1622,12,711.6437315281017,0,0,0,0
289.9427030623892,2,715,14,179.7335347350751,0,0,1,0
356.83949557994936,4,1124,11,493.69165267210894,0,0,0,0
251.62507112644093,3,856,19,212.13191878938338,1,0,1,0
244.5630066918469,3,471,8,291.77453504965587,0,1,0,0
795.5636096048138,3,97,19,1083.2597738447985,0,1,0,0
445.2869782361192,1,186,11,518.1926788575138,1,0,0,0
99.5426146424097,4,168,16,153.82170541742798,1,0,0,0
112.82520962930072,5,492,8,74.50734231377814,1,0,0,0
258.8481958485695,2,1386,17,255.88170410050395,0,0,0,0
50.76867421401971,2,1528,10,69.06107342397532,0,0,0,0
250.29411884974212,3,1297,21,331.0513052287476,0,0,1,0
390.23115304114333,3,677,8,505.7996371580859,0,0,0,0
169.7982144401858,4,1665,2,200.58417588303067,0,0,0,0
154.52162578139053,4,1006,10,107.52623753232375,0,0,0,0
414.5289681491815,1,212,11,472.1811387769365,0,0,1,0
92.4750446138779,6,1092,12,129.96186979598082,0,0,0,0
595.8041112898578,2,661,15,524.1525057598514,0,0,0,0
136.8066210707126,3,1226,7,100.66003427039657,0,0,0,0
24416.28624224537,8,821,2,1187.2308443737818,3,1,0,1
451.0367713672396,2,1274,17,624.2388495129583,0,0,0,0
57.7179797353239,4,1462,10,49.40224174332801,0,0,0,0
89.08136321578942,2,1322,20,97.65850319024226,0,0,0,0
100.3450314376592,2,388,5,142.80494450701318,0,0,1,0
13450.29910871586,8,7,3,958.7071977008936,3,1,1,1
104.3931743037186,5,1649,18,157.51890277686906,0,0,0,0
294.6048957463173,4,1291,15,332.9075086038139,0,0,0,0
430.52464630765337,1,1467,14,320.0923919959295,0,0,0,0
361.6938728510505,5,140,5,543.0994040184086,1,0,0,0
519.3824301484556,6,350,5,514.0142391730385,0,0,1,0
422.3456092435224,3,162,16,522.593559907402,0,0,0,0
166.03234969717306,3,1584,18,189.643418788493,0,0,0,0
201.87485650661162,2,1085,9,285.5395136848962,0,0,0,0
11889.684260289147,6,65,3,250.90999753000102,3,1,1,1
173.82514915919393,2,893,7,106.40800562375121,0,0,0,0
2500.0,11,187,2,675.1467678776621,0,0,1,1
714.313863846788,2,1162,8,1047.1579605811062,0,0,0,0
122.99362474174059,4,919,4,109.61833836514685,0,0,1,0
46.26746541755561,2,1245,18,29.013081243831866,0,0,0,0
19.175689615675715,1,453,7,17.23521432258479,0,0,0,0
257.8497941083051,5,1714,11,307.48396012340385,0,0,0,0
2500.0,12,203,1,604.7229681555309,1,0,1,1
705.4139846435979,4,523,12,900.0237708947163,0,0,0,0
9364.800604504806,8,136,2,391.1847030035365,2,0,1,1
289.7796023329948,3,931,8,408.0339515759429,0,0,0,0
445.3471588537274,3,175,15,312.150690622308,0,0,0,0
46.80201767184763,3,1365,18,60.765936812403325,0,0,0,0
962.9990346993069,4,869,12,1176.10349487142,0,0,0,0
220.58876495146305,5,150,14,170.81325774678646,0,0,0,0
109.31404797999464,3,246,19,172.68176661769203,0,0,1,0
27.36263671980693,1,357,18,20.345747585689214,0,0,1,0
562.0805387704198,3,263,16,552.0424145769847,0,0,0,0
215.620473275171,3,1091,21,256.4777330948738,0,0,1,0
247.05726097321082,5,272,18,393.89438227325905,0,0,0,0
71.97240736800575,5,1176,6,102.18240034331488,0,0,0,0
59.36276049721205,6,663,14,58.798681984569704,0,0,0,0
76.33344931273001,4,904,6,66.53763742048532,0,0,0,0
116.7432363196785,1,790,13,134.2363881769987,0,0,0,0
7016.476932826716,8,139,2,984.5839471759167,1,1,1,1
88.61629653156233,2,990,17,58.13472952177656,0,0,0,0
5476.940520292698,10,13,2,152.8531524183748,1,1,1,1
83.41877591666925,3,428,2,68.3865361861412,0,0,1,0
435.91623000149053,1,1623,9,368.9128353293897,0,0,0,0
131.21098619868548,3,79,23,139.2473575054272,0,0,0,0
77.85336843369403,4,1661,13,77.29828067434752,0,0,0,0
414.65233527042915,4,401,16,438.79996070877905,0,0,0,0
607.719034830913,2,1152,3,830.3000445504655,0,0,0,0
209.93005254283668,1,1135,6,236.72951859945033,0,0,0,0
89.15121489244832,3,977,13,113.78686304815983,0,0,0,0
98.69495569948398,2,323,14,67.22794523678147,0,0,0,0
4624.8533829342905,11,1093,17,774.9960100307885,0,1,1,1
24.463933319982452,3,341,16,36.174491450733456,0,0,0,0
58.05704761478038,1,381,16,52.689123149690666,0,0,0,0
108.29917422990256,4,485,11,109.23784562521134,0,0,1,0
212.90994996473094,3,91,7,272.86155137211097,0,0,0,0
24.587542380344807,3,1482,6,26.098062414000623,0,0,0,0
156.1078805929913,3,872,15,231.56588486068526,0,0,0,0
233.07943753582632,3,396,6,209.04778260731592,0,0,0,0
100.26605539024679,1,1422,8,122.28651276699098,0,0,0,0
115.8651943558164,4,1291,15,71.38226410211604,0,0,1,0
573.7017786329251,6,308,13,461.89460649103586,1,0,0,0
105.937128875749,2,774,6,128.70256139161802,0,1,0,0
99.76309968692765,4,1706,14,156.09323522013884,0,0,0,0
144.385918300216,2,615,8,104.91991057601999,0,0,0,0
12.96245219229271,1,1207,9,14.493093631908788,0,0,1,0
389.42612514465696,1,1551,8,504.8915217089704,0,0,1,0
492.4453230339396,4,523,20,350.7352000102415,0,0,0,0
20909.091403288505,6,13,13,299.7929386148747,1,0,1,1
171.3158878555208,4,655,12,259.7574852595123,0,0,0,0
126.84303806780444,2,1737,21,119.80385877592194,0,0,0,0
127.2093956380724,3,61,13,119.50576553420478,0,0,1,0
218.78179270081148,2,1050,16,185.99489639208605,0,0,0,0
44.19838748922905,1,1061,16,67.56372581887629,0,0,0,0
205.4649861550386,3,1273,14,179.12822579712847,0,0,0,0
333.75358959452575,4,488,23,466.4429276986286,0,0,0,0
65.97857804497043,3,1242,19,80.41589171043817,0,0,0,0
15928.84334648639,9,95,9,722.8329813651185,2,1,1,1
54.666921321538354,2,482,9,39.50201087331847,0,0,0,0
1555.5486027118316,4,1230,5,1238.3561684368694,0,0,1,0
74.43091945047179,3,1692,9,84.2690463888485,0,0,0,0
87.14009805030798,4,804,17,105.76906570060578,0,0,0,0
84.56366998223473,6,250,16,85.39843424468732,0,0,0,0
689.6501318864811,3,946,13,617.7710129540965,0,0,1,0
44.00682311730592,5,1706,2,51.386429990744475,1,0,0,0
96.6182321594118,3,1167,10,78.20643554409432,0,0,0,0
91198.33144928508,9,89,1,1123.2063682374637,1,1,1,1
323.9091853728986,4,1342,9,347.34148352259353,1,0,0,0
718.6546054339261,2,1035,16,434.5508582301548,0,0,0,0
26.17548787765798,1,1047,23,23.314354658360497,0,0,1,0
141.6590098199528,3,1637,14,195.5266649841693,0,0,0,0
59.259651362030525,4,1647,12,71.32379668046966,0,0,0,0
114.86518714992565,2,1764,19,155.95903885212337,0,0,0,0
235.41497058521216,3,736,18,238.4505408982297,1,0,0,0
21.996248090313046,3,650,14,19.595640935119636,0,0,1,0
350.5518852421798,2,192,11,417.4287799067697,0,0,0,0
704.6998968279464,2,1374,15,497.0000094027581,0,0,0,0
52.05774264902105,1,1098,12,55.15815610691666,0,0,0,0
159.3137702010422,1,584,13,165.18822151901222,0,0,0,0
24.95969215217017,3,1356,13,31.96694888315637,0,0,0,0
162.04568415577262,2,441,17,235.66824204690008,0,0,1,0
32.65075321460132,6,1426,19,37.5246112871791,0,0,0,0
89.34502796359298,3,426,13,104.97221852858992,0,0,0,0
13.64409059357542,3,1573,10,19.116939838297032,0,0,0,0
200.94697193452933,2,170,12,140.21693617192258,0,0,0,0
76.8529219288889,3,183,6,117.15518338282995,0,0,0,0
116.85453348630381,1,629,12,112.34850983631604,0,0,0,0
120.04895188351257,3,854,19,113.53300304548586,0,0,0,0
224.1956113943861,6,879,22,202.28782346224088,0,0,1,0
363.41793695412906,2,236,15,451.63410407265957,0,1,0,0
65.87403394983676,2,1410,17,78.81887229179253,0,0,1,0
249.6834435971093,2,1585,2,267.5191210802914,0,0,0,0
743.9082390003241,2,1414,13,806.9835979714969,0,0,1,0
308.03560423095126,3,1301,13,224.22630080740495,0,0,0,0
228.55148480489177,4,1445,15,286.7379569306896,0,0,0,0
109.01480619775161,2,605,8,98.44438411243532,0,0,0,0
207.69755963810667,4,1287,11,231.88962407830732,0,0,0,0
213.5193423891699,5,61,12,226.66439389225877,0,0,0,0
575.0605302217825,1,1240,8,612.0361003791314,0,0,0,0
221.21780822206784,2,1692,16,166.47261881292653,0,0,0,0
142.4613275382507,3,1670,14,163.31729228131988,0,0,1,0
12980.200616300044,6,1,3,431.31572340303467,1,0,1,1
638.4446979772375,3,1266,6,815.7868603138503,0,0,0,0
94.40006026926693,4,621,7,131.97155800781053,0,0,0,0
69.56241108851563,4,749,13,50.41317052434222,0,0,0,0
28.62904533102522,3,634,21,20.470006320367585,0,0,0,0
331.3138949992671,3,1121,1,378.4666758929128,0,0,0,0
18113.05242783241,7,6,2,863.6530418152993,1,0,1,1
130.29228895733144,6,769,9,138.019035822778,1,0,0,0
124.43091492561338,3,1729,11,85.10291295415038,0,0,0,0
79.94945906896972,3,1205,19,72.61931786300526,0,1,0,0
127.59737892134885,3,1426,17,79.71249289990018,0,0,0,0
955.1142825528339,2,1557,16,1456.5276618481687,0,0,0,0
45.10724406020675,5,578,14,29.372592214991577,0,0,0,0
139.97618913500284,4,181,10,123.24409177757627,0,0,0,0
473.559501532189,1,1706,6,289.01043889936284,0,0,0,0
308.52555811079935,2,67,5,395.676506381329,0,0,0,0
151.58298026900616,6,1195,11,226.1322747445351,0,0,0,0
109.887882942878,4,366,11,92.43785474388031,0,0,0,0
10260.574425586728,6,331,2,1154.58594861465,1,1,1,1
234.80061485067807,3,587,20,205.98809769066335,0,0,0,0
361.66705520576386,3,109,7,347.73724745902393,0,0,0,0
169.89845414180218,4,1619,2,162.76825839800347,0,0,1,0
14530.565787968533,9,446,10,72.51610683613077,2,0,0,1
294.62213328878784,6,752,14,312.4069618892145,0,0,1,0
545.2041428590848,1,816,0,377.2878712618766,0,0,1,0
407384.25098029186,6,869,12,868.2035537083187,2,1,0,1
2777.8956745245187,8,8,0,653.1238080096955,1,1,1,1
92.83346557668465,2,378,4,136.95010677251858,0,0,0,0
35.41862092559022,1,116,8,56.393664118253476,0,0,0,0
170.5224851138196,6,1442,8,120.61401263371239,0,0,0,0
31.168378993147904,3,1778,1,41.26625163340784,0,0,0,0
178.39459423135273,1,1193,15,219.51221465840143,0,0,0,0
2549.0632633817263,11,18,17,431.8927048508014,3,1,1,1
148.73493973339737,3,822,17,168.30863257556692,0,0,0,0
468.98408368060115,1,404,21,489.22247799291904,0,0,1,0
6641.36490465305,7,27,21,529.7336820723043,3,0,1,1
402.5580572164647,2,674,14,533.7165494247549,0,0,0,0
23328.63380249511,12,21,11,624.0764310405292,2,1,1,1
197.0428604150375,2,1454,9,130.17893778981775,0,0,0,0
154.68913523083324,3,1262,9,139.57967141363144,0,0,0,0
511.69120447828675,3,749,9,662.5245563482995,0,0,0,0
31.972931549021013,2,427,8,42.16639171776307,0,1,0,0
363.6856688251822,2,117,12,506.9247601941932,0,0,0,0
278.35299341406284,4,786,9,430.58746781828825,0,1,0,0
153.28433489992048,4,113,8,149.86875039136177,0,0,0,0
159.9734467126092,3,1470,13,249.16809536838187,0,0,1,0
43.54010182109372,5,966,9,32.95964264504358,0,0,0,0
59.140824901209776,3,57,18,52.55662271956726,0,0,0,0
364.5454619391783,1,500,18,459.14107271170144,0,0,0,0
22.915321303376224,1,1255,10,15.531069330049817,0,0,0,0
89.46911793223322,2,1623,18,88.76790363459796,0,0,0,0
448.5422687982341,4,653,11,303.9492052894889,0,0,1,0
396.5024076139244,4,547,1,557.2335607536908,0,0,0,0
4516.493048464721,7,14,1,483.2783901002683,2,1,1,1
614.8238322679896,5,1373,14,922.2912218447323,0,0,0,0
36.4045478178579,2,1589,2,57.13121967689873,1,0,0,0
77721.48925619469,10,12,1,911.933728784495,1,1,0,1
437.45592464279895,6,1118,20,297.6780450232666,0,0,0,0
776.0411518770045,2,1579,7,468.6279108325226,0,0,1,0
29.26687187726466,1,1785,19,45.97984369615812,0,0,0,0
31.765313768041853,3,1430,6,35.99671045870101,0,0,0,0
3561.8635762625017,6,736,12,937.2604909377433,1,0,1,1
114.72328730791232,3,1593,17,122.01118398150156,0,0,0,0
73.08279956504903,2,1257,11,102.35513760233286,0,0,0,0
439.8875704811731,3,1647,9,689.2822991948044,0,0,0,0
30.26970394093907,3,1084,19,33.28250966022142,0,0,0,0
88.17605148848378,2,1718,9,62.40243973238926,0,0,0,0
17.004659346810463,4,1705,7,22.77267183904983,0,0,0,0
370.5685811104822,1,668,6,468.29258610199327,0,0,0,0
105.29410345360321,1,1447,18,165.55248624988332,0,0,1,0
27.193757494106976,3,903,15,40.50861816100095,0,0,0,0
29002.006328250915,7,4,4,1185.3665662640894,0,1,1,1
55.616592374804334,2,1090,12,79.82768693815312,0,0,1,0
431.34369518856334,2,1053,18,321.0182782722011,0,0,1,0
277.309117093827,3,624,15,287.81836158173155,0,0,0,0
101.34215553422366,3,327,13,66.11066876818546,0,0,0,0
323.6902181697202,2,1614,11,437.51891422157246,0,0,0,0
35850.81117599209,8,1077,13,866.9106292140468,1,0,1,1
460.82477040315945,5,921,8,356.5045553703459,0,0,1,0
57.793288617772454,4,541,11,64.23396988778492,0,0,0,0
403.27024371614584,3,1188,22,416.1450924296571,0,0,0,0
11830.00591420141,11,15,1,591.2735413330478,1,1,1,1
436.6835632076108,2,293,9,551.9261413824021,0,0,0,0
587.4071199050936,3,1065,8,939.4243184074638,0,0,0,0
491.9762429766117,4,1466,22,624.6652632063135,0,0,0,0
106.28625205880725,1,1049,20,66.67776249053215,0,0,0,0
339.07338757768963,2,1062,5,414.9332306129347,0,0,0,0
11523.506031878504,11,11,11,613.0607131088569,3,0,1,1
485.705313774676,4,256,2,624.3162926902842,0,0,1,0
322.9869581580841,1,428,4,345.13921001907454,0,0,0,0
656.5475992876809,3,966,18,931.0791138532768,0,0,1,0
7205.489485558514,9,23,3,628.3258217290373,1,0,1,1
171.8638626620459,2,1137,11,154.9601101287314,0,0,0,0
62.89260745220396,3,809,10,53.81983871170295,0,0,0,0
426.0603578558908,2,1623,9,468.34199720186757,0,0,0,0
201.19260164758956,4,1103,2,241.08735530387926,0,0,0,0
236.99565186197543,3,1370,7,348.6514396404593,0,0,1,0
793.7566215549473,3,309,15,878.0442720516472,0,0,1,0
167992.2848309566,13,23,3,498.4815868346543,3,1,1,1
95.88463915099936,4,510,10,63.75190929160166,0,0,1,0
157.79496581739946,2,138,23,101.81398214525592,0,0,0,0
112.33584664433347,2,1411,10,170.2151422053958,0,0,0,0
111.80840102215873,6,767,11,163.1266286975886,0,0,1,0
26.74128562416271,4,1644,9,16.665878213434777,0,0,1,0
369.5929596242294,1,1281,11,376.7867651559269,0,1,0,0
187.19612119405153,2,332,12,214.99116829314946,0,0,0,0
239.22986368197775,3,767,15,168.13993519022412,0,0,0,0
23.781682238922805,1,1508,16,33.17639540133572,0,0,0,0
17.420877885755502,2,588,23,25.71964534799003,0,0,0,0
140.71347634307955,3,404,13,88.59505146373799,0,0,0,0
45.026738065188205,3,913,14,36.971248418758826,0,0,0,0
112.70578108285733,3,758,15,70.75958296169802,0,0,0,0
251.30006956401223,4,1159,8,216.3377831559619,0,1,0,0
21.571104659948375,4,417,13,15.090637205134481,0,0,0,0
54.867459684177774,4,448,9,79.20541306596706,0,0,1,0
824.9989597920397,4,948,17,902.5958821611608,0,1,0,0
258.34937270661413,5,1017,16,250.78343745392968,0,0,0,0
2500.0,9,482,0,332.6304913904624,2,1,1,1
678.2263768247932,3,628,9,808.0158024756655,0,0,0,0
301.00316036156386,5,1586,19,260.63596610401936,0,0,0,0
151.3226966745705,6,658,8,182.04185930379037,0,0,0,0
403.27060903906124,6,553,17,299.63680586330685,0,0,0,0
561.8616891447709,3,1528,8,362.8904785489196,0,0,0,0
33.303967545863784,3,827,12,31.89509266107302,0,1,0,0
106.61281810602385,2,1128,12,135.04811328828436,0,0,0,0
10375.578799612333,13,836,4,837.3728276509086,1,1,1,1
191.3896393221422,1,999,16,298.81277211180685,0,0,0,0
49.25899486526411,3,1203,12,64.28366687096013,0,0,1,0
19.73791111579872,2,816,12,14.942232378473182,0,0,0,0
662.8118129009239,5,985,10,622.988767462225,0,0,0,0
33.39639008420677,4,999,13,44.20863539146394,0,0,0,0
239.53547007966804,5,1136,2,328.98461352094785,0,0,0,0
281.11347284935886,4,160,6,328.3112393536779,0,0,0,0
240.27772695427757,2,1465,14,262.2342293278717,1,0,0,0
283.9922474174225,4,1498,17,229.84459115310864,0,0,0,0
88.05325017462133,1,61,3,137.02693601012535,0,0,0,0
478.5698620269564,6,1534,6,580.1193447819907,0,0,0,0
12208.262607574106,9,23,13,201.5246144500178,2,0,1,1
243.88340858738664,2,1532,23,275.7188214541565,0,0,0,0
562.0393601342666,4,1442,9,493.2908488114198,0,0,0,0
702.0634817096922,1,1154,21,780.3900090536706,0,0,0,0
384.8215995646149,4,128,10,239.64524184619268,0,0,0,0
260.6674798707212,5,213,12,345.73400705426275,0,0,0,0
52159.73109807454,13,20,0,995.6381137141666,3,1,1,1
83.49899094727718,2,637,8,59.0315038957174,0,0,0,0
18.745410851129908,1,1011,15,14.8895265701649,0,0,0,0
478.4359893029219,3,141,17,319.27846227787705,0,0,0,0
575.0041091586286,1,231,1,773.5007460079911,1,0,0,0
409.64136911194385,4,122,8,347.42664343393176,0,0,0,0
42.38523450123809,3,164,12,26.12919047799311,0,0,0,0
596.7904459396017,5,261,21,872.1803999730611,0,0,0,0
562.7801285545377,6,1228,16,456.2570667733319,0,0,1,0
393.0642679586343,1,516,2,481.68241830510453,0,0,0,0
574.6976286364816,1,758,18,903.3465902068529,0,0,0,0
7378.411963171398,8,22,15,595.5175434869386,2,0,0,1
20.719757985526172,4,901,8,12.660064302713403,0,0,0,0
363.97773049068644,1,1183,17,276.47966966102985,0,0,1,0
686.7327103829401,5,1539,8,814.1154676075784,0,0,0,0
225.20612807317033,2,1232,14,246.8197397813905,0,0,0,0
721.421446505209,2,448,13,451.9313240537112,0,0,0,0
476.75958825137906,3,156,9,433.48197657622933,0,0,0,0
465.2177153994114,3,785,7,577.5717005491788,0,0,1,0
57.548678200056244,1,1751,10,76.83345467850974,0,0,0,0
248.08886031991923,6,357,15,230.85419609613774,1,0,0,0
67639.76631364896,9,6,19,93.12271385760064,0,1,1,1
79.37542724434533,3,1644,12,66.56205581973279,0,0,0,0
406.512527757967,2,1080,18,619.7226100298327,0,0,0,0
68.83258911707293,1,1220,6,69.25679518625067,0,0,0,0
89.00776973363894,1,207,11,142.05355422212526,0,1,0,0
20.814179774510507,3,232,21,19.529851992619506,0,0,0,0
32.236079921830225,2,132,16,51.57298272474112,0,0,0,0
2500.0,9,1,4,525.573894060876,1,0,1,1
218.7848430056783,3,1092,5,166.425476805925,0,0,1,0
192.6208575882537,2,839,10,294.2446002676517,0,0,0,0
309.3241776932968,2,506,19,290.5573830142759,0,0,0,0
256.30551067455326,3,825,11,250.6736990878268,0,0,0,0
21.09174957843465,2,198,10,16.13630985616609,0,0,0,0
1108.5159728791261,4,1648,16,1431.277846487085,0,0,0,0
120.05168991295155,3,577,16,107.03775052670636,0,0,0,0
74.45627438326221,2,1265,21,96.56838644542636,0,0,0,0
41.745413036417354,3,924,12,40.84521047279582,0,0,0,0
121.27162022117048,1,711,17,183.68464432277352,0,0,0,0
292.060513339837,5,721,10,398.5510838053018,0,0,0,0
189.81253058544777,3,966,18,139.52831922604824,0,0,1,0
289.74825221477204,4,842,13,266.98641182391253,0,0,0,0
11151.454443278622,5,8,23,628.937877323101,1,1,1,1
204.77871515606296,1,1224,16,144.64347129205586,0,0,0,0
417.96844069663035,5,1596,13,661.28268911169,0,0,1,0
486.6893966516848,4,905,7,302.4754926312365,0,0,0,0
47.96315742510643,2,615,12,68.13246895065687,0,0,0,0
175.4959758468724,2,1289,22,129.0080911563116,0,0,0,0
37.05447145351357,2,1546,14,23.78068403944887,0,0,1,0
100.50625259429283,2,168,14,98.36812802436236,0,0,1,0
233.05406858757505,1,594,16,140.3450771978746,0,0,0,0
2565.859648797079,8,13,10,797.2689651861023,3,1,1,1
887.1179321991667,2,301,8,980.7315314121217,0,0,0,0
404.40900189522824,4,780,14,423.89676554961414,0,0,0,0
88.26607188120823,5,47,10,120.44597932714808,0,0,0,0
42.53805848861216,4,1510,9,59.982226442536295,0,0,0,0
196.24197709901037,4,564,8,168.03578056470326,0,0,0,0
427.0416726488932,4,1419,15,481.4111328213823,0,0,1,0
758.7082161968565,4,1219,11,573.907901329887,0,0,0,0
2796.1330899260474,7,12,12,396.6632286850334,2,1,1,1
77.15487567857937,2,205,21,80.99761681103935,0,0,1,0
897.6924172680384,3,859,7,1220.2037904264937,0,0,0,0
113.71722431820778,1,1438,21,82.33134018611962,0,0,1,0
176.02006394049533,2,1644,8,271.75025248588713,0,0,0,0
35.29965574036895,2,116,12,33.96190572309331,0,0,0,0
163.12036321411148,3,966,13,108.72235659389533,0,0,0,0
87329.05663910927,10,26,3,560.306853228288,1,0,1,1
167.80871078130764,2,1793,8,135.23284614915192,0,0,0,0
69.33056043190498,4,115,7,89.7786667414219,0,0,0,0
8375.940176584096,6,27,21,198.98885499943225,0,1,1,1
442.56297596413754,2,268,12,362.39431430216524,0,0,0,0
114.22622689880625,5,582,11,130.37714385401492,0,0,0,0
13368.026580120177,8,982,14,65.43232843533892,1,0,0,1
151.28388564682652,2,222,20,149.48523788181848,0,0,0,0
12.338475605487073,1,721,22,10.894079743214967,0,0,1,0
77.72843065521957,3,226,16,120.57141824997129,0,0,0,0
192.45820175621236,5,458,7,193.65225697513898,0,1,0,0
151.52789842570093,3,1433,5,199.02176270884635,0,0,0,0
23.890764308328684,6,1539,9,16.727180754133446,0,0,0,0
326.4746215885153,2,390,17,293.1142576962902,0,0,0,0
183.81103330450546,4,694,8,174.27630848650546,0,0,0,0
371.57874178332185,5,1736,15,469.1090652049606,0,0,0,0
227.7247356189253,1,1429,22,256.1157088388691,0,0,0,0
10161.762281175044,10,322,16,1055.90898679558,0,0,1,1
483.35903834277207,3,272,10,441.28343950859977,0,0,0,0
122.4465236372326,4,1710,13,136.9976388584152,0,0,1,0
12096.453411665141,9,21,5,968.1719504938065,1,1,0,1
14556.766168409718,7,308,16,101.12412602961746,2,1,0,1
6477.085259003138,8,6,14,168.48306307968357,2,0,0,1
252.8896305939895,4,1147,10,264.00713407418385,0,0,0,0
180.512399143339,3,1310,10,198.4480148271333,0,0,0,0
2500.0,9,757,18,644.1146503516511,2,1,1,1
232.3627503883099,3,1028,13,308.22144603665464,0,0,0,0
18839.813218920593,7,419,1,500.6366272549295,2,1,1,1
193.53914066207724,2,1307,5,139.9656139186197,0,0,0,0
38.68452387542901,3,611,5,42.88849903436244,0,0,0,0
37.91461694998439,3,1402,0,30.94496375373593,0,0,1,0
319.6495582052268,3,1017,13,351.1183413923884,0,0,0,0
351.8335542030533,2,116,9,470.7936576498177,0,0,1,0
277.7639808678274,6,1678,6,423.1877218820829,0,0,0,0
82.51532374805132,1,731,15,122.0399024423078,0,0,0,0
181.63994272493065,3,541,19,122.56653665665328,0,0,0,0
352.0131782142931,1,1173,8,556.1461389680327,0,0,1,0
190.80746727527952,2,1168,12,189.78774149227985,0,0,0,0
244.3272056416499,1,1553,10,301.6064239257979,0,0,1,0
266.57921626673686,1,422,11,206.41469124097614,0,0,1,0
37557.03759793114,11,14,6,371.90332060509405,2,1,1,1
78.68982259941339,2,1328,1,122.33084474279991,0,0,0,0
9898.90964847781,14,11,1,707.1333358210467,2,1,1,1
39.3030618298376,2,1683,16,45.54056696285908,0,0,0,0
173.76378435889774,6,277,18,186.39480958773274,0,0,0,0
1279.719276707581,6,1773,19,1465.696258787693,0,0,0,0
42.23140736027661,3,406,13,48.884183752632566,0,0,0,0
247.936466027718,3,293,21,360.66967842477754,0,0,0,0
102.5011616032598,4,573,7,78.84750578550677,0,0,1,0
293.0861508052557,2,86,12,188.78447873851758,0,0,0,0
439.59225481597963,1,1671,9,444.8936585740332,0,0,0,0
41.6227489827928,2,718,11,43.16890248638819,0,0,0,0
313.0001696470523,3,33,15,353.0472009653286,0,0,0,0
34.89113372274374,2,460,18,46.190851458702916,0,0,0,0
527.6503380132806,5,1529,9,476.9008535793404,0,0,0,0
1134.6561163355393,2,1468,9,1034.8660416033626,0,0,0,0
282.6701281848791,4,1002,8,372.79882917151764,0,1,0,0
269.420488409189,5,1501,15,343.6155231093102,0,0,0,0
64.88315677119081,6,989,4,77.48815431825997,0,0,0,0
326.0735089291995,4,570,17,400.12055481822904,1,0,0,0
235.08912371074288,3,546,10,163.92174675933367,0,0,0,0
1088.864640514523,2,906,10,1566.2496688099725,0,0,0,0
97.8070104483958,5,1052,7,86.04472968947798,0,0,0,0
190.40251791295842,3,626,18,278.6183934460975,0,0,0,0
51.43999449692985,2,1646,4,61.27144391990532,0,0,0,0
142.20514172631147,3,1162,19,154.0606383403894,0,0,0,0
136.55387068969958,6,397,16,128.58039658003406,0,0,0,0
129.90897723266832,4,433,13,188.62625601401706,0,0,0,0
3267.336389538813,9,1186,15,731.4451778336024,1,1,1,1
392.1489146144626,4,1706,10,304.5817483713315,0,0,0,0
6629.96274934272,12,22,14,996.9056778556538,0,1,1,1
145.1960531371169,6,771,9,131.79695931214525,0,0,0,0
216.5453900461293,1,1789,15,253.31191651386592,0,0,0,0
262.77219894496363,3,1737,1,293.3641822818085,0,0,0,0
300.6996481089471,2,318,14,406.04598320953863,0,0,1,0
79.28620338993154,3,1388,19,86.99299785539634,0,0,0,0
701.6019416268829,4,34,10,924.011824949775,0,0,0,0
218.4268475680016,4,980,10,188.1331637360525,0,0,0,0
948.3387430867037,3,298,18,1469.8803841014171,0,0,0,0
75.88454125442082,3,1732,7,93.10551849678002,0,0,0,0
697.8557425795601,4,653,19,625.7731475645415,0,0,1,0
107.88171456015925,3,1491,19,65.12119102052652,0,1,0,0
42721.890231014324,8,23,1,413.7664048402874,0,0,1,1
277.83027152561266,3,390,16,443.9732540398207,0,0,0,0
759.9913344124636,1,583,14,1200.7857519349536,0,0,0,0
529.8393763515886,5,1353,7,396.35317753767123,0,0,0,0
400.19817339106527,3,1564,18,451.7162191741159,0,0,0,0
93.93343594706249,2,1770,9,84.4343263041461,0,0,0,0
230.48221626640645,3,255,6,354.215284470035,0,0,0,0
131.75794784169352,3,1050,12,86.69982329429736,0,0,0,0
10185.753042481121,13,540,13,897.8840980808483,2,1,1,1
395.21182317918976,2,1681,13,490.17703314727544,0,0,0,0
440.36945271626655,1,1340,8,414.8796317564583,0,0,0,0
461.3201752537765,5,1397,18,434.85319975334806,0,0,0,0
14.330539171054003,6,1780,12,9.989520366929403,0,0,0,0
97.77338337710977,4,1681,19,144.73553581652143,0,0,0,0
469.86402659939387,4,911,8,313.9731787499467,0,0,0,0
4980.0861809723065,7,29,13,793.5480547996455,1,1,1,1
1327.9829941841663,3,305,8,1267.9779045524094,0,0,0,0
325.61944760313946,2,1574,9,287.455741463971,0,0,0,0
18.101046393201603,3,683,11,15.959164047117337,0,1,0,0
56.78652464116675,4,844,18,74.28064391024805,0,0,1,0
95.8490774535556,2,1266,9,81.24760824748923,0,0,0,0
423.09384159156303,4,376,18,349.37674678571904,0,0,0,0
103.31445611615246,1,606,12,145.48514767288987,0,0,1,0
104.15630424382482,2,1118,12,94.18978214905306,0,0,1,0
12953.945792571856,9,858,9,743.6104631480229,2,1,1,1
409.8015949503905,4,1657,0,302.20578987209035,0,0,1,0
111.11263067634543,4,1589,10,98.54599632120052,0,0,0,0
44.49380492810396,3,136,10,55.20239869214104,0,0,0,0
358.98766205870095,2,1427,15,245.56742305716736,0,0,0,0
565.1477600461334,6,855,19,718.6126282340954,1,0,0,0
2706.8700398153323,8,8,23,666.0963463773829,2,1,1,1
54.010425412560494,3,702,6,76.77033089501882,0,0,0,0
59.38589003998872,3,139,18,56.79730578270476,0,0,0,0
2500.0,9,28,15,924.2928347858365,0,1,1,1
413.8764465044949,5,660,10,505.0279672528734,0,0,0,0
12312.973034107941,8,572,4,294.48201211823215,1,1,1,1
140.4580805883449,2,1552,16,90.2809511936559,0,0,1,0
534.6521594751986,1,1063,12,428.66225741252987,0,0,0,0
161.76609000676112,2,729,6,211.7445012245152,0,0,0,0
485.2488667296378,3,1646,15,618.5059919171828,0,0,0,0
5653.768937022026,8,10,0,926.4403741663965,2,0,1,1
694.3066084813028,2,1497,22,471.14307849556076,0,0,0,0
76.10063751553415,6,894,14,64.15472271576546,0,0,1,0
37.977232508840245,4,1124,17,53.24122050906709,0,0,0,0
122.82066966453672,3,1052,9,192.93149368065983,0,0,1,0
141.5456467865521,1,615,8,201.9811166108889,0,0,0,0
233.4283004499507,1,1453,18,212.792677441909,0,0,0,0
228.1410623583121,2,851,8,200.85187020091868,0,1,0,0
51443.6090633711,7,907,23,1150.7726248997117,0,0,1,1
324.73925460607705,4,1622,4,514.4817191649137,0,0,1,0
265.9065106553463,5,577,19,379.82687823974084,0,0,0,0
33.35978649473987,2,703,11,47.14577781379146,0,0,0,0
203.67678453456512,2,970,11,304.22044439271593,1,0,0,0
168.62622501706454,3,966,21,228.89032429780065,0,0,0,0
412.1786134824751,4,675,13,608.2888021175243,0,0,0,0
290.2345512269664,5,297,11,360.1478942403157,0,0,0,0
223.0309003282509,3,878,21,161.8712273143893,0,0,0,0
74.2955319692285,5,291,15,80.37957062157977,0,0,1,0
93.90146205386164,4,585,17,116.24149717837503,0,0,0,0
71.70215591737639,3,514,20,55.942611476611404,0,0,0,0
373.7460461098424,3,1542,1,390.23160932668236,0,0,0,0
1006.3598288927354,3,1414,15,731.4882603204602,0,0,0,0
14214.258629332195,13,53,2,555.8006099272443,2,1,1,1
162.60996272316208,6,72,19,153.24786380635567,0,0,0,0
378.7538709489037,4,766,15,400.82618101844884,1,0,1,0
437.63324125430984,3,1220,10,399.0278485565458,0,0,0,0
417.35723649886984,4,1629,9,405.3661302761755,0,0,0,0
158.04245205403635,6,277,12,222.54295144922773,0,0,1,0
25.584980275205467,2,416,9,29.678539705785727,0,1,0,0
297.35187144469126,3,848,19,246.1003627114869,0,0,0,0
627.6710305043858,3,1602,22,427.561664924796,0,0,0,0
54.23900598352076,3,713,8,71.16530940997485,1,0,0,0
249.9734940524885,3,1269,16,371.4661599716879,0,0,0,0
300.10896334260167,4,864,12,465.55638286173127,0,1,0,0
448.4116129696063,4,794,9,574.579876467263,0,0,0,0
92.1187577026627,5,434,9,110.81842337955148,0,0,0,0
257.1484225918241,3,210,17,387.9623172153817,0,0,1,0
163.2391893023257,4,61,6,211.28373033547769,0,0,1,0
113.77075703190091,6,134,18,113.97091925368976,0,1,0,0
211.5068578670434,4,599,15,250.15831221572995,0,0,1,0
195.5807676969776,4,700,3,167.81400506181427,0,0,0,0
176.29574179381245,3,1329,5,258.8205858051513,0,0,0,0
310.60006901802205,1,1480,18,432.1073311475338,0,0,0,0
14.09420354358513,4,626,5,8.872369332224656,0,0,0,0
119.77534263074767,3,540,13,140.69938166239956,0,0,0,0
127.73419718188909,1,1030,15,146.2237936347164,0,0,0,0
221.02808410891387,2,814,7,346.8842109467958,0,0,0,0
668.5261882401447,4,784,14,659.2989040346072,0,0,0,0
8209.416071840173,9,144,7,387.9289315313061,0,1,1,1
122.84664245783148,2,348,15,77.17198950574443,0,0,0,0
261.529031263805,4,1656,1,237.68941957539963,0,0,0,0
31.847677208359052,5,467,0,41.09291111474534,0,0,0,0
49.829708978238585,4,906,14,67.93299158317431,1,0,0,0
2576.251798350009,9,168,5,764.5188433198338,3,1,1,1
119.54768298983896,3,625,10,178.98573622896285,0,1,0,0
91.02231352583529,2,1517,8,79.27337642065916,0,0,1,0
222.6096608850495,2,684,9,259.66289463480473,0,0,0,0
125.4048432386646,3,942,19,146.2918475778277,0,0,0,0
130.88253172945934,3,1175,18,117.99419013254084,0,0,0,0
135.06850550625205,2,715,18,204.22108687061385,0,0,0,0
35.936802049314245,6,685,8,32.120459359870765,0,0,1,0
2500.0,6,892,1,964.9653164780473,1,1,0,1
48.780011389672495,3,841,22,55.03029886116504,0,0,1,0
64.4352601805976,6,1607,14,96.21999230911999,0,0,0,0
119.03515384163501,3,81,6,174.4004491255956,0,0,0,0
1249.207151981508,3,630,14,942.6060731300691,0,0,0,0
785.9140585171714,4,1023,8,475.5164558395757,1,0,1,0
337.03574204197616,2,1766,19,494.95138329023064,0,0,0,0
512.8077161199849,5,1269,10,365.75728267816964,0,0,0,0
118.5552722952953,3,617,14,138.15494613188693,0,0,1,0
6989.226930720624,6,6,1,70.34445620624707,3,0,1,1
20698.617479117416,8,42,1,453.45769194957444,0,0,1,1
39.80768466146515,4,856,20,44.19087492791591,0,0,1,0
40.863855874466324,3,1563,11,53.49698991642698,0,0,0,0
172.09595335889543,2,1467,12,264.7123283751327,1,0,0,0
18.159100272708397,3,1311,12,28.654286467791874,0,0,0,0
4884.318785743445,12,10,4,813.7523442123161,2,1,1,1
761.6025328079858,6,198,11,716.3763875902182,0,0,0,0
171.72735035527205,3,831,18,114.69098478491844,0,0,0,0
266.78567201239684,6,1396,7,328.9431197406366,0,0,0,0
419.8340734224679,5,629,8,350.4176988282193,0,0,1,0
44.73112245624625,2,348,14,61.28735679701992,0,0,0,0
127.88516632643802,2,420,20,76.90928615335703,0,0,0,0
920.5029113324958,4,971,15,787.3607038887009,0,0,0,0
177.30893546102823,2,1693,6,218.15423821482975,0,0,0,0
716.019143861823,4,170,14,1044.902999342029,0,0,0,0
3243.392334280987,13,669,3,1123.7634737421092,0,0,1,1
58.52119133898818,3,902,9,88.65213232353699,0,0,0,0
291.6163462562457,3,1176,16,278.6481455421784,0,0,0,0
11172.622589696184,10,4,2,952.0419250965131,3,1,1,1
853.6664485554185,5,390,10,1067.6586331637154,0,0,1,0
75.65513749666509,1,276,6,60.06623780517803,0,0,1,0
452.4659428258603,4,998,16,629.0988131676601,0,0,0,0
205.61727529890953,3,1345,14,290.8115345243566,0,1,0,0
3557.821474368403,12,921,1,901.4447401844452,2,1,1,1
46.86692933347232,6,1289,16,31.841129400334832,0,0,0,0
120.35935405103928,3,723,15,125.84820430383995,0,0,0,0
52.309657507525145,6,613,12,63.69677760630406,0,0,0,0
17.131122198606462,1,1485,22,21.340458277402217,0,0,0,0
33.06352022151738,2,60,5,50.811309478309205,0,0,0,0
227.68989503783524,3,317,6,354.2460835978516,0,0,0,0
444.0202484694278,2,438,13,371.7529435723891,0,0,1,0
151.55547125317912,6,968,13,169.60239667624253,0,0,0,0
278.4609730344718,4,878,4,438.6881506714369,0,0,0,0
118.16425225335836,4,190,0,128.71638740410083,0,0,0,0
69270.4286349517,10,694,6,1081.7739557734405,2,1,1,1
376.86025574021676,1,1341,7,386.80264643569154,0,0,0,0
1438.2199716999837,3,134,17,1478.3184047775153,0,0,0,0
20.026432525003855,2,780,18,30.682763362979575,0,0,0,0
37.845031915789946,4,1079,7,46.8574334677359,0,0,1,0
23.259851096795387,3,667,6,17.85965655855063,1,0,0,0
22.14415123048017,3,1528,4,31.679939043854382,0,0,0,0
264.0918121442521,6,40,23,224.6620631947348,0,0,1,0
107.85192671427917,3,1002,10,133.6356544023021,0,0,0,0
506.3495324843963,2,469,8,769.1492854701643,0,0,1,0
574.7924515077239,3,1058,11,892.7283958431567,0,0,0,0
227.53448962792606,2,1509,23,282.07354891616984,0,0,0,0
149.45354847710684,2,1627,9,194.22486990408714,0,0,0,0
100.31715315998906,4,1357,14,130.25421114743952,0,0,0,0
344.77388309335015,6,1367,16,324.3453661602881,0,0,0,0
295.73342315654253,3,611,2,421.3238636733548,0,0,1,0
237.14928251022664,6,309,11,177.90250987034048,0,0,1,0
9201.869219661385,7,7,3,1004.3224210268137,1,1,1,1
580.7705025166192,5,287,19,540.6475356094508,0,0,1,0
5868.6762669484,8,679,4,529.4187033881472,1,1,1,1
735.2149318314486,4,1314,9,789.529126453956,0,0,0,0
308.5163561683133,4,415,9,426.42508807568845,0,0,0,0
383.59447958459293,4,799,9,487.50822629891866,0,0,0,0
21.160687933834865,5,239,5,22.396843203588254,0,0,0,0
255.76873983583206,1,1525,18,254.345068762932,0,0,0,0
186.20841181541817,2,976,9,218.5889361547512,0,0,0,0
136.27003282479492,6,1546,9,106.7835056689307,0,0,0,0
12616.551371410294,11,5,2,212.52137595671425,0,1,1,1
7897.626486462253,6,354,2,305.12311122877526,2,0,1,1
238.47626193970603,3,423,17,346.798396757913,0,0,0,0
57.28212927830412,3,1220,15,67.89549793503805,0,0,1,0
195.93770803598053,3,750,12,214.21926044491087,0,0,0,0
7789.777748504179,13,445,13,777.4279595039721,3,0,1,1
206.09399135106506,2,1588,18,281.5617982347203,0,0,0,0
87.91662478931909,5,737,12,63.36280111126918,0,0,0,0
130.4637271882628,3,1569,0,141.15849778586528,0,0,0,0
158.502603256355,3,1169,13,125.17883677860371,1,0,0,0
4562.5992054846465,3,23,1,765.4103648046927,1,0,1,1
3379.505376233599,7,17,20,653.6080277805257,0,0,1,1
22.78652272646137,5,265,6,18.42443466137627,0,0,0,0
276.8845993540598,4,283,3,235.1796333936618,0,0,0,0
182.41615406490237,2,1634,19,240.73300947572255,0,0,0,0
70.99304450803368,3,832,7,61.29374311780842,0,0,0,0
433.5146535182102,2,688,10,513.7673928090252,0,0,0,0
79.00474046257483,2,1723,12,54.213453686061115,0,0,1,0
77.78116215096831,3,1667,17,95.32725613730628,0,0,0,0
206.06569553734852,3,994,11,168.04327038828268,0,0,0,0
147.0601714109344,3,119,10,212.96713656751803,0,0,0,0
40.58320523618371,2,652,14,36.79365468769516,0,0,0,0
292.42690076182197,3,1728,20,266.9957682805379,0,0,0,0
220.3031992519718,3,1169,19,244.78805811154137,0,0,0,0
60.496542736331605,4,1318,17,84.3527346766983,0,0,0,0
17314.954698678604,10,17,21,1171.517458051191,1,1,1,1
318.24668777117205,4,1439,15,428.0371958720892,1,0,0,0
99.37994045311942,4,508,10,152.3212362040399,1,0,0,0
152.47594247761572,2,1162,18,144.75382407607634,0,0,1,0
196.27768248519232,3,1605,18,187.43736895794837,0,0,0,0
1003.290866993602,3,820,16,1589.118167153662,0,1,0,0
507.84200808663013,3,1080,18,664.276423892648,0,0,0,0
217.7817369392217,3,608,12,207.558845857326,0,0,0,0
1024.0923040059206,4,308,13,898.7919042657019,0,0,0,0
337.12289759934225,5,970,12,226.57210715820761,0,0,0,0
12262.6377048711,6,11,8,265.85652436692305,2,1,1,1
398.91611369165037,1,1530,2,447.42237238418335,0,0,0,0
2500.0,7,12,9,886.8077532738854,1,1,1,1
16.428537183161758,2,1472,19,16.728263578746244,0,0,0,0
19.353141459548958,3,1612,15,18.563658795275423,1,0,1,0
9174.133362011482,9,289,19,591.1691206001624,1,1,1,1
268.3109493630063,2,280,17,386.89293286188405,0,0,1,0
6243.425353716325,6,708,5,716.7631361583292,0,1,1,1
84.47755005545643,4,1708,8,110.1800504338754,0,0,0,0
123.09964056526954,5,484,7,76.28707929025975,0,0,0,0
11489.553998508858,6,684,2,885.0993161646234,0,1,0,1
988.4132743951479,3,805,16,1257.0094349613712,0,0,1,0
243.1234867413974,2,184,12,281.94381145281625,0,0,0,0
316.09330000483857,2,1403,19,265.4281721487393,0,0,0,0
1361.834955305526,6,268,3,1019.3873213054665,0,1,0,0
200.04657026555248,4,1656,10,317.1987101936768,0,0,0,0
455.4127434179219,3,626,20,462.3366247311902,0,0,0,0
406.35799670875053,3,90,17,464.508812811686,1,0,0,0
567.9657552054568,2,1675,13,413.113930794891,0,0,0,0
573.9416885826533,3,1274,7,408.66352157624124,0,0,1,0
589.3887743681593,1,1736,14,857.9834737167628,0,0,0,0
1222.5029379707107,3,731,13,928.7112370938036,0,0,0,0
98.71399751997326,2,897,9,152.38664859784333,0,0,0,0
260.95945678440955,6,1701,18,252.65082717827187,0,0,0,0
432.8591692495793,3,1277,21,431.96920256034105,0,0,0,0
202.57226358616745,3,176,6,249.67916536564223,0,0,1,0
185.6753308770753,5,941,9,147.75597484315784,0,0,0,0
551.6614474711022,4,1686,15,876.4782648973406,0,0,1,0
358.69691451461836,4,727,11,304.8355680461249,0,0,0,0
185.813544226255,3,286,12,235.80114519206188,0,0,0,0
191.20901717444278,3,791,10,250.32700115650792,0,0,0,0
225.7302093483273,3,1566,21,308.927534943799,0,0,0,0
5309.028640432154,7,28,4,955.3907550137782,1,0,1,1
18.499492467119488,4,407,8,22.040574133218833,0,0,0,0
625.1504681434744,2,1555,12,517.7594120574818,0,0,0,0
25.087574077983554,4,203,16,37.00235235603285,0,0,1,0
41.751517102525824,3,1418,4,36.22903479875791,0,1,0,0
1538.0566336168636,6,1346,18,1075.7280542246908,0,0,0,0
140.3549830504027,5,436,17,153.3130067791208,0,0,0,0
141.84364856251298,2,1789,16,90.64569273321096,0,0,1,0
127.48672734339618,1,456,17,93.58569020599145,0,0,0,0
18.564128806894946,5,358,5,29.32896702247836,0,0,0,0
8096.442026003729,5,680,1,845.6425606816216,2,1,1,1
109.07367348203776,4,1029,20,173.70873733491933,0,0,1,0
46.03642976411604,4,751,8,43.43787734057205,0,0,0,0
622.8133978583951,3,1064,8,795.5766319621822,0,0,0,0
348.94438040709906,3,1733,8,213.42273376051506,0,0,1,0
8255.494366724295,8,11,8,1095.2281794483526,2,1,0,1
311.1501330715225,3,1015,10,323.947657840169,0,0,0,0
25.40563397040612,2,1660,9,29.753972874330458,0,0,0,0
47.718749556257976,3,1747,21,38.99385637328264,0,0,0,0
225.44671023491122,3,1039,14,207.85175483683184,0,0,1,0
672.2590189273691,2,1108,21,1056.1031277836137,0,0,0,0
271.9152103229519,3,361,21,429.0675186604829,0,1,0,0
37.58776938716998,3,867,14,44.05464756162805,0,0,1,0
107.17690135908005,3,1791,8,121.8768309920802,0,1,1,0
33.52980427782781,1,1452,9,21.320346924779766,0,0,1,0
297.4090587461555,2,1548,11,222.53406059184974,0,0,0,0
75.2490923127716,6,865,16,95.76243258124232,0,0,1,0
467.1138910536966,1,874,8,661.5564183106762,1,0,0,0
211.9860837990441,2,927,12,210.83346724254739,0,0,0,0
78.93714285550105,1,1500,20,106.17308136362787,0,1,0,0
743.2186881212995,4,45,19,727.9899938114453,0,0,1,0
562.1397010654376,2,1220,9,707.4760535289519,0,1,0,0
109.94423428277418,2,515,13,74.06243810051498,0,0,0,0
155.91813608247057,5,519,9,164.43289292312502,0,0,0,0
747.4587299110951,6,476,17,1072.4353763916524,0,0,0,0
261.678629458319,3,699,12,202.97656421251668,0,0,1,0
166.1772391203399,3,1027,15,246.24951785337626,0,0,0,0
24050.34287951034,13,4,4,1183.5890343556396,3,1,1,1
22.498881269725324,2,1429,6,17.13321831370576,0,0,1,0
1461.49556538362,3,1113,8,1643.7655204737869,0,0,0,0
387.5142192677265,4,1365,15,409.2724736083472,0,0,0,0
277.5928403542598,4,1782,16,385.20668469114906,0,0,0,0
28.046226267386082,2,343,6,18.191735949457087,0,0,0,0
3607.1282197898345,8,12,18,1009.4256481844665,0,0,1,1
18787.927363174673,11,16,13,1198.6549586427489,0,1,0,1
479.910167043386,3,1700,5,646.6800229841575,0,0,0,0
18.547881234487456,4,321,17,11.939552468628884,0,0,0,0
6657.791534263258,7,11,7,365.03158714732507,2,0,1,1
12.454723846140807,3,526,9,7.746158467099122,0,0,0,0
411.12549275556927,2,773,19,477.88010204015745,0,0,0,0
275.2577101487432,5,503,20,182.32923562299456,0,0,0,0
2500.0,9,567,4,479.0655226372482,1,0,1,1
18.633880886052953,5,1214,15,18.20473115213028,0,0,0,0
198.45568808112984,1,1746,12,122.34492795413767,0,0,0,0
233.65855023987163,4,1107,3,189.34773641782965,0,0,0,0
58.84617786729295,4,108,12,38.358645869843976,0,0,0,0
81.03552499494897,5,130,19,77.62041780941135,0,0,0,0
70.81284159315207,2,306,10,70.1548608611781,0,0,0,0
100.28851001288754,2,1407,7,142.01046935078185,0,0,0,0
8400.20370039723,6,9,4,188.19390818059713,3,1,1,1
94.58183567796378,5,1262,19,78.55939415032009,0,0,0,0
293.9041321494355,6,1164,13,177.04785561495254,1,0,0,0
177.52124873465087,3,796,10,223.53119480485262,0,0,0,0
251.62154729417682,2,54,6,374.96115040644594,0,0,0,0
121.44507387197508,5,1693,4,147.02365671304275,0,0,0,0
67.29708578912815,3,1289,8,65.03318380633209,0,0,0,0
526.649423284359,2,105,10,577.060789879984,0,0,0,0
60.20127155215638,2,1098,6,75.76605108971435,0,0,1,0
25.916138124020772,3,577,8,30.947902569063977,0,0,0,0
41.38300644034336,2,930,12,52.17016946741528,0,0,1,0
26.560248657189074,3,214,15,34.92904141286321,0,0,0,0
242.96192564715454,4,552,19,295.7272177202368,0,0,0,0
60.32569655737055,1,929,9,49.480725221293596,0,0,1,0
2500.0,11,430,2,904.9203225511177,1,1,1,1
643.8527469321788,2,30,8,547.8810033449828,0,0,0,0
21776.878469811563,10,92,11,1068.8754112492445,1,1,1,1
107.5310998580826,5,224,17,106.43225560582724,0,1,0,0
456.00845608387164,3,669,8,507.5546763637969,1,0,0,0
253.13721681670967,6,1158,6,321.92871534277987,0,0,0,0
2500.0,11,1100,2,863.2142713743683,3,1,1,1
16843.855121287434,6,201,2,968.7601077670826,1,1,1,1
11.455169039625925,3,881,7,8.704888395000687,0,0,0,0
752.3025665467287,1,516,19,505.4317187885478,0,0,0,0
20.04717213271354,2,293,7,18.649842218879318,0,0,0,0
3047.8019810612304,8,930,2,720.3824800247992,0,0,1,1
572.8484316745868,2,1593,0,900.148741055132,0,0,0,0
55.66545738037908,2,1443,13,65.8213595393078,0,0,1,0
540.2882062216985,1,38,18,858.5846724205711,0,0,0,0
161.27945643792822,2,551,12,174.8305419155776,0,0,0,0
525.9621396999879,2,314,19,665.2725561598991,0,0,0,0
28.92395601456312,2,565,10,45.58429643405359,0,0,0,0
783.2674502401541,2,63,10,970.8368508089859,1,0,0,0
3362.127705070039,9,24,17,331.9593944880841,1,1,1,1
30.1631268670858,5,962,17,45.96359525514159,0,0,1,0
250.0568847100924,2,1495,20,347.63330002583785,0,0,1,0
395.84819546889656,2,1739,7,495.91456215546395,0,0,0,0
230.61457616025507,3,805,19,139.18625639134981,0,0,1,0
453.2584239381532,1,1242,19,497.3697173167356,0,0,0,0
70.34541137977749,2,1114,8,48.64999760477173,0,0,0,0
864.8748901313521,2,1498,16,583.3629539417736,0,0,1,0
23.418209573956013,3,1266,1,15.356265189808456,0,0,0,0
17403.668899206234,10,13,11,232.81205835670295,2,1,1,1
179.4248699078761,6,1550,9,229.134062086864,0,0,0,0
63.47661663161128,2,1492,19,76.91797646243658,0,0,0,0
199.86813037768758,1,1415,9,287.5536565534668,0,0,0,0
913.0773515407315,5,270,9,1431.2202970345515,0,0,0,0
20.056275301344773,3,1270,16,22.564769715271353,0,0,0,0
26.763044627670464,1,1330,17,20.682621785190445,0,0,1,0
227.77456124557125,2,1104,16,223.5900751072284,0,0,0,0
860.5955709838718,4,264,8,839.0254272384115,0,1,0,0
182.16758594461288,3,856,14,175.54196240899972,0,0,0,0
189.69562032213736,1,1355,16,119.13871472044175,0,0,0,0
227.6132670731109,4,371,15,207.74471005316116,0,0,0,0
276.228125299655,2,1188,17,188.65219578038932,0,0,0,0
232.17513530348572,2,1457,10,334.47257889500054,0,0,1,0
96.26537035050247,6,861,9,73.52441690590501,0,0,0,0
887.2607178004761,1,882,13,774.5323611020044,0,0,0,0
88.37641323765126,4,1764,16,53.436399211725764,0,0,0,0
83.48226006224442,3,1201,9,105.62798684941068,0,0,0,0
144.49364243621116,2,327,11,130.36292542875495,0,0,0,0
322.10838281716656,4,1774,12,305.1628190597259,0,0,1,0
55.62930546885841,4,329,11,79.9410786221622,0,0,0,0
106.48223474942363,4,769,10,113.84140972306359,0,0,0,0
147.62350507835149,3,621,6,171.19606304282843,0,0,0,0
332.53410930509443,6,1079,17,512.140349871555,0,0,0,0
171.55716329747867,5,1099,8,267.331726796431,0,0,0,0
111.50938615809558,3,433,6,125.18354552477345,0,0,0,0
3018.9439440393335,5,27,0,412.44154357983564,2,1,1,1
340.43387446936373,1,1531,6,509.4274586073362,0,0,0,0
162.98379926249973,6,517,12,103.7130675736309,0,0,0,0
45.45182097603238,4,1485,12,37.90611300981447,0,0,0,0
888.791289484953,3,1386,8,854.7638291759797,0,1,0,0
140.86925870633382,3,220,19,148.11542526040893,0,0,0,0
36.2234099264608,1,673,12,54.187333490983335,0,0,0,0
355.4026736209557,2,636,8,528.2763468447199,0,0,1,0
17.005193364008726,4,501,1,16.300734708508607,0,0,0,0
108.59054733850495,4,434,14,152.40756532419596,1,0,0,0
203.69442552137212,4,962,12,179.80519856254085,0,0,0,0
20.272695943866854,5,1076,19,28.292132857468555,0,1,0,0
264.80240339212526,3,1046,13,388.3087835334433,0,1,1,0
88.67939733393641,3,1625,19,120.56644162834142,0,0,0,0
304.846416427777,6,1557,0,476.37669450909453,0,0,0,0
167.71682407173478,3,1239,21,202.6655880421294,1,0,0,0
38.931132967257525,3,1091,19,60.937076935292836,0,0,0,0
111.69723100551424,3,1049,15,136.03911840606224,0,0,0,0
156.91873082184065,4,1600,13,219.35240872189846,0,0,0,0
47998.32765467121,11,15,11,1063.0559523112252,0,0,0,1
128.0052499047814,2,500,7,142.18511070642643,0,0,1,0
309.5250122014632,3,875,10,455.1191572279631,0,0,0,0
974.0999548827698,2,478,12,1118.4990022463712,0,0,0,0
298.3479350584127,4,1179,20,331.24479594255104,0,0,0,0
121404.09199784239,7,1005,7,570.0327912721215,2,1,1,1
34.227009155097,2,219,11,54.23509861274338,0,0,0,0
206.5686687211084,4,1218,7,234.9583541331488,1,0,0,0
143.26545594109683,5,675,11,145.97084708311797,0,0,1,0
64.21047741091442,4,882,12,59.82948803648289,0,0,0,0
107703.60116210864,10,440,4,970.3589807774158,2,1,0,1
967.2131852941544,4,802,20,1308.0600280017932,0,0,1,0
180.95651286055045,2,917,18,115.56608370773957,0,0,1,0
57.78328612043133,3,390,19,83.07604988833583,0,1,0,0
384.94569610519676,2,855,15,369.8270687924124,0,0,0,0
1282.760315985615,3,816,13,1566.7005406243907,0,0,0,0
96.37887800060057,4,889,11,125.07394017034987,0,0,0,0
66.2124334214685,3,1552,6,81.26343569364825,0,0,0,0
121.62506550487925,1,294,7,106.84668940179041,1,0,0,0
12.436927463615449,2,1100,10,11.552182371403013,0,0,1,0
350.6927555059285,2,64,8,387.01293255584704,0,0,1,0
63.31129850953371,3,1127,13,84.04386393012167,0,0,0,0
157.33433138998893,2,260,10,135.76114395631717,0,0,0,0
304.54486748204585,4,1016,14,389.11977222196293,0,0,0,0
168.95792651004447,2,1388,11,109.28112457470468,0,0,1,0
89.2376214525982,2,694,8,116.56487477713952,0,0,0,0
206.42529170193396,5,671,8,148.86017645758346,0,0,0,0
74.62091197808346,3,979,15,55.35538878759833,0,0,0,0
104.67151036434089,2,249,21,165.88850365447058,0,0,0,0
255.42752351254782,2,964,14,207.74740250407882,0,0,0,0
187.01145090226785,2,411,19,236.21638948368678,0,0,0,0
1094.0476210075735,3,82,8,1748.9310180332031,0,0,0,0
526.3932523556188,2,1018,12,438.1000891496286,0,0,1,0
220.36621311854535,2,903,12,341.1535484289485,0,1,0,0
681.109311013675,4,516,13,713.947274070416,1,0,0,0
119.75020479279124,2,935,10,75.28461149123444,0,0,0,0
373.93078511986425,4,550,16,469.96391171913535,0,0,1,0
66.49726828792815,4,1449,9,71.20736915997807,0,0,0,0
457.1098532148515,3,389,7,729.7776397158673,0,0,0,0
39192.64260007513,12,4,1,77.90609256752757,0,1,1,1
28281.607857424257,7,34,16,289.5602432802203,1,0,1,1
285.7911551749046,2,699,15,323.6500041188453,0,0,0,0
289.2299213924874,4,255,9,217.90368657331578,0,0,0,0
235.09970346988993,1,475,18,145.00594043173814,0,1,1,0
198.78348762634076,1,1230,8,274.0999447326922,0,0,1,0
208.3060311984494,2,1154,15,189.78106178285302,0,0,1,0
28075.44621933161,9,277,0,710.1216197060022,2,1,1,1
801.4482682699739,4,862,11,858.528068773381,0,0,1,0
23.341253975385364,6,1004,9,31.06128456777819,0,0,0,0
498.6097002369771,5,1774,18,540.1981199129548,0,0,0,0
89.5169155443458,5,722,16,111.77183218235783,0,0,0,0
302.4203893216459,3,1590,11,269.47076984689994,0,0,0,0
406.8949500120335,4,1416,14,379.79858713131557,0,0,0,0
4080.126001627281,14,29,14,1171.6322914719535,1,1,1,1
267.3614074251857,4,190,16,319.1804797356922,0,0,0,0
384.19685545159336,2,126,17,255.45359318452265,0,0,0,0
31.92153610297916,4,231,22,44.52213688410596,0,0,0,0
750.9109295706586,3,733,11,998.6529886363245,0,0,0,0
444.03050807144683,5,907,11,288.61003406993166,0,0,0,0
93.61945787589424,2,257,9,63.40112882302409,1,0,1,0
273.2765813838754,2,122,10,390.26826782010676,0,0,0,0
213.41260547618555,3,760,11,330.5360640269729,0,0,0,0
9053.661702951094,8,11,12,701.9377633386022,1,1,1,1
187.20950356446826,3,550,6,145.2701525399358,0,0,1,0
540.7225000616992,4,191,14,663.8099185246604,0,0,0,0
13.900891008821096,2,1025,8,15.89439493720139,0,0,0,0
136.8567170610486,5,859,15,164.58552607930497,0,0,0,0
108.07799123990927,2,254,13,143.28988497544216,0,0,0,0
35.61250246411188,2,155,2,25.524396737505963,0,0,0,0
152.15532397078235,2,1116,15,204.57889418589852,0,0,0,0
113.31392380434222,2,585,17,151.90108598767523,0,0,0,0
372.957565012068,1,1657,14,572.9316958734594,0,0,0,0
14.26436366323295,2,465,12,12.818634867835666,0,0,0,0
239.71468001422107,4,672,17,154.88893232011006,0,0,1,0
19.606578702697984,2,140,11,18.115446628497384,0,0,0,0
655.6742786274394,4,701,12,540.528029640575,0,0,0,0
108.99417515557683,1,1034,8,92.96747379000736,0,0,0,0
129.86842493952403,3,546,9,150.5185676528358,0,0,1,0
559.8252332546224,5,1221,18,616.3699419579203,0,0,0,0
115.857897410764,3,1091,6,77.9025840853083,0,0,0,0
2500.0,12,19,12,1154.6720976658594,2,0,1,1
74.07139238484105,3,385,6,65.91113948318275,0,0,0,0
40597.006432380076,8,236,8,1150.7997188612185,0,0,1,1
14064.506345579432,13,833,12,636.413557803793,1,1,1,1
306.00042727190424,6,1460,13,210.28467541370762,0,0,1,0
117.03299874698035,2,1417,21,156.978146495896,0,0,0,0
11047.224573438136,11,412,14,1176.3488861255323,3,1,1,1
563.7171643179308,2,81,11,614.3603699098703,0,0,0,0
202.82104276120785,5,1410,14,134.7971016785766,0,0,0,0
532.4585365987715,2,1287,16,365.9960311420422,0,0,0,0
142.41611169277647,1,1425,16,139.54269942865545,0,1,0,0
164.21245620074887,6,389,9,216.27193814295484,0,0,0,0
579.2757591903578,6,1496,8,677.7223056868431,0,0,0,0
35909.07614856799,9,11,3,714.3673247042656,1,1,1,1
236.10890352506806,3,1678,8,170.7762632736677,0,0,0,0
90.1934472178605,4,566,9,104.84974119078271,0,0,0,0
245.5166331268325,1,975,2,313.693612568028,0,0,0,0
54.353525118973025,3,174,9,33.23239398652827,0,0,0,0
399.7736836950321,3,1799,8,607.3765519487289,0,0,0,0
19.896561419107233,3,1142,19,30.94519851961461,0,0,0,0
874.3528824383885,3,417,14,609.450560963279,0,0,1,0
435.8199035592184,5,540,10,651.9560239071226,0,0,0,0
56.312630633524925,1,357,19,84.48870690360971,0,0,0,0
20542.047917792497,17,28,0,759.374638514624,3,1,1,1
10092.989211543665,7,760,3,517.3176592009205,2,1,1,1
101.43378697024862,5,979,6,80.89822241879492,0,0,0,0
33.862534009431876,3,414,12,28.57781511796004,0,1,0,0
297.8976334750002,3,1140,17,464.1807273825116,0,0,0,0
4001.416781511882,9,424,6,979.8078262108271,2,1,0,1
45.17349648189562,3,982,17,35.506443012363754,0,0,0,0
213.4438927569748,2,539,8,140.80326971175745,0,0,0,0
224.95447180169185,3,966,3,174.15243939700042,0,0,1,0
391.79013892394534,4,66,13,514.0498213342472,1,0,0,0
79.87527358947538,3,1780,10,79.23218182218307,0,0,0,0
8655.900239424283,7,23,22,1050.1446800697788,1,1,0,1
474.1750996835433,5,1124,16,502.5750872719246,0,0,0,0
319.37846161157125,3,1773,19,483.5307391077423,0,0,0,0
395.19044823632174,1,1664,6,547.5496239321654,0,0,1,0
85.86916115830329,6,1403,9,57.95478500378973,0,0,0,0
7814.30928635943,9,6,1,889.6101827926585,1,1,1,1
213.4403856769187,2,629,7,227.616580098131,0,0,0,0
781.6657482306415,1,131,10,1176.676801234634,1,0,0,0
137.4145996536739,4,157,8,110.83921723219822,0,0,0,0
36826.77900974554,11,289,3,707.6394072279896,3,1,1,1
4985.033647894106,9,607,16,1126.8852638424712,1,0,1,1
45.761054988506075,3,395,17,72.34255594950271,0,0,0,0
84.86863556643851,4,837,16,77.10724817956715,0,0,0,0
65.36267652682366,3,1350,3,47.03006797137854,0,0,1,0
149.5769232454339,2,414,9,95.33119863335774,0,0,0,0
131.98188183754678,3,177,8,183.2379895585222,0,0,0,0
414.9510635818546,2,1673,8,371.01270139700887,0,0,0,0
37973.16408185694,8,317,10,1025.9549378283232,1,1,1,1
184.6299082074096,5,1009,9,148.45494238750845,0,0,0,0
40.92819487748574,3,549,14,39.623011458238004,0,0,1,0
86.11702815994187,2,1429,9,57.02995847038936,0,0,0,0
4682.633950245921,9,218,2,360.1912980201328,1,1,1,1
28.74267981892079,2,1577,12,21.123191234744784,0,0,1,0
276.3305505858207,1,1156,14,368.3197378099191,0,0,0,0
589.1376820476468,3,692,21,668.8179112764232,0,0,1,0
16.17334513212888,2,500,22,16.45821182027899,1,0,0,0
183.46658287953494,5,868,10,122.5021000500181,0,0,0,0
12.571645588053157,3,1039,13,8.369738826148883,0,0,0,0
12.50722459113701,2,1699,12,17.469508454310326,0,1,0,0
114.58023859770802,1,385,2,94.05832223848441,0,0,0,0
87.44022015703217,6,1422,12,111.96503362843916,0,0,1,0
85.94458604902418,2,1726,11,136.55866397921594,0,0,0,0
226.02179776252117,1,1523,15,174.29380171576008,0,0,0,0
3136.471003728445,5,10,4,86.34868232284165,1,0,1,1
283.70845350437816,4,416,13,441.4026886956995,0,0,0,0
221.76114878469852,3,120,12,327.82524899010207,0,1,0,0
241.28797312598638,2,1413,20,361.4541341391393,0,0,0,0
10.632687369658377,2,613,15,9.419241020900964,0,0,0,0
104.14003157913774,6,660,19,69.76014903733679,0,0,1,0
120.97316810405812,1,1715,13,183.17807890457465,1,0,1,0
102.71053400275983,1,139,9,134.9149849306671,0,0,0,0
455.0172885816848,6,660,23,580.1300826594487,0,0,0,0
69.4288030689267,1,258,12,86.82600859991916,0,0,0,0
5316.581367843675,8,656,3,133.19371606059934,0,1,1,1
7580.36087304479,8,25,19,993.4223638882282,1,1,1,1
28.60291403427916,2,714,16,42.89833015499775,0,0,0,0
153.6846873682521,1,935,15,104.26260929931004,0,0,0,0
361.49422839306754,2,1729,21,509.48707930745684,0,0,0,0
28.39339462403251,3,391,11,37.000593507602304,0,0,1,0
276.01004128031053,2,1346,17,439.4763564047823,0,0,0,0
457.33517256978985,4,1528,22,313.7009124281707,0,0,1,0
270.18420907104843,3,226,20,375.7519457064441,0,0,1,0
377.89531860012625,3,615,7,315.1535000728073,0,0,0,0
318.0279625166445,2,1588,19,335.6666805327959,0,0,0,0
17860.45915906765,6,1032,3,694.6233247241529,0,1,1,1
51.23297943415746,2,973,23,62.513697785048294,0,0,0,0
113.30395826913292,6,305,8,99.64147865374436,0,0,0,0
26.969646752196525,3,552,10,41.619582753521186,0,0,0,0
804.479578770959,4,554,13,486.1796019883702,0,0,0,0
126.31097799043317,6,1099,19,110.65716549424154,0,0,0,0
622.7377621257083,5,1276,8,658.5171547792692,0,1,0,0
100.68843236511928,2,514,7,98.25984540388824,0,0,0,0
484.2122229140852,3,298,8,728.9409396955106,0,0,0,0
322.24854270818764,3,317,8,410.0700511165234,0,0,0,0
19214.147171025583,11,4,5,426.7760671896881,2,1,1,1
83.47996036604367,3,1129,3,80.89102092429022,0,0,0,0
1123.9695075643638,2,314,7,1473.2482111638978,0,0,0,0
546.2133862879535,6,1707,17,698.7249003370982,0,1,0,0
54.1531539787618,4,855,17,80.57555704456354,0,0,0,0
408.9565257802627,3,1597,20,316.6609631714171,0,0,0,0
91.50774961434084,3,1263,10,124.03169414725959,0,0,1,0
90.0472180942619,2,1066,7,74.61811797159277,0,0,0,0
116.0348289487013,6,954,11,133.18505050068924,0,0,1,0
218.20190435050526,3,228,14,241.20643136660155,0,0,0,0
2500.0,10,403,6,865.7825132257123,0,1,1,1
30.840642170501972,3,861,11,49.335881967789014,0,0,0,0
28.330003641178088,2,650,12,45.03040132553126,0,0,1,0
13.871383778089374,2,245,11,21.26106672439496,0,0,0,0
104.55974182711418,2,870,16,165.4402688609799,0,0,0,0
631.4948155640241,1,372,13,1005.293964784687,0,0,0,0
42.11703425649926,2,509,4,56.83537158846377,0,0,0,0
322.6440879444175,2,562,8,353.0539652639201,0,0,0,0
42.66897178477232,5,1793,13,33.90595067425884,0,0,0,0
123.14997679092399,5,178,6,136.01214432579746,0,0,0,0
2500.0,8,19,1,573.467270376267,3,1,1,1
185.5247530628645,2,1154,11,214.79693726845554,0,0,0,0
61.67803626324466,3,681,17,87.85587802731884,0,0,0,0
202.59849929767577,5,1635,7,283.5573998478667,0,0,0,0
201.8463124880872,4,542,21,137.58508771927728,0,0,0,0
113280.17350940441,8,19,4,429.8418608710585,2,1,1,1
7577.439648287353,6,4,4,1127.4368658029273,2,1,1,1
12910.365560386732,11,8,4,728.4861267079459,1,0,1,1
150.9612696934478,3,31,5,205.4018139300616,0,0,0,0
2500.0,9,17,3,169.63965091833208,1,1,1,1
57.215681714198446,4,1380,11,44.31326870404564,0,0,0,0
204.43274501934707,2,937,17,145.54483568075202,0,0,0,0
92.7006383132339,2,515,19,146.10525141469188,0,0,0,0
177.29741976734158,1,875,9,113.43338710692304,0,0,0,0
516.2375661741703,5,905,10,805.1528631956653,0,0,0,0
28.9230436273415,1,948,14,43.87380266808645,0,0,0,0
104.5261444219918,2,1077,13,81.72257032834688,0,0,1,0
24.495555922269965,4,65,16,35.31005623531216,0,0,0,0
105.28326713589297,1,759,18,76.87737920961385,0,1,0,0
190.58388480922048,4,631,7,226.83634204019006,0,0,1,0
565.9901816880958,3,1453,10,403.41322717935117,0,0,0,0
143.4026989808532,2,1489,10,128.51747978753255,0,0,0,0
191.71354733110513,4,1415,18,160.75627802887283,1,0,1,0
48.99873607138511,3,408,10,48.29726280225925,0,0,0,0
84.4989855679986,4,1354,14,99.74196562679619,0,0,0,0
169.54159616393986,6,1729,18,125.6192920746124,0,0,0,0
113.86820356350853,3,1600,13,122.82649431298314,0,0,0,0
561.6620862222921,4,92,12,690.2017617407303,0,0,0,0
167.01529350397303,3,1636,9,157.29401509259978,0,0,0,0
348.5114698242034,5,1686,10,310.16559848665,0,0,0,0
260.7014958935881,6,1329,7,388.28492227952233,0,0,0,0
138.30860951610404,4,764,1,117.15215127205337,0,0,0,0
226.8525123165477,1,904,7,211.14088954538377,0,0,1,0
501.77779103877185,4,35,11,566.5802954853555,0,0,0,0
533.4168360964845,3,1245,8,513.5396672729503,0,0,0,0
235.1564056694159,2,399,10,323.7352645792328,0,0,1,0
466.91084566525825,5,1586,18,421.39800657911286,0,0,0,0
389.3659706083996,3,468,21,615.4330816465972,0,0,0,0
75.7794688802943,3,1710,19,47.23295994391103,0,0,0,0
214.7112113894268,3,1061,6,246.10218297583017,0,0,1,0
577.2263161077205,5,467,15,449.4408680992372,1,0,0,0
2815.1743050838763,9,120,3,186.54990338207128,0,0,1,1
732.0885095828284,3,1666,19,954.462403991308,0,0,0,0
133.3303218611565,5,1691,17,196.04363660190444,0,0,0,0
124.30456066347094,2,1304,13,190.32336738840704,0,0,1,0
343.3325301974585,3,617,18,381.64827692652113,0,0,1,0
881.789510455286,2,962,17,1205.2290760980516,1,0,0,0
43.82451197846861,2,614,7,55.003278747525094,0,0,0,0
309.39047156440944,2,201,18,294.88239852873716,0,0,0,0
94.2653674066322,2,1112,16,134.66047912607337,0,0,0,0
1232.6637405120139,3,925,7,1601.2970953196443,0,0,0,0
43770.88129319147,10,24,1,288.5674439441778,0,1,0,1
414.7634402637817,4,1741,7,596.8685209738097,0,0,0,0
12.396185313747557,3,662,6,11.187744993292728,0,0,1,0
109.77402563570496,4,628,12,144.64647915729506,0,0,0,0
125.5084228201565,3,708,8,179.63373965121963,0,0,0,0
466.7766245438931,3,485,12,686.4129853913211,0,0,0,0
204.82150476747236,4,1644,16,170.52719249102003,0,0,0,0
206.7551950867659,4,1579,12,138.83931638699912,0,0,0,0
788.749363030561,3,1153,7,683.8275962775363,0,0,0,0
175.16907074711796,3,111,19,144.7784647041699,0,0,0,0
326.99785688308344,3,1561,10,212.4478686861246,0,0,1,0
434.0967453888949,1,1650,12,623.115335736564,1,0,0,0
656.3126684185738,2,195,21,1048.890094513171,0,0,0,0
61.76949553651771,3,183,10,97.650700605669,0,0,0,0
2500.0,7,23,3,1079.5960312563416,1,0,1,1
1645.9181128084488,5,1164,9,1055.3769926211944,0,0,0,0
30816.36613817501,12,923,21,863.2690380129258,0,0,1,1
148.0734263802498,2,87,13,171.41701028678062,0,0,0,0
388.3259675961274,6,923,13,504.64848059978897,0,0,0,0
88.7970950290245,2,1034,3,90.99000932510282,0,0,0,0
85.63693860002937,2,1105,10,105.20245982365894,0,0,0,0
519.1743930440391,1,1386,15,570.3203241958742,0,0,0,0
400.0049713288514,3,930,11,360.170456462694,0,0,0,0
159.3353301444178,3,1026,13,110.14836897956194,0,0,0,0
284.382211297474,3,738,21,419.80301203978,0,0,0,0
259.5506872159702,3,796,7,192.40521292852898,0,0,0,0
53.609667622280945,5,1094,19,42.02171900310082,0,0,0,0
25.673527350110483,3,975,10,18.810219659486766,0,0,1,0
188.98906640351552,1,1319,18,268.5693292193898,1,0,0,0
11.779269801496135,5,745,12,11.204701179747609,0,0,0,0
151.41679601149522,5,1356,23,135.43827000835842,0,0,0,0
49.484291497828956,4,1478,12,46.859856997074154,1,0,0,0
523.9893363772611,5,1007,17,591.52180099905,0,0,0,0
143.87527863415173,3,102,17,109.82894484444537,0,0,0,0
131.88286577102235,1,1277,18,175.89103986592144,0,0,0,0
527.9805966560111,2,1497,8,415.1378406350778,0,0,0,0
136.89238850651225,1,111,11,189.79424799729162,0,0,1,0
18.33746242372398,3,451,10,17.108186190588167,0,0,0,0
25.051909137465618,5,1366,1,16.700555596042456,0,0,0,0
730.7852430517868,5,1035,8,553.6915283322411,0,0,1,0
148500.59862506096,12,5,17,160.25700083621854,2,0,1,1
75.47823242324837,3,655,13,58.71539242890347,0,0,0,0
256.04824243386184,4,482,4,197.3198386417048,0,0,0,0
495.4199190931106,6,1674,19,622.2318014037936,1,0,0,0
1542.2057484760217,3,1214,14,2142.5915751321095,0,0,0,0
84.31607597219208,2,42,7,119.23501579340986,0,0,0,0
520.2454215935454,4,58,11,529.2590948719144,0,0,0,0
130.74539246594938,3,1384,10,129.70360715658597,0,1,1,0
41.4861161215085,4,1377,22,44.94708006463825,0,0,0,0
292.38746360918833,5,1421,20,340.26082468124184,0,0,0,0
301.3278348953588,2,1071,16,252.68348085867822,0,0,0,0
44.908622301334105,1,779,19,59.38099075767868,0,0,0,0
126.33652508318708,4,1262,12,78.73438485114654,1,0,0,0
723.1285900967846,3,1391,14,1055.1231355505586,1,0,0,0
205.7353945436353,2,1416,9,192.41685883225193,0,0,1,0
155.52417242693915,2,623,8,174.64663135841153,0,0,1,0
137.99998109448032,4,525,5,212.6869244875906,0,0,0,0
533.58397499798,5,508,13,424.9423305669066,0,0,0,0
21166.205019451467,8,25,3,425.686639538404,1,0,1,1
291.9040252966628,5,1279,18,334.07918177603165,0,0,0,0
488.5540657012184,2,1383,5,433.11306314973507,0,0,0,0
386.2525509436731,4,960,17,412.71819918693944,0,0,0,0
241.69510050760377,1,131,13,315.4471539132583,0,0,0,0
314.0955201650595,2,1438,8,294.0800900586412,0,0,0,0
94928.26796041365,9,1,3,874.5659619306081,2,0,1,1
10744.462948949782,13,17,21,62.085889724308544,2,1,1,1
29.63288165276809,3,86,15,23.959439719688994,0,0,0,0
27.40200642781839,6,925,19,37.12861954320862,0,0,1,0
434.40065114143977,1,642,3,299.190634080309,0,0,1,0
135.9086826208599,2,807,11,199.0956673350091,0,0,0,0
330.7197635944265,4,1765,15,407.04032467532835,0,0,1,0
194.2481352991788,3,1660,8,220.29453553699614,0,0,0,0
446.18328982379944,1,1051,14,521.4029652750578,0,0,0,0
6206.4562316059755,7,562,0,1008.0402811420263,1,0,1,1
37677.766844399375,6,22,5,371.86734307408074,0,0,0,1
85.31545971813536,3,1244,11,55.255568272761614,0,0,0,0
20.71414682727726,2,1706,7,16.737459464045468,0,0,0,0
84.42610436027417,3,1130,14,114.95982294137673,0,0,0,0
169.5493916264876,1,1091,6,192.1296222405227,0,0,0,0
180.8841735185988,3,262,18,109.2674064522287,0,0,1,0
314.4163369494691,2,569,22,413.2656716748251,0,0,0,0
18123.748222709717,8,652,5,351.3830701296587,0,1,1,1
80.83866917648523,2,1065,5,69.17260016326685,0,0,0,0
346.3660217913505,6,1338,12,501.2935116555404,0,0,0,0
391.3038483344864,3,1229,19,574.4802098192687,0,0,0,0
83.33042937136881,3,1206,17,88.69934109109295,0,0,0,0
116.83954204300177,4,826,17,126.43695404996576,0,0,0,0
289.14477097613405,3,1529,8,388.63863210269386,0,0,0,0
155.64633382097205,3,861,11,101.94909319119704,0,0,0,0
753.8876601449401,1,1526,11,1101.2806631296726,0,0,1,0
13922.058582515894,6,21,0,113.85567288563442,0,0,1,1
371.8401835829594,1,1521,8,392.12167321653226,0,0,1,0
9896.870244113446,11,824,3,316.7289831014728,1,1,1,1
69.57313325644664,4,181,10,59.05127729025505,0,0,1,0
13829.68458622538,8,474,12,414.8536877824614,2,1,0,1
140.4138124095995,5,1051,13,145.57139712928327,0,0,0,0
225.26074029338753,3,287,12,176.97010686763554,0,0,1,0
2500.0,11,1075,4,464.1935022920599,2,1,1,1
179.12949144930832,5,1149,11,180.3784661259386,0,0,0,0
1116.4625773411326,2,41,20,995.8770768509956,0,0,0,0
86.81691814186992,3,136,10,76.97654672629281,0,0,0,0
1150.6428404486232,2,791,12,935.6871893583777,0,0,0,0
236.6120791104458,2,1576,11,165.4591198904903,0,0,0,0
142.19760425791927,3,1196,10,88.17938679192783,0,0,0,0
669.9713855260187,4,792,8,919.0001161574532,0,0,0,0
2500.0,3,1017,13,718.7974339213887,1,1,1,1
79.26043067730284,3,181,11,59.12442934360905,0,0,0,0
182.7129660758699,2,1119,7,238.1557684651478,0,0,0,0
19.938028212063145,1,1276,7,21.854974723108505,0,0,0,0
14211.470494020401,7,376,5,571.6424890655567,0,1,1,1
730.8659468301037,3,737,7,757.6494248582885,0,0,0,0
1118.310529435579,2,92,8,1013.4649628016269,0,0,1,0
31.003281501679236,1,408,19,19.785553221938375,0,0,1,0
284.83217632146324,2,1154,8,285.68853609926646,0,0,1,0
42.66428662194376,4,1300,10,29.77793171177928,0,0,1,0
155.87874628589643,2,1584,14,184.90773190648335,0,0,1,0
404.74912726546904,2,1282,16,441.6301464602827,0,0,0,0
23.212771845098118,4,1658,16,36.641455122714135,0,0,0,0
19.15102605271425,3,1227,15,17.88041019707349,0,0,0,0
5450.196272303219,12,15,5,698.8516489596537,2,1,1,1
294.50868806960494,2,693,17,285.9625214273261,0,0,0,0
116.80184493655658,3,1313,11,131.7010294553202,0,0,0,0
132.61685819568032,3,1551,2,121.15447203473403,0,0,0,0
168.5565349366068,3,934,19,121.85443562609562,0,0,0,0
39.93263585015108,5,1354,15,49.49036367644863,0,0,0,0
137.42846891309412,6,965,15,201.8713429959002,0,0,0,0
213.78619011302902,3,876,22,334.8438546866815,0,0,1,0
92.39434209156573,3,920,17,108.93181130759383,0,0,0,0
7105.380976394622,12,23,14,976.3954295907587,3,1,1,1
51.83136041815295,2,783,22,33.296827135019534,0,0,0,0
538.9489941387837,4,1207,17,748.688997113587,0,0,0,0
66.2383224902554,5,83,9,87.53319607281645,0,0,0,0
8287.668020970666,8,639,3,610.8304596908039,2,1,1,1
231.43181681617725,4,1370,12,259.2598589355293,0,0,0,0
86206.53612511822,8,29,2,553.2009372758279,2,1,0,1
175.43099547652216,3,343,11,193.93491194457795,0,0,0,0
189.19477805210022,3,647,10,139.30605165074886,0,0,0,0
406.85110062487377,2,593,8,495.6735599392886,0,0,0,0
132.160260700594,6,42,9,124.39591408684446,0,0,1,0
97.49629884753975,4,1344,9,80.29948466062265,0,0,0,0
109.0768007701071,5,152,6,76.82129719488807,0,0,1,0
36.66007186480748,1,648,16,53.07790119123389,0,0,0,0
91.67758084695474,5,1281,8,81.664845480445,0,1,0,0
228.39992350122748,5,1668,10,236.19981215984546,0,0,0,0
84.65480562440904,2,1406,18,131.41984847691208,1,0,0,0
716.9769394532972,6,522,12,827.0047030482586,0,0,0,0
530.5194185824045,4,988,11,406.66199835345384,0,0,0,0
461.89464999277754,4,166,12,316.88446244412523,0,0,0,0
230.22346702347082,4,1655,8,238.9105515966459,0,0,0,0
94.05184302559802,1,1542,21,87.5761500427595,0,0,0,0
83.2645072935742,4,1499,9,91.92144188509845,0,0,1,0
20.70475115775364,2,356,12,30.789304541341814,0,0,1,0
754.3729280924933,3,302,19,527.0196697938918,0,0,0,0
404.4741492676581,3,780,20,419.9558817593883,0,0,0,0
13.044238971925083,1,419,6,9.570484858534302,0,0,0,0
6540.758099418281,14,4,3,369.42459061786843,0,1,1,1
27716.935801739124,11,1184,15,236.13124836133014,1,0,1,1
17623.13461628268,8,306,1,1075.019106197554,3,1,0,1
2500.0,6,775,17,1078.972942677276,3,0,1,1
36.51240415350438,2,812,16,52.58264439764491,0,0,0,0
2500.0,9,1072,16,947.636417169407,0,1,1,1
84.90112979200201,3,1608,18,107.15775149245486,0,0,0,0
590.0388273972103,2,575,11,807.0974008420652,0,0,0,0
2500.0,6,4,10,579.6497542352722,2,0,1,1
1342.6796765496933,4,686,14,1940.9321261117448,0,0,0,0
554.2177649530119,6,1098,19,409.1569727761437,0,0,0,0
573.5293615246367,3,1214,2,371.6446972507535,0,0,0,0
654.5115542404245,2,798,17,1037.3993122067443,0,0,0,0
278.3108674500341,6,1708,18,370.56522629469714,0,0,0,0
13565.552870455183,7,8,12,179.44671364033638,1,1,0,1
519.9959057956551,5,248,9,650.025901028902,0,0,0,0
60.42246494124443,5,1545,22,66.0512845802685,0,0,0,0
37225.863716398475,8,3,3,817.4194122645928,1,1,1,1
253.6717329040821,4,243,14,178.27733808890432,0,0,0,0
2500.0,8,412,4,904.9990526609894,1,1,1,1
117.58161266672002,2,1796,20,157.69956140309742,0,0,0,0
425.0176534424747,2,1347,16,271.00586619269666,0,0,0,0
165.20396650923672,4,727,15,116.09007646460002,0,0,0,0
9679.181521352086,15,757,18,90.0031854113744,2,1,1,1
90.59142257198711,5,1522,9,58.277628571333814,0,0,1,0
226.4113077312312,2,444,6,238.40924618029305,1,0,0,0
25.70980297480658,3,730,10,18.12213787574327,0,0,0,0
11.384355093983869,2,1523,6,14.479982731059076,0,0,0,0
166.22706691483128,3,1473,8,220.75657647117444,0,0,0,0
225.4583786217606,2,1267,11,155.95273269583666,1,0,1,0
403.56601399255976,4,294,7,616.1532909488457,0,1,0,0
225.73195560801187,3,522,14,162.71744588620882,0,0,0,0
45.01624502425284,1,715,6,66.46532685857686,0,0,1,0
210.1036953924747,5,457,20,274.06912839251305,0,0,0,0
384.6943261685744,4,828,15,546.7499963208661,1,0,0,0
279.5050904882285,6,633,10,180.93864197485905,0,0,0,0
3913.6545786772485,10,520,2,785.0556893891381,1,1,1,1
12.54571343813577,2,252,23,14.942355029287196,0,0,0,0
174.09590483317265,2,810,19,263.50316492738943,0,0,0,0
123.93772718379192,1,320,3,134.51950033838327,0,0,0,0
104.7627164769663,2,1579,9,82.59931458028518,0,0,0,0
119.6321577236889,3,649,10,119.87074835321867,0,0,0,0
59.74198213420944,5,923,7,64.47612525632708,0,0,0,0
349.40812983281995,3,175,16,284.4039998148457,0,1,1,0
75.64668905097395,2,204,1,110.09425377289098,0,0,0,0
221.92894912596813,1,551,15,200.44642794648672,0,0,0,0
334.7257447044722,3,511,16,365.13468203713643,0,0,0,0
63276.80334791034,8,482,14,968.9143880480763,0,1,1,1
20.210613458169167,2,1749,7,27.39563242527173,0,0,0,0
6981.216144059277,7,6,6,289.04340832863875,1,0,0,1
18.85477906286114,3,1605,20,15.736026442328589,0,0,0,0
106.64363096914789,1,255,7,130.12027567084948,0,0,0,0
24.89575208319212,4,1021,17,37.085199860357825,0,0,0,0
195.71985923924757,4,366,8,204.78480842518573,0,0,0,0
609.1714538875617,4,1235,10,570.6436784939866,0,0,0,0
490.4042820473313,3,534,17,670.6310777773319,0,0,0,0
103.41082636982928,4,1580,13,100.55370239128564,0,0,0,0
344.9965852465906,1,1238,10,541.2122456989728,0,0,0,0
52.76697883376663,3,1467,7,50.30235570131259,0,0,0,0
152.65599978221434,5,680,8,136.4189226572492,0,0,1,0
157.69923601870255,2,184,10,98.29973267284525,0,0,0,0
63.17239182111065,2,78,10,70.10523396550624,0,0,1,0
111.93828754491732,4,1062,12,134.47165071104743,0,0,1,0
302.65148968763503,1,1730,17,458.1746916453693,0,1,1,0
322.37296873900647,3,345,11,388.0565208993422,0,0,0,0
249.70192235769505,6,1029,12,328.1743911722728,0,0,0,0
298.9022779091143,6,1261,12,420.1472834783374,0,0,0,0
161.53193891923772,5,688,10,111.35914191714697,0,0,1,0
202.78966741549726,3,1478,13,144.46911791234473,0,0,0,0
193.2053680645495,5,125,14,137.8641730513117,0,0,0,0
59.41911516887783,6,1177,16,43.803863259514145,0,1,0,0
55.230566463676574,3,1544,8,42.01729216331462,0,0,1,0
9097.445121221894,9,846,5,1078.009229068988,1,1,1,1
19.893051959585982,3,1540,1,21.20087273692208,0,0,1,0
201.7827282181736,2,969,10,240.3325040252108,0,0,0,0
39.138431958362034,5,358,4,34.635949775437176,0,0,0,0
77.6024665180292,6,30,23,107.3169470076043,0,0,1,0
45.30724586029368,3,1360,14,54.870313783185,0,1,1,0
148.92013890318415,1,477,9,119.59333348498632,0,0,1,0
183.53436521972853,3,768,11,276.429133381333,0,0,0,0
15641.282990767068,8,7,0,425.57296650819524,1,1,1,1
196.8494534896924,5,1228,13,307.90893086017047,0,0,1,0
563.7707267874086,5,1759,14,376.11878985880935,0,0,1,0
20.751195234336834,4,873,10,12.97162766806023,0,0,1,0
692.5567655755062,1,1186,12,653.308139010844,0,0,1,0
23.26112139889222,2,1287,15,22.200635525491325,0,0,0,0
44.407017654043365,3,1416,17,51.33316429736575,0,1,0,0
24.337247367600845,3,162,20,17.993819733363132,0,0,0,0
38.30033093354882,4,1449,18,32.57042956920281,0,0,0,0
528.4574496954062,2,1157,16,474.5545270724862,0,0,1,0
2500.0,10,64,12,347.4006581258173,3,1,1,1
423.6432407521608,1,1130,17,569.7709049420407,0,0,0,0
36.866544105156905,3,1219,18,37.00719131124119,0,0,1,0
211.52299991496466,3,250,11,143.34315621239801,0,0,0,0
17635.055459487787,9,650,3,518.1717073614177,1,1,1,1
802.3985480442705,4,256,13,912.1554394028417,0,0,0,0
18.023936684008028,3,127,11,15.615521633123146,1,1,0,0
185.33016301373186,5,1473,6,285.5480953077632,0,0,0,0
68.144319638354,2,1124,13,81.56827394426114,0,0,0,0
121.08848039835236,2,1320,8,81.7407785664413,1,1,0,0
23072.063808037263,6,22,17,96.57866576142824,3,0,1,1
111.53255621349322,3,1145,8,67.99273307685985,0,0,0,0
60.927587813836,4,1581,3,48.83596964753683,0,0,0,0
14.83977365905745,1,1245,10,9.224284124735862,0,0,1,0
96.1572782703407,3,624,8,103.97280669094728,0,0,0,0
28.480731717253022,2,1653,13,32.82179484603121,0,0,1,0
82.47594633911831,4,1380,12,106.51451435187279,0,0,1,0
71.88957080657693,3,837,14,92.55208952856569,0,0,0,0
326.17512257631927,3,123,12,418.4832519219097,0,0,0,0
43.612192277436094,2,1346,23,45.10563911369361,0,0,0,0
198.04209300884062,2,1573,16,161.84382637417716,0,0,0,0
15.315332799318167,1,744,0,15.622806475279255,0,0,0,0
412.81512866040316,3,1646,11,480.3226951323274,0,0,0,0
241.8257355014268,1,213,16,187.7843254581276,0,0,0,0
48.3277525518789,6,1521,10,61.1049716851385,0,0,0,0
8857.224416693482,9,533,5,562.3296883047586,0,1,1,1
17.734337224684303,2,1021,6,22.82753919367827,0,0,0,0
674.3528733994226,2,1177,6,495.35492281418686,0,0,0,0
79.21947773043179,5,1435,11,57.30958329126618,0,0,1,0
32.99222927601268,2,201,10,49.072266574775725,0,0,0,0
16200.007978626078,12,132,22,217.7725104737461,1,1,0,1
966.6984641161002,3,1407,19,1007.0010838203265,0,0,0,0
18.49087241548179,2,1687,14,24.720145172654803,0,0,0,0
338.72282344014815,5,1591,15,301.7747111463877,0,0,0,0
418.8086726221071,2,732,11,285.7430155263951,0,0,0,0
487.3602423917806,5,505,12,710.0521972994536,0,1,0,0
118.39937104463472,2,148,23,111.86104533922581,0,0,1,0
3452.7629949671164,10,796,3,127.78088162087757,2,1,1,1
68.88776340173024,4,1757,15,63.25493858048771,0,0,0,0
20316.651165635703,9,26,3,397.185527620719,0,0,1,1
3579.6474216080505,11,24,1,938.1529408680054,2,1,1,1
6742.1068017310345,12,29,4,654.5917869121766,2,1,1,1
179.1895260537367,2,84,12,127.31245732988856,0,1,0,0
24.11742800346324,3,77,15,15.592648041626346,0,0,0,0
35681.02466719985,8,451,5,626.8306933531107,3,0,1,1
245.7313029137393,2,1004,10,236.49913327036742,0,0,0,0
697.042929505905,2,1608,14,431.07342819636506,0,1,0,0
176.03340217421217,3,1588,8,240.34530902326293,0,0,0,0
37.44238191287789,3,108,7,52.91487792796192,0,0,0,0
133.2855642312971,6,1076,8,178.34734405048678,0,0,1,0
975.182278534303,2,1339,14,967.3881767626216,0,0,0,0
413.53564242658655,3,1171,7,584.3460447051073,0,0,0,0
830.5024661353496,2,395,15,896.1334313679821,0,0,1,0
136.0553475768306,3,857,10,195.34435594665732,0,0,0,0
6424.031226754541,8,21,1,506.18492825501477,3,1,1,1
264.03000106444017,3,1534,13,306.8225352096837,0,0,0,0
105.40998901940497,1,787,15,167.7175548009795,0,0,0,0
865.3100613072329,3,1393,10,1286.581407477991,0,0,1,0
611.7924722881208,4,1340,5,944.9345311550849,0,0,0,0
148.53385563931144,4,1462,7,202.9487504337309,0,0,0,0
11.33836153137633,3,202,13,16.185223315393294,0,0,0,0
207.92653979219537,3,1733,8,250.9021609538656,0,0,0,0
14.075423369103305,5,993,8,22.47093877933857,0,0,0,0
133.2471135150428,4,781,12,140.20067004774185,0,0,1,0
13.99120835521002,4,1255,22,15.539439836672985,0,0,0,0
345.59619229638645,3,382,12,300.5965738215209,0,0,0,0
30.487955974289036,3,332,15,23.248660275931996,0,0,1,0
615.5002923679475,2,863,7,597.9797701485815,0,0,0,0
176.5820607168645,2,1311,9,278.6776692434888,0,0,0,0
22728.03372254963,8,1,17,612.1048503452374,1,0,0,1
169.79781657939617,1,193,16,142.93342544564962,0,0,0,0
210.86458269953428,2,165,1,237.27845748826093,0,0,0,0
35.485294030066335,2,1186,17,30.524144913968073,0,0,0,0
603.4473300183689,5,1274,13,798.4111472482917,0,0,0,0
151.41938063529477,5,448,12,206.58721927128457,0,1,1,0
462.87900646673114,2,628,6,520.7054629367684,0,0,0,0
503.1953363848287,3,537,9,328.4964427019337,0,0,0,0
43.939013123709316,2,488,9,45.80653873273524,0,0,1,0
308.64282952199545,2,504,6,287.8165894074895,0,0,0,0
885.889368789578,4,1583,14,613.2340379377939,0,0,0,0
175.04034869059385,2,887,10,193.53184840958897,0,0,0,0
38.28675432395727,3,379,9,35.62361248941006,1,0,0,0
211.5395333390047,1,1339,0,241.3634621336065,0,0,0,0
63.61254504013951,3,1708,11,98.56657580586143,0,0,1,0
227.84266229346593,5,374,21,221.16897164267283,0,0,0,0
444.1706791037216,6,1080,5,584.197723985558,0,0,0,0
153.65358774286943,3,360,17,103.88905369017934,0,0,1,0
389.308222032322,2,328,21,432.992270892344,0,0,0,0
478.60216671807285,4,169,17,569.8533651020093,0,0,0,0
254.21449388324075,2,327,19,395.98990199917137,0,0,0,0
506.28837310766977,4,1781,11,584.108387927918,0,0,0,0
181.33219526384548,2,82,8,197.21111801063108,0,0,0,0
109.94860429916172,2,1777,9,70.93113790543502,0,0,0,0
27.024169198196915,3,1293,6,34.30190729789923,0,0,0,0
74.79984140472955,3,101,0,81.95738654148231,0,0,0,0
82.08155221569686,2,813,11,101.16810870839903,1,0,0,0
898.6032999778301,5,1107,20,786.2936561404456,0,0,0,0
57.65000814457356,4,889,5,65.56361322000106,0,0,0,0
306.2671111301783,2,655,10,246.96066916804403,0,0,0,0
54.83698481195504,1,1496,12,48.97870792023959,0,0,0,0
885.9075975573024,1,1337,15,1398.5367684335718,0,0,0,0
6091.69369456548,11,8,16,1111.029411878068,2,0,1,1
171.72612810292043,2,1724,13,200.45149384861455,0,0,0,0
175.78937996763716,3,1307,7,240.7468826823385,0,0,0,0
72.96589894148059,3,521,9,57.39465471324834,0,0,0,0
52539.43704200276,9,9,5,214.5511368927484,3,1,1,1
1389.8065383339897,5,1697,13,856.10593153392,1,0,1,0
1158.0014060314024,1,1096,23,1411.297573694175,0,0,0,0
139.178551247757,4,1784,15,187.67836046152402,0,0,0,0
21.791028765841837,2,149,16,13.549884620082008,0,0,0,0
25.950287782542834,1,654,13,38.01590750299254,0,0,0,0
421.221575587713,2,1101,14,260.72369748533373,0,0,0,0
236.60376490605265,6,1656,8,231.7646407960357,0,1,0,0
39.470051992970056,2,177,9,42.44771740086989,0,0,0,0
23.423087790879148,5,760,12,36.529493613853276,0,0,1,0
123.46096465117084,2,927,20,178.6289740223217,0,0,0,0
609.3133015723113,3,1566,20,715.0206790584024,0,0,0,0
316.2532874918591,4,1057,15,458.02767732001405,0,0,0,0
3597.6413306443255,10,413,1,1017.0753370744185,2,1,1,1
885.1526136061,2,138,21,1407.7297450937463,0,0,0,0
943.1617166963063,6,972,12,1210.939411762137,0,0,0,0
61.18257047836646,3,1727,10,89.02581207574275,0,0,0,0
32.9514333619523,5,1458,21,35.13115352357167,0,0,0,0
186.05646093204825,2,383,8,200.95291292505632,0,0,0,0
239.64333730293825,3,1627,9,334.83088979755144,0,0,0,0
280.6345230888686,4,1733,17,379.87139341088675,0,0,1,0
676.9498651472136,3,1681,6,953.8525486652298,0,0,0,0
53.726067532054735,2,1519,10,60.94129753123352,0,0,0,0
36.02542109518268,5,139,13,55.36380798312813,0,0,0,0
234.83136210101992,1,255,10,236.0755027121653,0,0,0,0
2500.0,8,16,3,200.9881213148602,1,1,1,1
760.9990014652328,1,1207,8,629.2463488152613,0,0,0,0
193.0887502547911,5,463,7,155.12569336161823,0,0,1,0
469.5692732781633,3,777,16,750.4644381492618,0,0,0,0
308.8864918705627,3,1215,13,429.0493958331199,0,0,0,0
60.75525784214647,2,1684,12,90.89972738976661,0,0,0,0
519.1600267708519,3,1381,14,327.91581007641054,0,0,0,0
41.521708800028755,2,457,22,27.250357433120122,0,0,1,0
454.94399663547586,3,1093,5,491.2141343383487,0,0,0,0
627.1302291793361,2,481,9,580.3258371654023,0,0,0,0
64601.38020959027,8,90,4,637.8610015597491,1,0,1,1
126.94379234060457,3,850,21,180.4678791976556,0,0,0,0
46.087331707982905,3,583,13,59.84438270079049,1,0,0,0
38.186826887199345,2,799,11,55.64860936203279,0,1,0,0
4728.3252215057255,9,611,13,956.9954148820816,3,1,1,1
534.6060507010358,2,1500,12,384.73992841575904,0,0,1,0
10.060740986965609,3,1306,15,8.287902617327285,0,0,0,0
44.87140235238785,2,278,15,64.02779240319943,0,1,0,0
63.82494010344104,1,629,20,68.58054388708644,0,0,1,0
135.8338845652675,3,165,10,166.51527783263973,0,0,1,0
3419.5287444925534,10,11,4,168.4845849460765,1,1,1,1
127421.53679430705,8,12,12,643.1944892220506,0,1,0,1
207.7877419108454,5,439,10,318.809375714675,0,0,0,0
528.4788778612989,2,1407,6,746.6766488798914,0,0,0,0
4549.4997019239445,9,246,2,909.7656830373274,0,1,1,1
301.51066393328523,4,1117,16,254.1152987650702,0,0,1,0
4520.085741046537,13,11,3,57.69696262021464,0,1,1,1
35864.07399763251,11,14,2,440.93629151258517,1,0,1,1
10592.254756251206,6,22,2,872.2449934004202,2,1,1,1
17.88734110318517,3,1591,9,21.790526376295144,0,0,0,0
23.606893976384427,2,891,4,30.804960118745235,1,0,0,0
282.2821095673672,1,1137,7,183.6152221357963,0,0,0,0
249.85441286006275,3,1217,14,357.2670978137472,0,0,0,0
15.34417132303274,2,1044,13,11.4372516380313,0,0,0,0
10.848399933499053,2,1768,6,15.96380065069247,0,0,0,0
19.78940689065434,3,388,17,25.850744860931787,0,0,0,0
149.80393955479013,3,44,13,159.72205182315622,0,0,0,0
356.2256642403075,4,303,16,556.8240700017168,0,0,1,0
93.79839460063573,2,715,23,124.91832172872301,0,0,0,0
62.07638668436345,4,1728,14,66.38563419850323,0,0,0,0
10383.834021528251,8,718,3,741.782146664976,1,1,1,1
24.508425217948954,2,1115,8,23.070420583260848,0,0,0,0
13.226139072218203,3,359,14,8.371270649901906,0,0,0,0
108.30988461660256,1,207,8,124.99387275341333,0,0,0,0
183.84727335507253,1,1048,0,205.19737811360613,0,0,0,0
45.08326134230678,3,287,0,62.27317107443204,1,0,0,0
38.26974114880392,4,308,12,56.69961782035963,0,1,0,0
207.19900986232219,2,571,12,309.08238346697885,0,0,0,0
171.59295268204804,2,755,16,115.58956401593022,0,0,1,0
603.9017687256944,3,1419,17,479.66445634286345,0,0,0,0
493.9590843634824,5,464,9,458.14175564888217,0,0,0,0
70.1483830901528,3,445,9,55.603375318169704,0,0,0,0
16.636488803667405,5,146,11,10.391675052875152,0,1,0,0
150.59233917451758,3,543,15,101.31418582068426,0,0,0,0
460.82251314637415,2,1559,12,637.558886361798,0,0,0,0
516.4243170965565,4,428,12,425.2743380697546,0,0,0,0
2500.0,14,537,7,323.44377171226654,0,1,0,1
1166.9187479048658,3,741,19,1594.846330865175,0,0,0,0
727.4882003438753,6,613,12,1077.6784964520896,0,0,1,0
259.5236419309275,2,1579,9,269.7319905355078,0,0,0,0
216.4473893323227,2,546,9,173.5906698674354,0,0,0,0
32.31779600532509,2,423,8,29.707938441667462,0,0,0,0
20.779195075102848,2,1698,21,23.844758141787327,0,0,0,0
8147.475414339008,13,373,1,1005.7727782201006,3,1,1,1
300.33005500894296,3,1116,13,191.43336172413083,0,0,0,0
770.7132271965027,3,710,12,739.981657144556,0,0,0,0
189.7444337345274,3,428,10,150.4522068805197,0,0,0,0
127.80483109751505,1,1448,8,186.25299468730162,0,0,0,0
215.87667865174075,2,1715,18,200.24183923217475,0,0,0,0
6567.7803534215855,7,18,6,841.0094731472705,0,0,1,1
2500.0,7,1012,6,509.8232396871216,1,1,1,1
61.3030445652096,3,1439,9,89.50659487061807,0,0,0,0
64.56938761141075,1,296,11,89.57058073834709,0,0,0,0
123.80072491156922,3,59,23,112.8625540687495,0,0,0,0
193.58644512530077,4,694,2,266.1301767675416,0,0,0,0
852.7080897191447,3,89,19,1318.5698565637344,0,0,0,0
562.5073055080182,1,1546,13,610.4701882721574,0,0,0,0
141.6261439613558,2,1122,13,172.87114203273663,0,0,0,0
737.9842052104082,3,471,6,675.5787982635806,0,0,0,0
63.9578285151432,1,675,17,86.49268546819667,0,0,0,0
203.2441580482626,1,861,13,125.33747189954063,0,0,0,0
137.79771242105238,5,141,10,126.85939816397197,0,0,0,0
305.84484495549106,2,1713,15,240.89756274827423,0,0,1,0
606.5420757308635,4,811,6,637.8934721142151,0,0,0,0
173.42182607129783,5,1319,7,170.10746726792036,0,0,0,0
52.58228302721536,6,1575,20,38.02067409959572,0,0,1,0
244.44538660810306,2,979,8,361.3803849928761,0,0,0,0
113.12060178441355,2,1287,18,117.87635834302553,0,0,0,0
124.38987072582958,5,889,8,115.25222675777522,0,0,0,0
94.99378009716585,1,1656,1,74.52782645851018,0,1,0,0
218.91088267642556,3,855,12,320.8721405078654,0,0,0,0
119.34179828619773,4,169,17,85.39143898892034,0,0,0,0
46.389292406747714,1,199,22,67.87124932421419,0,0,0,0
30.04729686584228,3,319,13,31.723701029176134,0,0,1,0
354.36005699729895,3,641,6,311.40648217721775,0,0,0,0
173.72546037552706,5,1108,14,132.79678898961762,0,0,0,0
354.8393100535771,2,1717,10,373.934629231212,0,0,0,0
126.26238009972916,4,1240,16,168.095908458244,0,0,0,0
376.6645815425479,3,947,16,388.70616055433123,0,0,0,0
77.31338587443005,2,1582,12,122.0803488666968,0,0,0,0
20.733314576720353,5,1270,7,12.639187083879747,0,1,0,0
113.42517060914517,2,1742,18,174.68076524042746,0,0,0,0
124.58124119918382,4,1031,1,133.1103293392763,0,0,1,0
385.20113596000715,6,529,14,413.71423199060456,1,0,0,0
599.4536052269274,3,578,16,446.118945813679,0,0,0,0
912.7702503734424,1,1402,10,715.0066260831516,0,0,1,0
278.8962214729678,2,920,13,363.7446670818911,0,0,0,0
25657.181160255026,8,22,5,483.28191855145656,2,1,1,1
201.80015725712056,2,476,18,153.4595799495161,0,0,0,0
430.67114066535186,5,1470,14,361.8906015284938,0,0,0,0
773.4198984615012,2,265,15,625.4100662478936,0,0,0,0
70.43354947145585,3,472,12,106.93190481849048,0,0,1,0
528.6593384897033,4,1058,0,790.3271565166303,0,0,0,0
51.28594989863844,3,1334,12,34.23229070952428,0,0,0,0
756.5476038436669,3,871,12,627.6240369500473,0,0,0,0
224.34000676440877,2,102,20,265.16425573468786,0,0,0,0
82.31816906605113,3,1259,16,116.39660077603465,0,0,0,0
606.7191894658362,1,1257,10,708.3480782378793,0,0,0,0
27176.2502801078,7,3,0,660.8034639777683,0,0,1,1
83.8164300492351,3,1439,9,63.192262128166355,0,0,0,0
548.5364807889636,5,1201,20,776.87555045109,0,0,0,0
9682.557080011506,13,766,3,857.7713375217742,0,1,1,1
250.60822683482135,2,134,8,208.49583755525552,0,0,0,0
112.14504378499898,6,1452,19,152.78169235359601,0,0,0,0
44.90761229223888,3,1305,17,31.246458139791326,0,0,1,0
180.69742866515367,2,1510,8,157.19273005052418,0,0,0,0
42.41981702095937,6,1769,7,26.179093939091192,0,0,0,0
96.89052106677379,3,109,13,123.3151765902038,0,0,1,0
82.7341554705993,3,50,10,105.08149967330489,0,0,0,0
34.95139461498664,3,628,12,37.29252868393916,0,0,0,0
546.3821415861117,4,1147,7,480.7422546997593,0,0,0,0
161.82127882194482,2,1046,17,185.65829821604763,0,0,0,0
329.53866913165285,3,756,8,248.47445903534359,0,0,0,0
2554.8753722957335,10,521,2,132.32872990253284,0,1,1,1
292.59833832202037,3,1426,5,269.7662637301874,0,0,0,0
748.7295486518519,6,172,23,1085.7777970483085,0,0,0,0
156.2393953814075,3,845,6,121.08254501585466,1,0,0,0
14696.668899633281,5,1180,12,815.4094567128034,2,1,0,1
450.33550551944836,2,1186,13,342.6160171762809,0,0,0,0
455.081206559002,3,1261,18,682.8004638282222,0,0,0,0
72.2716833852681,6,781,8,54.60409726021956,0,0,0,0
47272.75993690457,8,438,3,374.01043991477616,0,1,1,1
571.0547785460332,3,207,18,589.5481417551625,0,0,0,0
340.5032020004174,2,1641,14,493.9088025164196,0,0,0,0
502.4432555598929,4,527,7,506.73723082808533,0,0,0,0
117.30946423241355,3,1201,11,145.09815747364604,0,0,1,0
30423.02065017259,10,791,12,269.55770289812983,2,0,1,1
55.166079735762125,3,1764,19,33.68979991303567,0,0,0,0
82.87504411915367,1,1298,18,109.47203718972689,0,0,0,0
307.86406282194804,5,742,1,415.1668165233456,0,0,1,0
254.04834361239776,4,259,7,376.6489016772284,0,0,0,0
261.3515561793504,4,124,5,324.5935403134619,0,0,0,0
88.39071775270818,1,1507,18,78.67456873426693,1,0,0,0
69.67190631223676,2,1521,21,74.24307331341737,0,0,0,0
2500.0,11,576,0,1105.6643963026572,0,1,0,1
84.18964076954298,1,1692,11,76.0746883224097,0,0,0,0
21.18111656397814,3,209,10,28.987959969519753,0,0,0,0
525.9769976313851,4,1509,10,399.107026550553,0,0,0,0
61.80928139934008,2,141,15,38.55308244241406,0,0,1,0
54.06978050106441,1,847,15,47.40265439528371,0,0,0,0
774.9934978557983,2,1718,5,1011.9004089994086,0,0,0,0
28.462406736606756,2,816,14,36.2030683384704,0,0,0,0
127.96025305431493,3,345,17,176.1851827746627,0,0,0,0
41.12575723083313,1,1111,12,46.11545796680757,0,0,0,0
168.10389278494338,6,400,7,225.04265629956035,0,0,0,0
352.73420183000417,4,592,15,339.16673445287165,0,0,0,0
6915.197477208263,5,16,11,1103.8103309820367,1,1,1,1
576.409647575809,2,785,20,893.8012140320764,0,0,0,0
499.4191261587209,3,1489,4,488.6420584337051,0,0,0,0
58.2419955627428,3,1046,11,68.72009154818035,0,1,0,0
399.369720204097,5,416,19,581.0507527196838,0,0,0,0
21.2874097803666,1,1594,17,23.951214596321087,1,0,1,0
90.07596923219363,4,1374,8,55.19413137754057,0,0,0,0
191.18371183769207,3,1072,17,193.2549575783005,0,0,1,0
510.1065350008276,2,1407,17,308.67517326624755,0,0,0,0
1164.028616354493,4,78,17,1126.068380760946,0,0,0,0
331.8650438203049,3,1043,17,408.6644572180068,0,0,0,0
14.969877485154116,2,606,3,14.179843089395389,0,0,0,0
110.23546538120208,4,1775,5,87.00145222689503,0,0,1,0
112.74626995129165,2,78,9,170.92972039319676,0,0,1,0
403.1580111751738,4,1296,12,251.75987706709435,0,0,0,0
363.2560442145283,3,1556,16,342.00605674299163,0,0,0,0
432.96158982922407,2,765,11,502.23036780430056,0,0,0,0
326.46755748620734,4,355,19,202.51175718091596,0,0,0,0
283.26276419113316,5,870,9,395.91307850927063,0,0,1,0
600.9872823883233,2,1316,13,802.1080043749979,0,0,0,0
31460.04911239356,6,29,4,1005.6863460106124,0,0,0,1
381.4506160992237,4,388,11,256.09603303996596,0,0,0,0
228.3288105804051,3,593,18,220.96900579277832,0,0,0,0
783.2682143441237,1,486,10,736.739101363867,0,0,0,0
225.0580256738688,1,1371,15,301.3542039325822,0,1,0,0
236.19330974009526,2,59,11,366.5141893187324,0,0,0,0
389.39887330598253,3,1263,17,547.0482649457512,0,1,0,0
2500.0,8,636,4,661.5671291171732,2,1,1,1
130.7776998319671,2,1191,6,183.40075762730166,0,0,0,0
499.29707214011984,2,791,12,447.4232330395337,0,0,0,0
126.75108028658697,6,209,11,161.49873304115636,0,0,0,0
72.4756194595299,2,1487,7,94.75132758979045,0,1,1,0
15349.56430026011,5,23,3,931.1857732585851,2,1,1,1
205.6812115500782,1,1270,8,318.1938533309785,0,0,1,0
193.1726333810107,5,579,7,147.11887247053883,0,0,1,0
42802.15643958537,9,533,3,786.8228356876969,0,1,1,1
162.95257745927614,4,656,9,258.6178540785248,0,0,1,0
77.83329308395145,1,449,16,54.04705089218505,0,0,0,0
128.22620953099613,2,142,8,92.69104275925494,0,0,0,0
227.41972168131227,4,1547,12,188.42777076862265,0,0,0,0
189.98573842245202,1,637,14,276.34969196779053,1,0,0,0
278.74369101374947,3,795,8,402.8076515609355,0,0,0,0
210.58005645925078,2,671,6,210.60986453305674,0,0,0,0
268.3557716850017,5,908,10,394.5127440696741,0,0,0,0
47.79978657168631,3,175,10,63.778959756486586,0,0,0,0
390.2687815090525,2,1241,18,439.6411746089458,0,0,0,0
368.6666708520504,3,433,8,404.73028379431565,0,0,0,0
5365.823625133296,6,24,4,329.84478736126283,2,1,1,1
108.36997982865884,3,1206,9,128.30848006701777,0,0,0,0
905.9471266438006,1,209,16,1260.524521019692,0,0,0,0
315.22964946567004,4,755,14,345.63991818372523,0,0,0,0
1086.5489430424532,1,63,12,1407.5290039438771,0,0,0,0
80.91102981461545,6,735,10,74.68074614208042,0,0,0,0
168.95586799894164,4,1307,20,183.15733608869297,0,0,0,0
154.14282419272453,4,1466,10,108.56852509198677,0,1,0,0
318.7632949835318,6,780,13,495.15917160515517,0,0,0,0
191.57277980758906,4,356,11,159.04993934345757,0,1,0,0
28.413459651151893,4,1770,2,20.58633072718541,0,1,0,0
38.23638679910775,3,982,10,48.226589838410135,0,0,0,0
591.8560289954436,3,338,11,428.1835237876075,0,0,1,0
112.73179496749297,4,1144,9,124.87190704849922,0,0,0,0
527.2117766584236,2,1686,16,672.3900235406159,0,0,0,0
173.94979047340286,2,952,18,158.79680114088063,0,0,0,0
10736.903110836656,7,20,13,77.63038940487836,2,1,1,1
254.95014431304645,5,617,5,287.5578634053232,0,0,0,0
133.60115804611127,3,1220,4,185.39720618364,0,0,0,0
96.13751335096474,6,1018,9,142.2926513331522,0,0,0,0
50.84658905712239,6,1740,10,76.1318152822585,0,0,0,0
134.5981242714293,2,1155,9,82.1970650828443,0,0,0,0
119.01511960587868,2,265,21,168.65249687345863,0,0,0,0
2500.0,9,708,1,1066.5784454241534,3,1,1,1
226.24294160193557,2,483,9,269.56602093178515,0,0,0,0
143.63780993375536,4,1636,12,129.67784274967588,0,0,0,0
184.00857291325397,1,762,13,137.20768398822702,0,0,0,0
225.02557285055497,3,1738,22,294.25589260886863,0,0,0,0
116.09645924119803,3,31,8,161.33516320410635,1,0,0,0
661.1238430656529,3,919,15,420.6872920082305,0,0,0,0
53.80074329204106,2,794,13,43.608832968258966,0,0,1,0
21.5682346632807,3,1354,11,25.44536371203445,0,0,0,0
285.71919460114873,2,77,11,430.9461691801214,0,0,1,0
323.07477211923776,4,1759,13,459.01078949880963,0,0,0,0
47.55863218183467,5,1293,10,37.33471416108062,0,0,0,0
633.5146588485278,2,219,9,810.2067091882898,0,0,0,0
16734.14498562724,17,662,3,1087.9573319553463,1,1,1,1
32.34678490761228,4,1744,7,37.9842666392637,0,1,0,0
282.29059682256025,2,1164,7,298.5850361703879,0,1,0,0
24.487607766481446,3,536,9,17.238197179940883,0,0,0,0
53.61040296349986,1,863,12,54.50839979297711,0,0,0,0
240.91878017119308,5,1361,9,175.45927771693565,0,0,0,0
275.345801146144,5,519,20,422.0614955666863,0,0,0,0
201.71236097686142,3,1043,8,220.58834006150252,0,0,0,0
35.92232314329569,1,743,11,28.486033688210387,0,0,0,0
284.78865240362705,2,1690,7,224.6662354932146,0,0,0,0
134.18126405918454,1,1462,19,165.13190282193023,0,0,0,0
89.36307876287786,3,1279,16,93.57593009116215,0,0,0,0
12.28214347216414,3,1044,13,8.58748802227322,0,0,0,0
257.7006299625391,1,894,1,300.03723532618363,0,0,0,0
210.6885297553719,2,782,19,294.2432541180138,0,0,0,0
307.1514138055575,2,1759,13,211.69962891753443,0,0,0,0
922.715105788893,3,1413,8,1342.9701309539055,0,0,0,0
88.28536214646596,2,405,18,121.01459597533261,1,1,0,0
614.3145059198513,4,895,10,761.1034213123893,0,0,0,0
165.11155991722143,4,625,19,153.57635202719774,1,0,0,0
34.40062724746401,3,539,19,46.740900823236046,0,0,0,0
38.340334635165846,2,1118,18,35.867433035169945,0,0,0,0
128.44206754772773,6,1672,17,169.33165256050486,0,0,0,0
629.0650464689696,6,980,18,501.97406160953886,0,0,0,0
4050.295748232117,5,8,9,945.7405846995737,2,0,1,1
10364.394928214138,4,782,4,911.3116894724295,2,1,1,1
53.915949213102195,2,525,13,61.70090096555881,0,0,0,0
177.6318179438751,3,1592,18,267.4637471910424,0,0,1,0
81.68470574582459,4,1591,19,129.12891859999814,0,0,1,0
892.3418963064435,3,1121,7,1045.5505160462917,0,0,0,0
1076.6739877891055,2,891,16,1641.9212691665662,0,0,1,0
556.7645042789125,3,358,22,842.6828681834183,0,0,0,0
272.5992098311549,2,550,9,409.75615676276016,0,0,0,0
169.76653334407746,2,1687,10,236.58834612516438,0,0,0,0
185.4276660830421,1,411,11,220.13641417327875,0,0,1,0
169.63509421196545,2,270,8,135.88636978177036,0,0,0,0
28.27495165016792,4,1322,19,40.036658177261614,0,0,1,0
751.3168052880509,3,1113,8,510.9823150691649,0,0,1,0
533.0010117161186,4,923,9,437.87575126894495,0,0,0,0
687.4696125197835,2,1160,1,977.4160272897293,0,0,1,0
152.2988543048083,4,1659,12,171.1982190401157,0,0,0,0
379.3939208173454,1,1586,5,300.01188529128524,0,0,0,0
223.58056688593257,3,1036,12,256.59927015182257,0,0,0,0
185.15346402791553,2,1146,8,178.1274772795674,0,0,1,0
762.5303577293803,4,1713,8,542.4726059834361,0,0,0,0
80.46860043294474,3,853,11,51.10007516107134,0,0,0,0
62.37706747258304,2,1261,12,98.33431495446844,0,0,0,0
186.37572612401598,1,1662,21,116.71552134282997,0,0,0,0
239.75026624848573,5,1058,15,337.75266231484704,0,0,0,0
2500.0,9,251,1,1025.8601724204032,0,0,1,1
582.0734373055647,3,1742,2,603.9399367132152,0,0,0,0
278.8622142626159,4,544,10,418.9737452170698,0,0,0,0
12881.668057668154,6,858,4,414.86072209151473,0,0,1,1
13.46022471473162,2,1630,6,14.140732487504058,0,0,0,0
158.5257303594039,4,1441,15,227.1411456916957,0,0,0,0
4898.0937720923375,8,713,10,777.5161743344651,0,1,1,1
222.0819164138465,2,868,10,233.87181796990185,0,0,0,0
1077.6737032365245,3,178,9,1433.484870656,0,0,0,0
199.53073688651742,3,1126,17,188.67917975143123,0,0,0,0
73.48746682700613,3,599,8,67.73710169126055,0,0,0,0
328.2740429979237,1,223,12,439.0774993021721,0,0,0,0
506.9378061635302,4,746,21,391.93481856451086,0,0,1,0
13563.638170059457,7,17,10,1181.3268035932904,1,1,1,1
40.476626585324475,1,1271,16,58.378147988666115,0,0,1,0
197.20246936331074,3,81,2,168.73654015258901,0,0,0,0
63.378119360748805,4,1710,20,46.27988899260728,0,0,1,0
61.86270450835599,3,1773,11,45.9109265737371,0,0,1,0
224.22272493168813,2,760,11,144.07342601948434,0,0,0,0
199.21299728696044,1,1210,11,230.26291022623224,0,0,0,0
611.2051572000429,2,107,9,462.76037974187517,0,0,1,0
59.93699949393079,3,1177,9,58.42351263817605,0,0,0,0
78.71544476461393,4,1044,10,62.153981556635934,0,0,0,0
67.4107924726166,2,1246,3,58.62191685139882,0,0,0,0
82.8097651504765,5,1763,11,125.69771052726564,0,0,1,0
272.7167822210074,1,832,8,215.61559033370438,0,0,0,0
34.94549152623027,5,1579,0,54.8023777541115,0,0,0,0
104.60453777316134,2,865,15,128.27871943281238,0,0,0,0
41.59187737232674,1,789,12,25.772336092821057,0,0,0,0
527.0271126314775,3,416,6,839.16181382808,0,0,1,0
109.65400802512495,4,1122,16,98.80732784644846,0,0,0,0
5495.152271697215,8,967,4,1086.9526045524333,2,1,0,1
23199.445022991822,10,8,4,1173.1322965385823,1,1,1,1
416.9922351851391,4,138,21,367.5359674613951,0,0,0,0
87.88047823030462,1,77,1,117.4897859481387,0,1,0,0
3354.676914215402,7,17,2,909.8429800458654,1,0,1,1
20095.869106072874,6,16,0,1167.765262578999,2,0,1,1
32295.546199390985,6,18,10,1140.3646215792407,0,1,1,1
2500.0,13,25,2,620.6013273959276,1,0,1,1
282.754603278955,2,1186,8,439.5867178926492,0,0,0,0
177.47543390746156,2,388,14,240.83329088892938,0,0,1,0
205.35103623844873,3,312,13,266.9921021251792,0,0,0,0
30.207064442492136,1,735,15,40.66247249974665,0,0,0,0
601.7922017558486,3,826,8,709.9644013738094,0,0,0,0
324.7775646760599,2,594,10,466.03692485404696,0,0,0,0
55.30499402876698,1,685,10,60.44966323110577,0,0,0,0
143.95873408183726,4,326,10,202.25390969036474,0,0,1,0
47.624505098211976,5,1708,11,39.72664722216223,0,0,0,0
190.31181088626897,5,366,9,243.20189188214624,0,0,0,0
119.79658436747096,4,1709,6,85.40629471325357,0,0,1,0
80.09635525103064,2,1656,6,79.83461369812777,0,0,0,0
44.7744321111606,4,1791,9,57.68734324135361,0,0,0,0
425.7530747564347,2,533,17,346.9254114655123,0,0,0,0
455.8608484906273,3,1561,3,557.4930694865049,0,0,0,0
344.8847726059908,3,1267,14,459.0789659118277,0,1,0,0
329.952236193112,3,1225,12,246.98499976975853,0,0,0,0
273.1506001993872,2,945,14,277.10332501717954,0,0,0,0
118.16516462108568,2,146,10,161.72800967633032,0,0,1,0
529.2644416510426,3,637,0,617.2813174688634,0,0,0,0
102.35354297703371,3,1574,9,72.90230590069005,0,0,0,0
95.44583167297203,3,108,8,138.4804240224071,0,0,0,0
124.85385617994474,1,192,14,188.6837362389083,0,0,1,0
57.637645743168115,4,78,12,63.77942805398722,0,0,0,0
256.3789534788551,4,1791,8,347.5159096364621,0,0,0,0
65919.76969792669,6,480,1,616.1812206512877,3,0,1,1
542.7006943580723,2,1072,15,584.0953537988033,0,0,0,0
621.122680909886,5,1426,17,946.2025857113543,0,1,0,0
412.805510539813,1,83,6,442.4497261529862,0,0,0,0
221.72642511962843,2,276,14,219.92509731778412,0,0,0,0
12978.880576504176,10,28,1,936.2016758987814,0,0,1,1
113.12197042503307,5,632,17,71.12485432414412,0,0,0,0
10399.045339923436,7,26,2,823.8046150602968,3,1,1,1
111.20836299800112,6,480,9,92.43777273850965,0,0,1,0
230.6111522771385,1,955,10,223.6058892414081,0,0,0,0
12.86375677760835,3,762,10,15.254506633713367,0,0,0,0
241.35633173566683,2,1463,20,210.14893083998177,0,0,0,0
10.23587186796274,3,1142,9,14.905904588326159,0,0,1,0
61.47987817264049,5,979,2,93.92014429036281,0,0,0,0
123.55056022716575,2,1117,14,108.21895095276163,0,0,0,0
126.37275868202043,3,245,17,179.65409687285455,0,0,1,0
196.47363674302173,5,1300,9,246.86596633256022,0,0,0,0
97.19940536122213,3,183,12,123.67681169213114,0,0,0,0
969.4222811231574,1,1233,13,1237.651197557186,1,0,0,0
168.3318953036843,1,1623,18,241.76924981129315,0,0,0,0
154.08296476047536,5,59,5,167.38639225708698,0,0,0,0
266.0887786340311,2,149,17,235.55673836996726,0,0,1,0
101.2286122800412,3,1035,14,71.89737710070212,0,0,0,0
36.77788535096674,1,349,16,32.22774896408039,0,0,0,0
876.9520367262373,2,1699,15,944.7338837026062,1,0,0,0
633.0374039461374,3,550,10,735.5311627495515,0,0,1,0
80.7240634396329,2,523,9,105.81632466495199,0,0,0,0
116.00181658820995,4,307,14,77.23276359048454,0,0,0,0
36.38716840553144,5,1244,20,52.646747057787216,0,0,0,0
203.64059014273093,1,634,16,306.01024832064246,0,0,0,0
277.52843797597365,3,1001,12,413.65423621699824,0,0,0,0
832.4089740177006,3,564,17,1132.8840648131297,0,0,0,0
180.03023751410382,2,380,17,229.40487428369164,1,0,0,0
467.83556837861045,4,338,19,543.9812857862753,0,0,0,0
271.97194526330094,5,796,6,431.5967603367562,1,0,0,0
246.73859715441273,3,1231,10,370.40175761310377,0,0,1,0
382.5071395852294,1,242,12,338.95956928467297,0,0,0,0
4151.661413758948,11,17,17,790.0807058208868,1,1,1,1
388.06018939319915,3,272,20,437.1817920267647,0,0,1,0
185.96712897479452,2,1413,7,158.38164113244557,0,0,0,0
225.16823586136593,1,1449,15,192.24380119575457,0,0,1,0
330.58425972041516,4,441,17,484.22467878782544,0,0,0,0
260.1840719828515,4,1008,9,377.92208238009925,0,0,0,0
298.18769077466544,2,293,9,246.07908369415307,0,0,1,0
62.21767765738865,3,251,9,53.609392287709774,0,0,0,0
2500.0,14,19,4,134.894634465892,1,1,1,1
184.90160272792707,3,200,16,268.0498948536102,0,0,0,0
307.81033621346165,2,1351,17,260.1977719076949,0,0,0,0
288.88590955598863,4,1452,4,304.01178135953114,0,0,0,0
54.97752315487673,2,1777,6,56.11583612298725,0,0,0,0
122.9928965473414,4,949,11,165.5738152750639,0,0,0,0
254.88619648278421,1,811,8,306.7137076709991,0,0,0,0
334.9349581428606,5,576,7,489.86819617833027,0,0,1,0
33.75962851726867,3,551,23,21.016505365724537,0,0,0,0
76.44604825230017,2,155,14,80.67301129760978,0,1,1,0
151.19206220673905,1,1057,19,144.42522295503935,0,1,0,0
3255.069590491212,4,1024,4,421.0344597288409,2,1,0,1
699.4372904289145,1,573,21,665.9221614915431,0,0,0,0
522.5230944714756,2,1145,12,376.597877548368,0,0,1,0
2500.0,9,323,2,1051.7359981809732,2,0,1,1
125.7910308355056,3,1193,11,157.0450844946149,0,0,0,0
104.20728387263156,2,297,11,120.29788102108304,0,0,0,0
284.6673114919212,3,665,14,253.90114347696664,0,0,1,0
13.574592677377284,4,367,17,11.190546634761485,0,0,0,0
113.57731234790796,5,418,13,96.74309423096483,0,1,0,0
175.57831842293544,4,188,9,125.48655291752118,0,0,1,0
490.9393788933007,2,1254,15,773.0614905377089,0,0,0,0
32.262584717720394,3,117,13,21.586777438796307,0,0,0,0
221.93189036464662,2,1704,14,149.07834897583658,0,0,1,0
261.9005574362667,2,914,14,361.3734824219586,0,0,0,0
74.54178120281755,4,342,19,117.00006611910521,0,0,0,0
527.2710283093859,4,117,12,392.5808196706054,0,0,1,0
220.54536659053275,4,1385,17,173.9276092358225,0,0,1,0
2500.0,8,10,17,1015.7720545456644,0,1,1,1
499.94707757706277,3,1405,12,485.4371412758936,0,0,1,0
214.00397734083327,5,650,12,189.51503139865198,1,0,0,0
85.24417364967928,1,1414,14,94.60935527034407,0,0,0,0
370.2247991563692,1,1266,14,455.7048305935924,0,0,0,0
299.4920855739068,2,1588,22,448.51604639915195,0,0,1,0
325.9338474656379,2,1448,10,237.45111912024944,0,0,0,0
203.85587860001237,6,1557,23,236.3042130274035,0,0,0,0
136.5803179627568,2,1629,15,112.54510298932803,0,0,0,0
28.801305576674466,2,1202,19,30.79148367789214,0,0,0,0
246.24040870814486,3,1783,16,338.25616325159757,0,0,1,0
2500.0,8,294,18,441.5876160017185,3,0,1,1
614.2864511585861,6,482,8,397.3554608039847,0,0,0,0
272.42976872195004,3,105,19,268.78358948042853,0,0,0,0
64.21529156484559,3,1452,20,102.23591275095673,0,0,0,0
254.37021329085928,1,185,12,385.089118358482,0,0,1,0
75.28471747511952,5,407,13,62.8044533285986,0,0,0,0
631.1323877482943,5,749,8,398.6631221634095,0,0,0,0
392.71793442992544,4,1268,11,416.81087691119956,0,0,0,0
17.607995229992817,1,1471,9,14.337250084812283,0,0,1,0
249.59045893531427,2,94,9,154.3335551448851,0,0,0,0
324.02437727266846,2,1691,13,319.76831371311613,0,0,0,0
94.74777134905332,1,1793,11,73.83273322879397,0,0,0,0
29.586321672323265,1,1487,8,26.83451185219141,0,0,0,0
82.8364167226443,3,1245,7,80.68432422380346,0,0,0,0
256.1851265024918,3,1432,11,392.3970741500853,0,0,1,0
65.50274196224356,2,1586,7,64.63446548019853,0,0,0,0
482.9429970125699,1,547,12,355.50188798690243,0,0,1,0
93.26904366567784,3,532,20,102.65365345627838,0,0,0,0
2843.943783500718,6,21,5,1134.3422911922478,1,1,1,1
15997.699726847113,11,400,3,841.0705825616221,0,1,1,1
23.338743377112333,5,1604,10,29.683626890488537,0,0,0,0
486.2996557610512,4,181,16,667.4301764946172,0,0,0,0
123.71038310585087,2,567,3,82.33655079136467,0,0,0,0
8603.593022889194,9,870,17,355.9601280888485,1,0,1,1
54.01957743054899,2,1606,19,67.56048863189714,0,0,0,0
149.41027510344674,4,113,15,116.18077867822777,0,0,0,0
43.972260324356995,3,1126,3,58.993163937629305,0,0,0,0
263.90499256218834,2,534,10,231.20072287601283,0,0,0,0
53.478232127363626,4,158,9,78.98437467623701,0,0,0,0
48.603085511174214,5,1275,13,49.80672445472864,0,1,1,0
14.510058734462067,3,1436,15,18.21158188363355,0,0,0,0
103.20743138207082,3,75,0,134.679805800175,0,0,0,0
83.0046530960685,2,287,6,67.1005263482641,0,0,0,0
198.72404537011613,4,638,16,148.98132029004162,1,0,0,0
4669.877959258974,8,4,1,768.0231979126323,2,1,1,1
435.12507178354116,3,445,14,625.4287817616505,0,1,0,0
45.37068042097328,2,1760,13,52.90462068891055,0,0,0,0
12304.792324369819,9,125,1,1149.8194430903852,3,1,1,1
15.969445853879126,2,326,14,22.511214694886363,0,0,0,0
2968.2833273201295,11,782,9,539.4562199187887,3,1,1,1
209.8661428843105,2,412,9,214.98294926150132,0,0,0,0
102.65424641862366,1,1638,19,153.35489225315033,1,0,0,0
171.99570803458008,4,1599,18,124.48756886426321,0,0,0,0
429.0659691358374,4,1446,9,487.8825855133446,0,0,0,0
45.971988847574735,3,242,7,45.15045255337024,1,0,0,0
3444.032330172613,14,18,4,54.47767950410004,0,1,1,1
106.56319542051318,2,1282,8,151.9055938105025,0,0,0,0
205.78142093824363,3,1621,11,247.16136384688306,0,0,0,0
360.4719094083179,5,559,10,517.2853656092566,0,0,0,0
523.7615092185844,2,791,11,542.3527142971641,0,0,0,0
1214.7957099078205,5,392,1,1125.6275059871596,0,0,0,0
56.13539784980459,2,234,19,58.25532578425539,0,0,0,0
10.033675519100669,2,108,16,13.838146193243947,0,0,0,0
163.23899351277282,1,1457,10,184.97579317245635,0,0,0,0
248.98709019087076,2,701,21,294.69061451939314,0,1,1,0
154.73672265663708,5,293,11,176.36181756396206,0,0,0,0
498.2939631421396,3,337,6,566.5067892635453,1,1,0,0
213.4777879827363,5,494,12,189.95653572325224,0,0,0,0
150.9622176749523,5,136,13,100.70829478335878,0,0,0,0
27.178233059604505,2,764,17,40.54708084152642,0,0,0,0
717.0472175994493,3,843,19,439.91001979737075,0,0,0,0
540.5909627496399,2,985,9,591.972339610808,0,0,0,0
208.29292071973236,4,750,14,132.36437220493073,0,0,0,0
3524.6690313810873,11,6,21,442.1961211330136,2,1,1,1
707.3006263972582,2,958,13,772.087296118393,1,0,0,0
887.6154303206366,2,467,9,1130.3507206372433,0,0,1,0
7825.014428912641,6,3,12,533.5926654745249,1,1,1,1
1194.8467019660925,5,418,6,1429.9829505914781,0,0,1,0
32902.50237585816,10,13,2,478.8733509663422,2,1,1,1
118.61084285174275,1,1131,17,77.57842511469292,0,0,0,0
51.94487588129998,1,1222,12,78.51582153323784,0,1,0,0
57.576634035527185,1,422,7,74.72470686158226,0,1,0,0
168.4531356762833,2,1477,21,231.53558527914288,0,0,0,0
40.839673147519505,2,775,9,38.1206461597045,0,0,0,0
142.21835390541293,3,1627,10,220.726193305765,0,0,1,0
10359.391311906356,7,16,5,571.2330122137249,3,1,1,1
643.1124360411234,4,855,9,477.2663864049283,0,0,0,0
956.1266792768758,3,284,19,1006.5585866130683,0,0,1,0
724.4700391234969,2,926,17,665.9114458013253,0,0,0,0
94.13347323792846,5,351,8,119.80469211218613,0,0,0,0
214.32890855181557,3,1671,12,332.65981241207504,0,0,0,0
426.5307571669116,4,1244,11,362.52864688824553,0,0,0,0
232.49232805916222,4,1401,21,205.72103962338508,0,0,0,0
228.5003392111343,3,1227,10,198.98951443642898,0,0,0,0
96.07853757435491,3,766,17,119.61454364267045,0,0,0,0
46.092747301676084,3,1108,9,44.021760163952926,0,0,0,0
90.47839585917012,4,414,11,60.02382651403054,0,0,0,0
131.33650653575833,3,1141,10,92.03920107481488,1,0,0,0
261.08356927258814,4,1224,18,338.47585305847855,0,0,0,0
17.919919706064462,2,254,4,22.9176100081747,0,1,0,0
30.300850740824743,1,358,16,37.546118484092304,0,0,0,0
65.74619555762308,2,963,15,92.85910014020517,0,0,0,0
145.6524085865795,2,90,9,93.83980671760362,0,0,0,0
310.7542129771347,2,758,11,415.91583458187824,0,0,1,0
179.2480304653567,4,642,12,240.4501463104318,0,0,0,0
39.86687405826957,3,1614,17,58.05485969729835,0,0,0,0
14723.765827431625,8,29,18,126.89131964443254,2,1,1,1
168.0505604538558,3,388,8,148.4495372705317,0,0,0,0
18.50245461539794,5,597,18,15.688063151531622,0,0,0,0
21701.9526093924,8,11,0,1020.4893972586106,0,0,1,1
20.5957315533316,2,1583,7,17.92078418047463,0,0,0,0
2500.0,7,8,5,772.3271539116492,0,1,0,1
11.446843973181918,2,306,13,16.899274084595987,0,0,0,0
612.6029991728316,3,786,10,893.87431773005,0,0,0,0
38.952593408077576,2,903,20,59.089210285105125,0,0,0,0
204.1088996997807,1,919,6,197.42580512385808,0,0,0,0
136.42771338389872,6,1374,14,138.60078710456878,0,0,1,0
254.82422503899852,2,1138,20,340.50493806671545,0,0,0,0
54.639324404407844,3,141,15,79.30384083415832,0,0,0,0
241.26203317685292,3,580,11,319.49120758397817,0,0,0,0
553.7247293915549,5,1326,5,353.07917587549275,0,0,0,0
8656.241491414252,10,637,4,226.4887731023428,2,1,1,1
90.00718071550456,2,1286,11,56.64573099610903,0,0,0,0
848.3277844043548,5,1289,9,1023.7192243809001,0,0,0,0
453.3127499938911,1,1219,6,414.6872468470134,0,0,0,0
93.3467667585606,5,954,17,57.178535829194644,0,0,0,0
239.66431029851321,3,695,9,258.3403079843138,0,0,0,0
142.35034130252214,3,547,5,195.3346996971172,0,0,0,0
44.916594653382745,2,690,10,52.435074504112514,0,0,0,0
1605.3030138956892,6,1185,10,2183.2307811119076,0,0,0,0
128.62214747950458,4,1224,19,108.24484569392071,0,0,0,0
11023.317936798654,11,25,0,869.5733842095923,1,1,1,1
439.57250891497887,4,1758,17,360.6000474214782,0,0,0,0
105.05621578575834,6,1271,20,144.41187132653775,0,0,0,0
525.7911441051426,3,217,20,485.81890659471344,0,0,0,0
135.6886304225492,3,170,14,154.91623111693696,0,0,0,0
286.70050100860277,4,352,20,262.43420400571836,0,1,0,0
85.68206562106216,5,1277,16,56.681920444437026,0,0,0,0
184.35489402427396,3,975,23,127.18187679305646,0,0,0,0
124.83894206719502,4,1488,13,99.47552991537655,0,0,0,0
365.17564543002135,2,446,17,447.42832556986156,0,0,0,0
1196.9111208399859,1,206,13,1091.1664284333142,0,0,0,0
47.63956160354815,4,82,18,74.1313435536515,0,0,0,0
49.88200387007681,5,767,8,39.122090661472654,0,0,0,0
286.72064656408844,2,578,18,193.5707854447229,0,0,0,0
324.98009499573163,2,483,14,355.56335972224934,0,0,0,0
277.076259728826,1,337,15,327.50467528893176,0,1,0,0
66.88552403994441,2,1163,8,67.55721810282685,0,0,0,0
226.64364154191674,2,220,9,264.71323554962186,0,0,0,0
482.981946418147,4,252,7,764.2165949295585,0,0,0,0
14.640471852691501,3,1300,12,20.570507798809867,0,0,0,0
259.44811492273163,3,953,21,165.4183060009089,0,0,0,0
202.72075603097045,4,252,6,268.2847889594816,0,0,0,0
191.59318097363524,2,1318,7,234.5511051781647,0,0,0,0
150.60689427240567,4,921,11,188.32384026832295,0,0,0,0
97.14896843437148,3,1538,11,131.70801767904507,0,0,0,0
161.18773054118446,3,1131,10,124.96595317297636,1,0,1,0
163.32139499737588,1,1701,7,173.66627414281933,0,0,0,0
393.3359543765369,3,495,9,339.5561334565189,0,0,0,0
324.6817865733556,5,203,17,370.9307551869083,0,0,0,0
112.34800962120859,1,123,8,114.46369957480869,0,0,0,0
76.27773077011557,4,848,14,57.441382930828425,0,0,0,0
90.64763167982585,3,1549,8,103.00807239191538,0,0,0,0
270.4792796007058,2,1604,13,294.9144972408177,0,0,0,0
45.31278503817131,2,893,13,60.72139659237524,0,0,0,0
700.9538458284079,2,59,8,1112.6334433263014,0,0,0,0
55.71044935360069,4,712,11,71.98479988984916,0,1,0,0
146.56852764228205,2,779,13,216.7435912402196,0,0,1,0
216.7775270224111,2,1085,10,211.8284829872461,0,0,0,0
690.9192214406187,3,1724,18,877.790737814594,0,0,0,0
206.66172916066714,3,544,17,129.31535752125438,0,0,0,0
21953.249770288505,8,691,7,832.2174419336251,0,1,1,1
1010.5856537153968,4,232,9,939.1738238069518,0,0,0,0
615.4387702661176,4,1755,19,392.8902418517801,0,0,0,0
5618.0283993730945,9,25,16,450.52866513263643,2,1,1,1
4293.479529550972,5,997,3,260.0909613552051,0,0,1,1
107.74616545259924,5,832,10,138.93907693899664,0,0,0,0
43.70756932274475,4,370,8,66.98584795322978,0,0,0,0
1360.010609789922,6,1763,10,830.5737484687045,0,0,0,0
112.48605390185111,4,480,22,173.38713423741262,0,0,1,0
342.03012493461546,1,1328,3,491.3212539348255,0,0,0,0
11.093204122936603,2,1155,11,11.489127072168527,0,0,0,0
6230.041550236818,13,465,3,658.263182344481,2,0,1,1
107.18171018836205,5,283,7,162.0182356788206,0,0,1,0
481.6566853929361,4,1155,11,629.6571996987766,0,0,0,0
67.73179000801113,4,193,13,59.456204222379945,0,0,0,0
35.7873196670949,4,266,9,35.24739792550223,0,0,0,0
19.396119441380634,4,718,7,19.02146404668723,0,0,0,0
28.29058354369679,5,767,18,19.40574364525249,0,0,0,0
903.9352827270288,1,565,5,971.6340652277349,0,0,0,0
3122.7698812859917,7,612,15,1113.3430795710246,3,1,1,1
435.8918555396431,1,1349,14,563.9578445970038,0,0,1,0
379.76968864067794,2,1110,10,235.23479134216896,0,1,0,0
163.2610301516756,2,153,20,139.5360468592388,0,0,0,0
41.92740543745742,3,679,8,49.383786472715535,0,0,0,0
561.2179389151286,4,1644,14,695.1964488485886,0,0,1,0
97.15832920841947,4,1087,14,94.84420895996523,0,0,0,0
92.33471954009765,2,1154,5,119.86058035741472,0,0,1,0
227.44148524595474,1,614,9,360.168460718379,0,0,0,0
526.6638246193323,1,1141,16,461.06564206035546,1,0,0,0
368.83937246220074,2,431,12,387.42888169313255,0,0,0,0
60.505462675991396,2,630,10,50.06788938163967,0,0,0,0
241.81221316421053,4,937,14,383.46415754528766,0,0,1,0
671.5378693193132,3,895,13,793.1380622798689,0,0,0,0
500.52057398985465,1,1115,16,374.34985607275377,0,0,0,0
394.298550473616,5,793,3,294.8628144163523,0,0,0,0
27.34195091038116,5,723,20,31.472523727201132,0,0,0,0
425.33204977175717,2,77,10,298.98735677165104,0,0,0,0
115.38361289286023,4,1037,12,129.4815520068701,0,0,0,0
8259.637828149534,9,229,17,813.4946155465501,0,1,1,1
159.5025578447307,3,56,17,194.90706407854276,0,0,0,0
159.9889034432989,3,489,18,99.52501692029432,0,0,1,0
368.5298984103032,6,985,21,368.76751938239096,0,0,0,0
165.87379204308047,3,1150,11,155.18589502801265,0,0,1,0
146.0330212646522,6,547,17,131.5451328204749,0,0,0,0
114.09711434581317,6,1331,11,136.23732437255381,0,0,1,0
6395.914671709056,16,812,16,749.7192356141135,1,0,1,1
304.42301048942596,1,843,14,364.7618475329496,0,0,0,0
2500.0,13,1,18,666.7262339921255,2,1,1,1
579.4946700744604,4,1351,12,718.7553702302143,0,0,0,0
4321.035281760772,8,27,13,958.7245523837291,2,0,0,1
412.08883021919536,3,598,15,441.2254062042149,0,0,1,0
220.49392814196713,5,1722,9,168.11182778412723,0,0,0,0
120.85511557427652,4,152,7,155.99675595309648,0,0,0,0
150.067146115868,3,633,7,223.47871631334775,0,0,0,0
135.10299596072937,3,113,8,158.69672748521347,0,0,0,0
92.34680166340137,1,256,17,98.85981348988602,0,0,0,0
141.41869119758096,3,865,3,222.97064079652188,0,1,1,0
149.9712055467461,3,1655,15,153.27063061610872,0,0,0,0
10507.178095968513,10,12,0,501.15172259658107,1,0,1,1
255.6524964816993,3,759,11,160.97307028422952,0,0,0,0
195.4123565449425,6,801,12,120.72983293992392,0,0,0,0
183.43941989639694,4,1665,17,136.40743164669365,0,1,0,0
517.126231929831,2,1604,6,403.7706846705158,0,0,0,0
3176.332515182543,5,15,1,577.1602115561599,3,1,0,1
293.3478141427197,2,1462,14,217.86569306331504,0,0,0,0
363.01184004255447,4,1715,12,347.0860591747154,0,0,1,0
177.08460648823262,1,951,18,114.45241227032031,0,0,1,0
697.1953116653061,3,1573,6,665.48983836156,0,1,0,0
66.72312972715936,3,804,8,80.74665485427714,0,0,0,0
59.56531443334188,5,108,9,94.84104189276817,0,0,0,0
28.266541973098533,2,678,18,39.611507577084055,0,0,0,0
43.90454140551121,2,454,9,60.35555072989862,0,0,0,0
434.7424002523313,1,1365,10,687.9388527174467,0,0,0,0
145.06833022966782,2,1154,7,103.59506331462607,0,0,0,0
65.89210448195037,5,1796,11,60.343338139223604,0,0,0,0
273.62954089635707,1,178,10,250.88100849342632,0,0,0,0
286.44964859275706,3,564,17,283.3825125609141,0,1,0,0
14.828573079287416,5,1482,12,21.47147945098243,0,0,0,0
29.640293482458656,6,861,11,47.059012738297184,0,0,0,0
234.72615485986967,4,698,10,284.4031257023711,0,1,0,0
516.199756339427,5,941,6,348.9284770317541,0,0,1,0
527.0336746220227,4,1470,12,353.39025994887044,0,0,0,0
2500.0,10,5,3,913.6378338399868,3,1,1,1
954.9657781405572,4,328,19,1041.7209185851852,0,0,0,0
45.73159711880845,3,1717,16,32.72951152462057,0,0,0,0
40.06313128888563,4,906,9,25.49812166593888,0,0,0,0
144.37200779095113,3,807,10,141.12156003404206,0,0,0,0
132.75034065752038,2,104,12,159.1060530408679,0,0,0,0
185.75466151208732,3,501,6,290.5417875793337,0,0,0,0
871.0195301323029,2,951,13,831.9243301142675,0,0,0,0
10.959411212128552,3,1292,8,11.64096064051731,0,0,1,0
193.0145137003984,3,282,6,305.77524244752993,0,0,1,0
808.5890187826968,2,1441,11,634.3330726779507,0,0,0,0
19.9123624862808,3,153,5,24.744957431735777,0,0,0,0
691.1822307500295,5,534,21,733.0445842854814,0,0,0,0
13881.683913772686,7,3,3,835.6940370112968,1,1,1,1
125.93173614868981,1,109,21,105.46011867433648,0,0,0,0
121.03391012156283,2,63,12,116.21201050693024,0,1,0,0
353.81352748627,2,675,15,331.31234554560706,0,1,0,0
31.900270949586865,2,821,15,35.150622493739114,0,0,0,0
292.94854610283727,2,623,14,207.80075244751598,0,0,0,0
35.10325137554766,6,400,10,37.63606384998499,0,0,0,0
1174.2512225350577,2,893,20,1020.4722788144453,0,0,0,0
329.2576365531072,6,897,11,476.35733531592956,0,0,0,0
5303.151031200658,7,12,3,72.65701219283137,2,1,1,1
141.91826485163327,4,621,7,125.52764609527519,0,0,1,0
145.71826900605924,5,877,9,155.00269031864195,0,0,0,0
209.62048850725,5,351,16,173.7585480858372,0,0,0,0
138.91349498912916,2,196,7,148.6259986192139,0,0,0,0
30.26361222182062,2,33,17,45.86464381893427,0,0,0,0
7626.049858736524,17,559,5,1179.912893461017,0,1,1,1
331.9618028999933,2,1311,12,529.9860750374436,0,0,0,0
257.96754753701975,3,964,16,226.37795277910396,0,0,0,0
159.90806310870693,3,196,12,137.59583860401932,0,0,0,0
9778.543049304037,9,339,19,377.32091086810743,1,0,0,1
23.164042243843753,3,881,13,32.206083888552186,0,0,1,0
200.46395045301298,3,49,14,244.09693274202056,0,0,0,0
80.15549280491885,2,1564,14,91.87623005306394,0,0,0,0
2816.8624700922837,15,12,18,345.67705826709596,1,0,1,1
102.1695748058989,6,837,13,85.95689769799323,0,0,0,0
226.77371967317484,1,1426,9,169.81328034268674,0,0,0,0
2500.0,14,2,2,433.9351254068552,0,1,1,1
222.0981696382126,1,1496,18,207.7770575038689,0,0,0,0
15.90726927030014,1,362,8,9.74728077783801,0,0,1,0
20.152672788588816,3,206,6,17.287766740327463,0,0,0,0
201.59626131621454,2,1674,11,221.68767193970376,0,0,1,0
7258.26705253573,9,29,3,902.6345756611317,0,1,1,1
2500.0,9,8,12,1035.4541730417932,1,1,1,1
409.24024071750756,5,1450,13,628.8784136553048,0,1,0,0
16348.444158823144,9,94,4,996.4965676199405,1,1,0,1
170.6961486032231,1,1345,12,192.67391444848175,0,0,1,0
79.10517241543462,2,200,10,100.86423288083677,1,1,1,0
41.95912401985297,2,1350,8,47.76864656078883,0,0,0,0
165.26382546835973,2,1557,22,253.1110084587776,0,0,0,0
7105.613154969381,9,59,4,145.70504440522805,2,1,1,1
301.42290748106154,3,504,16,316.6286227561608,0,0,1,0
256.8386292000125,1,224,12,238.05043223149963,0,0,0,0
78.00030017423599,2,871,17,106.5390113325713,0,0,0,0
81.16532306851587,1,1601,12,118.364864682721,0,0,1,0
26178.559962518142,8,145,4,781.8937693049887,0,1,1,1
222.00969053063397,3,1338,12,144.12107920167963,0,0,0,0
199.46940508770564,3,483,3,197.57664508054654,0,0,1,0
341.20694373822533,3,988,13,228.1566858288701,0,0,0,0
48.37120581792604,3,393,2,38.63053183315372,0,0,0,0
378.65688719728865,3,121,16,283.371996138866,0,0,1,0
244.06291690793816,4,267,6,173.5575802215274,0,0,0,0
351.0766364947623,1,1668,8,380.3104424947279,0,0,0,0
68.3716544114329,4,1395,12,73.82500375764846,1,0,0,0
93.70788081887018,3,243,18,73.97892442302769,0,0,0,0
217.18924832031794,5,336,11,132.11775334160495,0,0,0,0
94.68431659604892,6,306,17,60.7489548021896,0,0,0,0
160.99605753491153,3,744,13,251.63353866642436,0,0,0,0
837.4734462462444,4,73,12,1144.2660185929258,0,0,0,0
5290.573541288523,5,27,5,565.5666425354784,2,1,1,1
39.63968852158061,2,1639,17,62.60050782097588,0,0,0,0
389.6416660746368,5,1379,12,622.761269866701,0,0,1,0
6401.659022476418,5,26,13,795.7804733184881,1,0,0,1
2500.0,11,617,3,390.18196193745564,1,1,1,1
415.75417879589634,2,175,12,277.0193516150966,0,0,1,0
664.3272742896431,2,1211,14,589.4321817465602,0,0,1,0
80.13235313953052,2,1320,5,90.928533367196,0,0,1,0
133.03257294855464,2,728,16,176.21497659941582,0,0,0,0
517.4213761824776,5,497,18,330.5040603679199,0,0,0,0
369.0073443532254,2,983,20,384.34687574166946,0,0,0,0
241.08895567769733,3,1158,17,201.51359743852223,0,0,0,0
119.53760968410758,5,1645,12,143.51750914266955,0,0,0,0
416.90497111340204,2,425,11,436.1708365497018,0,0,0,0
176.3206372248529,1,1777,19,140.03370214242872,0,0,0,0
351.05422180605194,3,164,14,298.18841431911017,0,0,0,0
178.06802736840905,2,165,8,142.62398180692335,0,0,0,0
307.47530952919357,4,293,20,420.6360880872332,0,0,0,0
10.98151797378572,3,92,12,12.195864193877293,0,0,0,0
93.90297648699818,3,1602,10,116.20394249784363,0,0,1,0
192.26086720250998,6,1487,8,281.0145063745539,0,0,1,0
66.22349021998187,2,1782,10,104.69532130158173,0,0,0,0
87.82703143393626,4,1011,8,104.58075306196832,0,0,0,0
35.808079021655956,3,1444,18,41.59700580888398,0,1,0,0
507.9987372743307,4,122,10,365.51760983087524,0,0,0,0
780.4949396198997,4,1162,14,691.1914495203464,0,0,0,0
453.24999792584686,2,1289,18,653.6436748185351,0,0,1,0
22995.13146666645,9,10,0,1027.6385101244505,0,0,1,1
157.98159180467866,2,760,12,130.68984160820196,0,0,0,0
138.1110360026932,2,899,17,171.28229399611354,0,0,0,0
430.48061269308073,3,1664,15,504.62839466835203,0,0,0,0
114.8622633791397,2,293,8,90.14069310459423,0,0,0,0
192.4323188930175,2,1185,16,168.6947360610898,0,0,0,0
933.0930838587567,5,476,16,1378.146659196615,0,0,0,0
41.45278119469765,3,356,16,59.37699349304375,0,0,0,0
67.55131777097805,3,849,21,73.71010166178985,0,0,0,0
1412.1578080119261,3,38,10,1408.5385391366567,0,0,0,0
3005.5733158938424,7,6,12,841.5097964258625,2,0,1,1
20.277947339021253,2,317,13,24.40338422126108,0,0,1,0
224.21141811350282,4,453,8,265.08664596110407,0,0,0,0
113.01323056737675,6,1006,11,172.06825313796955,0,0,0,0
2500.0,5,29,5,1179.2528911218305,3,1,0,1
2500.0,9,610,6,970.7903799502172,1,0,1,1
310.1840237331983,5,1265,8,357.23754362639323,0,1,0,0
2500.0,10,1175,17,1121.2608825539576,1,1,1,1
145.1782056857538,1,1649,16,127.58712029635372,0,0,0,0
440.90050511755163,3,577,18,569.0402243238285,0,0,0,0
402.784206946702,4,266,7,631.9723023970979,1,0,0,0
56.48033142565101,3,578,18,60.80481727718917,0,0,0,0
12321.749244339586,11,269,4,979.9570624531838,1,1,1,1
217.994738044077,5,723,12,150.43962150737997,0,0,0,0
179.78985261580203,2,66,12,171.37624453371757,0,0,0,0
191.77858974877165,5,1585,9,116.49613531451,0,0,0,0
84.51394387012012,4,1288,16,56.001032069603156,0,0,1,0
381.22292267679126,6,33,12,418.75017863853554,0,1,0,0
76.74939175024481,1,984,17,51.51960082809053,0,0,1,0
848.2116103019907,6,1089,7,852.9566886889365,0,0,0,0
2500.0,11,14,1,678.277275470174,2,1,1,1
256.7647779806467,3,91,15,266.4913303336011,1,0,0,0
10614.329069664533,6,1095,21,962.2401438814364,1,0,1,1
16.24127670327885,1,693,11,16.314927605540166,0,0,0,0
7031.2841320466005,7,21,13,583.7332575146768,2,1,1,1
288.2887421737604,3,505,8,250.2219038375122,0,0,0,0
181.42313533026396,3,50,12,138.5249650729742,0,0,1,0
390.5237774854946,3,1329,17,251.43312029334513,0,0,0,0
15.84547677992111,2,1729,15,22.048528812356835,0,0,0,0
287.74209420552376,3,1547,18,249.8859104984952,0,0,1,0
155.00854524613442,3,358,15,150.31068582847263,0,0,0,0
142.11959424599664,2,1531,20,150.17889645973065,0,0,0,0
84.69059419315417,4,1705,13,124.72115314078381,0,0,0,0
132.45952412353554,5,973,17,209.92561176208974,0,0,0,0
143.72700929961437,4,1284,12,131.45830667670535,0,0,0,0
563.0199749857562,2,1099,23,550.9449164457366,0,0,1,0
15609.21025649618,9,16,1,807.4283391808766,0,1,1,1
539.1962627699586,2,940,8,585.3227447797608,0,1,0,0
33.73853412399465,3,504,7,22.306292052842718,0,0,0,0
170.3625830235928,4,1030,16,131.8359508771215,0,0,0,0
88.08797831365642,4,100,7,85.51889925142066,0,0,0,0
216.55356503599026,3,796,18,147.91554716699505,0,0,1,0
152.7376646418329,2,1389,17,223.56261710445105,0,0,0,0
45.55629068004193,4,771,9,62.70223659501879,0,0,0,0
46.4721004818523,2,1007,9,59.55781383504065,0,0,0,0
74.72519015018166,2,391,22,46.49592671169281,0,0,0,0
33768.3713511039,8,688,3,663.9471607685397,3,1,1,1
408.57268311591315,4,1091,9,425.9932323899793,0,0,0,0
141.56206398503724,3,991,12,160.69830484460454,0,0,1,0
127.39333947073796,4,1598,16,176.16324125135975,0,0,0,0
170.15534591869155,2,401,11,157.86292476481995,0,0,0,0
124.02636682021296,5,1041,6,148.45522605926615,0,0,0,0
5962.672173024949,7,4,2,445.89476531352597,3,0,1,1
316.7739768467612,2,339,0,245.1134791598488,0,0,0,0
20257.14571854472,7,452,1,254.7987459525703,2,0,1,1
9721.14316746234,8,17,2,240.31697912056728,2,1,1,1
23.779991261783127,3,1343,22,37.416725658330876,0,0,0,0
410.1457849605723,1,244,12,278.39190756886234,0,0,0,0
102.81926701396506,3,586,21,84.63422799818821,0,0,0,0
141.59041035872116,4,472,17,112.12816641849525,0,0,0,0
31536.04381314799,10,888,17,897.1512248789114,1,1,1,1
175.74970460373376,6,1113,21,182.6810796095768,0,0,0,0
373.2324314231033,3,620,8,572.4204626031782,1,0,0,0
698.0485136122272,6,243,20,681.5571062209038,0,0,0,0
286.61194534344656,2,140,18,294.51782302959185,0,1,0,0
62.39574502564716,2,360,5,73.71236378167598,0,0,0,0
26.853744125465173,3,1329,8,28.79673704981689,0,0,1,0
318.6600010153098,2,1790,10,256.6376773012912,0,0,0,0
102.27099337510721,5,1587,11,77.96277193094917,0,0,0,0
2500.0,5,19,12,1033.8346010453238,2,0,1,1
45.91804872682405,1,1548,12,55.81525927907253,0,0,0,0
174.11240165321985,6,347,8,169.42353615670163,0,0,0,0
171.77447149738106,1,1051,13,156.16623709222154,0,0,0,0
1645.8211848399249,4,1699,19,1693.614680049279,0,0,0,0
120.35830947931444,4,1169,12,163.78756890124797,0,0,0,0
271.38468322404526,2,35,6,358.8658941436953,0,0,0,0
183.5887630131289,2,1713,13,240.84906810195125,0,0,0,0
346.2585795483905,4,1679,19,358.81465582266645,0,0,0,0
425.0833745096993,4,100,14,381.0733057570235,0,0,1,0
48579.42926981268,6,16,3,463.6719088404285,0,1,1,1
496.54124512834056,4,937,9,434.3444460816216,0,0,0,0
191.34627199710152,4,878,6,287.39581485731514,0,0,0,0
31.075617342413963,3,423,10,29.299790271308183,0,0,1,0
361.77027924640777,2,1051,13,510.7296887029664,0,0,0,0
45.06669490253419,2,1173,5,67.61767155484915,0,0,1,0
14005.650781827759,12,21,4,919.8184368799185,1,1,1,1
4175.547468423017,15,2,21,1085.1071174039948,1,1,1,1
29002.07661479795,6,449,3,352.5114812013619,0,1,1,1
34160.354755950975,15,231,5,556.9352396923025,1,0,0,1
175.5015330818296,2,418,20,247.1592782801189,0,0,0,0
10078.318591586609,7,4,3,480.1895295159689,3,1,1,1
28.865197739313366,3,1712,7,25.296389069952447,0,0,0,0
182.73148905225185,1,921,17,255.77696627083856,0,1,0,0
25767.223885800744,6,923,1,408.59375512557455,2,1,1,1
147.96862598070527,2,1040,11,113.0421042913613,1,1,0,0
69.57852354503893,4,1246,7,87.1768813047132,0,0,0,0
4222.855619087997,17,22,0,840.2715487206372,2,1,1,1
242.26262640004347,3,1439,15,325.8494661577879,0,0,0,0
83.99292229150583,4,1371,19,59.73167800394585,0,0,0,0
130.9278986884293,3,517,11,196.20257423509454,0,0,1,0
5922.340430385188,10,22,14,444.05493875101826,2,1,1,1
777.7897054370355,4,1420,16,772.0142903853939,0,0,0,0
178.152118828633,1,1557,6,249.6965360282235,0,0,0,0
77.19301136618405,2,302,9,80.01297976221741,0,0,0,0
607.6085886875093,4,1368,17,939.932939952982,0,0,0,0
314.7070008441879,2,997,19,410.8635152528452,0,0,0,0
185.50714578632,2,1748,11,211.157000892428,0,0,1,0
428.45920555500965,1,665,10,668.6526778246272,0,0,0,0
113.6706872866084,2,227,11,84.07326806699538,0,0,1,0
49.07885750878059,5,173,9,44.825913895797676,0,0,1,0
292.9375437744082,1,906,19,460.45248682085247,0,0,0,0
17.641574493156803,1,1730,13,28.020791670905687,0,0,0,0
362.90693094468264,3,1699,7,355.0799978307163,0,0,1,0
58.79433591726611,5,1137,9,90.62839851275167,0,0,0,0
207.7717247464411,3,781,17,313.40599539586606,1,0,0,0
234.06958337273844,2,1250,12,341.4367827359035,0,0,1,0
134.86722631678256,3,1232,14,119.48851366172373,0,0,0,0
226.73913236014246,4,1178,13,354.6497896932322,0,0,0,0
452.60979810559,4,845,8,721.0385675549169,0,1,0,0
111.42847414754218,3,961,10,81.34623123084263,0,0,0,0
33.06567553983207,5,156,8,45.06083129136272,0,0,0,0
81.1923937755019,3,762,14,75.44106376176788,1,0,0,0
242.47090700066065,3,756,6,163.3194945612175,0,0,0,0
92.79689935236124,2,1179,10,141.3554764886425,0,0,0,0
63.45093543414117,5,261,8,44.73851264128403,0,0,0,0
272.01222456751276,6,798,7,181.35154888639448,0,0,0,0
295.748981980699,6,1241,8,178.1985017409942,0,0,0,0
360.02523090106354,2,163,10,436.55257925559334,0,0,0,0
5162.835581770018,11,572,19,845.0183585469293,0,1,1,1
671.3424025603017,6,428,11,448.6447785205769,0,0,0,0
152.52493469477804,3,1415,11,199.72483648785052,1,0,0,0
8405.952080620475,7,107,2,227.86667884603736,0,1,0,1
16723.891852714132,11,1086,4,409.74119261489676,0,1,1,1
277.32847484579605,2,1647,18,274.3958920729854,1,0,0,0
92.49077930281224,2,1635,9,57.19861998255285,0,0,0,0
114.27609794447518,3,168,7,105.83369939389982,0,0,0,0
703.9669847672346,3,129,22,692.8554248629623,0,0,0,0
449.4572448397899,1,1207,12,465.3983215777412,0,1,0,0
152.05729606987998,2,433,14,117.13250631244301,0,0,0,0
330.69786946323023,2,1793,16,425.4525177758058,0,0,1,0
80.16522699503734,5,1492,17,94.89751191120148,0,1,0,0
478.0155851861741,2,1661,17,556.4944636149683,0,0,0,0
81.03919733189446,3,1747,7,99.02843151186406,0,0,0,0
21.474484051247668,2,334,13,31.40170259643896,0,1,1,0
84.32441729522402,1,278,4,64.69470239646692,0,1,0,0
91.21649727655874,5,394,5,145.88454064681665,0,0,0,0
47.954980482846764,2,708,9,30.986032487524117,0,0,1,0
33.5686807055105,4,1240,11,40.7511802602106,0,0,0,0
262.6093718730974,1,1718,20,380.64099380541745,0,0,0,0
16694.34981968828,6,13,12,825.0973455706927,2,0,0,1
86.1878350544648,4,740,17,97.57611128735084,0,0,0,0
237.76360309581875,5,508,19,209.39185060639846,0,0,0,0
104.41850723177009,4,1043,23,127.49532953999547,0,0,0,0
290.81819523478293,6,555,10,374.63430183046364,0,0,0,0
156.35467308616967,1,880,6,199.17610238162098,0,0,0,0
479.34900583938014,2,1046,11,295.8686084894165,0,0,0,0
42.017740663392864,4,1580,7,27.113660797284034,0,0,1,0
77.78271897010876,6,237,10,109.63993136018978,0,0,1,0
877.3101931639729,4,276,18,680.7309885132534,1,1,0,0
116.34143735948085,3,1645,12,113.93041499841803,0,0,0,0
114.33460659779482,4,342,16,125.3079508269918,0,0,0,0
356.5513897178025,1,481,13,498.72493049417955,0,0,0,0
45.52648554768645,4,1626,7,51.94321508416353,0,0,0,0
166.3891122060068,2,368,10,202.83616488097312,0,1,0,0
174.09484517524763,3,148,16,195.815049494092,0,0,0,0
957.8740920451036,4,1145,8,609.7093315663035,0,0,0,0
138.84749359052654,1,1165,9,148.72100990784472,0,0,0,0
440.2467843182236,6,708,9,539.1302045564048,0,0,0,0
3829.9625545225986,12,6,6,1089.7184795425662,1,0,0,1
78.54999219199698,4,1546,17,115.62381293090793,0,0,0,0
142.16199959061734,5,217,19,203.13965840342775,0,0,0,0
489.5201822020396,3,1721,15,762.327121002834,0,0,0,0
487.99784908826615,4,668,16,699.43681406368,0,0,0,0
52.50798856116962,1,677,19,77.13914161857161,0,1,0,0
114.66864838627318,1,1731,12,179.89842173761613,0,1,0,0
395.7700267028092,1,1058,17,471.1209559467848,0,0,0,0
12624.376378297864,5,15,20,1043.8672555686978,0,1,1,1
336.65499724451263,2,1105,14,416.02165190709155,0,0,0,0
196.9509746986325,2,1754,10,159.27956054290917,0,0,0,0
272.52157637637424,3,885,21,413.6429172401372,0,0,0,0
71385.16663666593,12,716,1,1109.2411945405438,1,0,1,1
425.3948520840105,3,332,10,593.2100195799254,0,1,0,0
36.403541579132124,2,690,1,42.85076178826522,0,0,1,0
143.08172916273776,4,40,10,90.61144112028097,0,0,0,0
924.2913635712949,2,195,17,965.3961338890931,0,0,0,0
379.61609304569464,3,629,18,543.6505347172987,0,0,0,0
82.1645792065071,2,701,16,77.47077919560124,0,0,0,0
31.881284261357926,5,1013,6,20.25631393918732,1,0,0,0
283.4335573518781,1,1686,9,259.54250743070224,0,0,0,0
173.7933632157629,3,1167,13,238.4515182444434,0,0,0,0
730.7888865875409,6,294,20,1031.2662493170988,0,0,0,0
431.06622431208723,3,1549,20,342.8599757736797,0,0,0,0
141.0135706667996,3,1091,8,112.13036892550812,0,0,0,0
467.46925986847714,2,1145,15,409.1490512142396,0,1,1,0
208.49586925042362,2,1472,14,190.79415261013685,0,0,0,0
520.8265171044636,5,255,7,500.10491729519265,0,0,0,0
238.6728310535455,4,929,13,380.8924322739212,0,0,0,0
163.74394498298227,2,316,16,209.7731825413446,0,0,0,0
42.67503468428766,3,1322,9,37.758623415214274,0,0,0,0
45.879748455464075,1,40,18,41.94415537187729,0,1,0,0
397.02556046784355,4,757,10,441.22340740053914,0,0,0,0
293.6894091703143,2,918,11,310.7416586543875,0,0,1,0
161.3681846159681,5,178,5,133.29925995182927,0,0,0,0
376.8684396030221,6,741,13,374.5670109291027,0,0,0,0
363.39600702992493,2,765,12,221.6631734687846,0,0,0,0
10466.446592117596,9,444,11,439.9679887626542,0,1,1,1
404.89106840068376,1,816,10,267.21908291710344,0,0,0,0
327.3909966596717,1,1209,16,490.63748200603004,1,0,0,0
9488.79323631591,8,1041,14,91.88818014652452,3,0,1,1
2500.0,7,536,3,1106.5051658645432,2,1,0,1
352.116641564663,2,945,3,339.8632236232656,0,0,1,0
126.20001578984134,3,303,13,102.77382222088018,0,0,1,0
386.32162665736723,1,952,13,443.6394967194367,0,0,0,0
6920.197646667111,11,29,18,765.7857129477717,0,1,1,1
276.8872332304827,6,1463,11,170.10900017243833,0,0,1,0
34686.53391394414,10,14,0,432.54876438377335,2,1,1,1
250.65106251603214,4,797,5,174.56695094426354,0,0,0,0
7898.766969392043,11,1153,13,236.35969803620932,2,0,1,1
770.4968248780856,1,1775,18,722.397882375078,0,0,1,0
468.31429555990906,6,244,7,534.3584790431481,0,0,0,0
515.5175348770172,3,1143,17,693.7034044214878,0,1,0,0
16.870203665076307,4,217,19,24.635138399590197,0,0,0,0
372.5886747418463,3,1252,13,328.0237783910723,1,1,0,0
118.16525838114481,4,69,16,138.06348086593667,0,0,1,0
483.31896152420825,6,975,13,291.9835452969164,0,0,0,0
377.8622306459642,2,1192,15,440.16509931281854,0,0,0,0
6428.762181919592,5,261,21,270.3619168877579,2,1,1,1
666.5195284740964,3,1701,8,1040.336408105939,0,1,0,0
580.5858762613939,5,937,8,366.2588598634934,0,0,0,0
7463.997157564986,8,8,11,363.134805196974,3,1,1,1
14742.681062319349,7,1086,2,596.3893595373933,1,1,1,1
104.9258847098683,3,1325,22,103.38050368409438,0,0,0,0
48.06165690526143,4,1620,6,71.19295682363413,0,0,0,0
241.45446610895044,5,558,12,285.68823749707315,0,0,0,0
534.8891075633591,3,853,10,638.876836328389,0,0,0,0
21063.15543141438,6,24,1,174.88764158203003,1,0,1,1
10165.142431297207,8,15,19,319.954172600252,0,1,1,1
152.99321235755082,3,889,3,97.44850136910647,0,0,1,0
57.433253919263834,2,228,21,40.44257561722688,0,0,0,0
600.7148862174387,4,235,13,939.6601300614749,0,0,1,0
2500.0,8,99,15,552.8531198997496,2,1,1,1
302.7996896170645,4,937,7,411.1688223104699,0,0,0,0
483.6930036773114,2,1234,15,518.7915539625196,0,0,0,0
402.5074465988073,4,98,19,321.3025939132384,0,0,0,0
1023.5754433083064,2,445,17,931.0934610127923,0,0,0,0
17779.32813893826,11,262,1,340.0922371463488,0,1,1,1
206.50477204072624,1,368,13,157.75633748959146,0,0,0,0
248.90665768666648,3,530,10,204.37284278483654,0,0,0,0
166.37658050334846,2,1056,21,201.29980511939314,1,0,0,0
324.39847523365086,2,1004,13,497.2106968111984,0,0,0,0
29.421720105240123,2,1714,16,36.22234899812584,0,0,0,0
141.07924843399243,2,571,16,115.4417920741166,0,0,0,0
85.65735553415607,3,911,5,129.01970605747238,0,0,0,0
14.42705817661625,6,265,18,16.038952692759214,0,0,0,0
200.07342576604847,2,333,7,191.70437121597595,0,0,0,0
187.56267144849124,1,1232,11,244.7513666398852,0,0,0,0
164.4627784991229,2,927,16,152.16114199116,1,0,0,0
78.78413615459263,5,240,19,120.56946255696631,0,0,0,0
638.099885818558,5,115,9,827.7434595148904,0,0,0,0
7308.039663663393,7,117,10,779.9611381307535,0,1,1,1
567.7015572993269,3,404,20,618.383258236988,0,0,0,0
65.47112948219315,3,155,7,52.343457289714145,0,0,1,0
164.3087128205614,1,345,20,175.93453865202173,0,0,1,0
361.90035878893474,3,188,17,458.1628456613293,0,0,1,0
275.57636198741665,2,742,7,236.08023590552324,0,0,1,0
820.5370528770478,2,1026,15,708.1257324554153,0,0,0,0
4000.545107078961,13,872,3,969.7358596903697,2,1,1,1
415.23699542091293,1,1097,7,381.8838309731267,0,0,0,0
189.47368308135708,2,1077,8,149.0448459327838,0,1,0,0
37.248724919172076,4,744,12,30.875487087261977,0,0,0,0
62.96640457317392,2,854,17,67.70390990948847,0,0,0,0
481.9371039365474,1,509,8,324.12867523152505,0,1,0,0
142.1172197263912,2,1754,12,153.64110367866078,0,1,0,0
45.12601465893339,5,1752,8,34.62899733201924,0,0,0,0
3916.1031073923145,12,766,4,1136.2164003037951,3,1,1,1
857.3737635548978,3,357,13,1122.1097127135013,0,0,0,0
33.77579306362004,4,700,18,32.79483339604306,0,0,0,0
440.26509011285924,2,1145,8,550.0115134498316,0,0,0,0
139.1893877329365,1,1266,18,178.7543416145722,0,0,1,0
122.00169222151898,3,1737,12,78.94087132538324,0,0,0,0
112888.3973569582,14,7,2,707.8885604604175,0,0,1,1
435.95743165973624,1,1322,8,411.92143989545013,0,0,0,0
426.4163566964373,3,163,21,374.78199685287325,0,0,0,0
56.04191167240446,4,912,17,59.01352146555828,0,1,0,0
137.34902030140418,1,1418,16,101.58465573095597,0,0,0,0
225.90071194520505,2,1787,10,315.12159195862114,0,0,0,0
71.81397444362895,2,796,10,75.4179384397984,0,0,0,0
410.23502682961754,1,612,11,291.0135030197913,0,0,0,0
108.19551097597686,2,790,9,92.0407834073712,0,0,0,0
116.52662148962382,2,495,17,176.51767533462663,0,0,0,0
574.4333141672406,3,290,11,418.9181845967615,0,0,0,0
209.0345843967178,2,1658,20,276.6192624007098,0,0,0,0
335.6618525540982,1,220,8,247.1898045048679,0,0,0,0
151.882550998113,4,1128,12,199.9104888066176,0,0,1,0
109.03648147369671,3,1354,16,90.71392849420938,0,0,0,0
13.273896887852086,2,248,20,16.672062996811764,0,0,0,0
398.47923787523723,3,1532,23,392.8469965303729,0,0,1,0
14999.17079457851,9,4,17,922.256957048062,0,1,1,1
458.41526192711336,4,934,17,465.3246034879091,0,0,0,0
140.0588519177456,1,231,13,89.31208473436985,0,0,0,0
247.00308802405266,4,1403,12,315.1877776137233,0,0,0,0
249.18060822828363,3,1734,18,272.1760355645279,0,0,1,0
519.8559828067159,3,1557,7,474.2181520934365,0,0,1,0
140.81223588772482,1,939,20,185.08111886388573,0,0,0,0
21.04380349495701,3,606,16,23.596024897954457,0,0,0,0
301.1752198547095,3,38,12,309.2571332207,1,0,0,0
18958.999082387796,10,116,3,657.511514156604,1,1,1,1
38489.88480873084,12,769,0,802.8572539538008,0,1,1,1
48.0139936656147,1,1775,8,42.49310229081464,0,0,0,0
35.13987873967968,4,223,13,39.20544412042514,0,0,0,0
76.98008986805317,3,1770,19,93.44938026633824,0,0,0,0
155.09904872246798,4,651,19,201.90210461510338,0,0,0,0
618.2578039180265,5,1622,15,761.0190308991903,0,0,0,0
246.3360795007682,2,681,15,335.72949665298717,0,0,0,0
21956.254380291204,5,746,3,264.26512732024446,0,0,1,1
106.4375197590546,1,804,17,65.84493841659769,1,0,0,0
562.3078488182479,2,163,8,773.5792477648106,0,0,0,0
378.47249168034114,2,932,14,536.355884485315,0,0,0,0
337.53870855322293,5,85,12,328.3027802251241,0,1,0,0
61.02907370473279,2,761,13,94.72753923854832,0,0,0,0
305.7306942915872,3,1424,10,288.7262100695567,0,0,0,0
477.059224874342,2,1638,1,304.4899533826759,0,0,1,0
314.4213219093535,1,894,6,454.7262732653847,0,0,0,0
17216.503418452106,9,21,1,143.51144503202278,1,0,1,1
37.82941285274168,2,53,0,59.841836824598836,0,0,0,0
256.717465627174,4,1012,8,270.0659971018944,0,0,1,0
289.91544472119307,2,1275,8,226.2673690218147,0,0,0,0
34061.30833582203,8,51,4,152.21402249362336,2,1,1,1
66.05814092189078,2,403,16,50.58525441796181,0,0,1,0
70.37933637428878,2,1449,15,87.61854107472588,0,1,0,0
328.2385641725985,3,1602,10,420.0328977081057,0,0,1,0
322.09283346664637,1,788,8,468.00756716047044,0,0,0,0
43862.95848344157,7,22,4,244.669337372156,0,1,1,1
341.18182227033316,3,1038,7,367.15539537539695,0,0,0,0
702.6998470018582,5,904,17,1115.3673421085314,0,0,0,0
176.46747976592442,1,1297,14,265.4200319686151,0,0,1,0
1063.405803688714,3,1524,12,1578.3877178191585,0,1,0,0
121.59148967693928,3,782,12,157.24450917269724,0,0,0,0
1357.472027215021,4,543,20,1278.3678905031459,0,0,0,0
390.56268826710664,3,438,19,424.7829400624621,0,0,0,0
162.31022144269733,4,248,4,150.62326178409106,0,0,0,0
239.39592962633674,6,530,10,295.9462448633034,0,0,0,0
89.73521098263298,5,1401,8,123.5417890594997,0,0,1,0
558.9895246200084,4,600,10,615.3331955041272,0,0,0,0
115.56570898396375,2,1342,19,111.58024772876222,0,0,1,0
346.67623741578643,3,1537,12,442.66768385386075,0,0,0,0
358.9594684157693,2,655,11,498.10344287379604,0,0,0,0
572.3848725724358,4,1545,16,812.7946751938966,0,0,0,0
891.4634905676972,4,581,13,637.8654830620338,0,0,0,0
426.14579248986024,5,1295,13,514.3282605463025,0,0,0,0
400.6474986380035,3,1795,19,356.602741166874,0,0,1,0
106.7824500971434,2,1569,14,76.90881167818205,0,0,0,0
1844.7501417188332,3,1101,7,1448.2967594067222,0,0,0,0
456.5304104741591,5,1516,6,302.01845655913576,0,0,0,0
305.06504487657486,2,948,13,238.03984545119775,0,0,0,0
333.04294040329336,3,1179,7,325.2526459656128,0,0,0,0
26.41097560798613,2,396,9,15.853970283454524,0,0,0,0
15.592986933618466,2,563,16,17.019599765664086,0,1,0,0
66.3176913799235,1,133,12,103.04715184636613,0,1,0,0
344.3107638837803,2,1766,13,449.04739241985567,0,0,0,0
33.631439441005725,2,1277,19,41.93937726894005,0,0,0,0
16.122297817632578,2,944,21,23.397375655705957,0,0,1,0
208.78588796399114,3,428,19,239.11978142477827,0,0,0,0
98.20175289694475,3,125,21,149.7669256610054,0,0,0,0
315.0220202780069,2,1477,22,356.8872006275011,0,0,1,0
132.47915299164092,4,52,13,209.91645431754085,0,0,0,0
882.7740251310327,3,1059,16,1388.5267289576673,0,1,0,0
27.86272687713307,3,1571,10,16.97231104942115,0,0,0,0
1235.9545576418852,2,726,11,903.8689484446942,0,0,1,0
11833.77515315572,11,407,10,347.4501063346821,0,1,1,1
170.79068958093313,1,490,13,112.34976358036302,0,0,0,0
644.095825453566,4,1397,9,519.7790904707074,0,0,1,0
287.7210543550172,5,1767,18,255.43707316891468,0,0,1,0
116.9643357733354,4,481,19,84.33155108433886,0,0,0,0
312.7469952930323,4,1297,7,200.62334443991068,0,0,0,0
85.37320332431754,3,600,14,101.89578605943284,0,0,0,0
122.73967140782753,1,877,15,190.82930887417896,0,0,0,0
227.90196651375115,1,315,7,245.050115259536,0,0,0,0
48.59741330577382,2,531,1,31.805895850574057,0,0,0,0
120.08943816925621,3,86,10,99.30103047337026,0,0,0,0
40.62697673321424,2,384,10,52.83750569646132,0,0,0,0
456.28403822922087,2,39,8,522.0433856636771,0,0,0,0
22.025760954687243,2,1123,16,24.078668168723308,0,0,0,0
266.50568015951006,6,1540,16,239.46314855310672,0,0,0,0
480.62397723530785,1,217,7,683.5723670175884,0,0,0,0
206.60706619043796,2,1508,12,307.17891604439717,0,1,1,0
172.1054917299578,3,546,9,177.01787923755492,0,0,0,0
149.58440093957793,3,366,10,220.67523352807433,0,0,0,0
571.7944398525225,3,1048,16,873.2924256005888,0,0,1,0
30.684200045137374,3,566,13,43.92540009705622,0,0,0,0
344.4544439934164,5,1604,12,458.3287207673804,0,0,0,0
56.26183601639522,3,841,9,52.5825061200031,0,0,1,0
266.0842182736612,4,1360,21,162.5126582643188,0,0,0,0
457.7541216923665,2,861,10,704.5775991108578,0,0,0,0
323.2798747938504,2,600,10,265.73890023527997,0,0,0,0
29.232316378449088,2,531,8,27.469017240075633,0,0,0,0
388.00031903990975,3,1322,18,502.1060353217403,1,1,0,0
148.44554029694203,3,1415,13,174.053180196334,0,0,0,0
93.58313534975544,4,1582,8,69.9595666896337,0,0,0,0
33.172041755594776,5,327,15,39.00669064348485,0,0,0,0
8227.431049220748,9,26,3,545.3179910730639,1,1,1,1
136.06781988616626,2,1212,12,153.1413096995898,0,0,0,0
171.52121156835477,3,1580,6,272.7632366974467,0,0,0,0
185.48679899080008,2,950,17,166.26268208733418,0,0,0,0
475.1256841508533,3,1667,22,757.3271106622126,0,0,0,0
84.38780597857136,3,1778,20,108.20901309626429,0,0,0,0
475.8634194920055,6,1508,9,729.7979819576726,0,0,0,0
53.48906571867891,3,1674,20,60.771650802618154,0,1,0,0
2500.0,7,27,2,832.5619762467467,1,1,1,1
59.501121298585446,3,635,5,77.6247584378663,0,0,0,0
580.4976236652418,3,635,9,671.8141621476041,0,0,1,0
132.05725895156246,3,742,8,86.64167107519677,0,0,1,0
405.59622254940444,2,1374,13,647.2016689567483,0,0,0,0
9819.638407804492,6,729,11,139.7191036484324,1,0,1,1
146.45359538610293,3,1094,9,104.78069963012508,0,0,1,0
284.44222129186807,2,885,7,201.8677042393109,0,0,1,0
27.80792602831499,3,423,18,17.226549376508803,0,0,0,0
91.56015819554689,3,963,3,89.0693501975529,0,0,0,0
585.4202338536119,6,639,11,438.9796028234535,0,0,1,0
108.9770860758391,1,614,9,90.77234713995986,0,0,0,0
500.8931474056828,2,1122,12,781.9902120474228,0,0,1,0
4899.334740444414,9,11,8,497.82657208264476,3,0,1,1
330.44045076645097,6,582,19,458.7086504689188,0,0,1,0
109.50524877846995,2,55,9,142.8034465158126,0,0,0,0
27.98784018290746,1,891,17,43.72375176698627,0,0,0,0
154.3623334846718,3,182,16,163.00635679085775,0,0,0,0
86.92570854099992,1,921,20,101.32421046400799,0,1,1,0
258.34198494476925,4,1731,19,311.4478901943463,0,0,0,0
32.089082466689206,2,1016,15,46.12008524270166,0,0,0,0
89715.66679554089,9,12,11,689.0896772120976,3,1,1,1
15.638537064270524,1,651,1,13.804081746714553,0,0,1,0
357.95247195683737,5,819,12,312.7231000206327,0,0,0,0
107.03034213663892,6,237,20,143.83928477959424,0,0,0,0
21717.353449647693,7,18,13,162.29255493417816,1,0,1,1
669.591654701229,2,894,22,610.6502239533434,0,0,0,0
516.7549812977102,1,1789,16,694.0860412003346,0,0,1,0
321.72130050082944,1,183,12,306.35369117050107,1,0,0,0
337.9363810482028,4,1663,11,454.1667245643248,0,1,0,0
362.98693992149424,3,1581,0,399.23810748426183,0,0,0,0
22.869472677146558,2,419,12,20.758431038846567,0,0,0,0
26.074132506781638,1,486,21,26.11993139490762,0,0,0,0
20423.564096492402,8,786,23,734.3057568470854,1,1,1,1
39.859335620273555,1,1155,8,40.156471355572414,0,0,0,0
11.259543418740986,2,495,7,9.14617581574243,0,1,0,0
43.89817867296059,3,793,23,51.173455657725306,0,0,0,0
248.63267887942942,1,740,14,371.63859829027786,0,0,1,0
21541.848684125027,9,429,16,398.1515271472172,1,0,1,1
110.34367504991754,2,114,11,118.77869216464698,0,0,0,0
18.948433445218487,1,1776,18,19.68685302342125,0,0,1,0
312.8033457479926,2,945,20,213.9733189076768,0,0,0,0
11.725431105373692,6,206,19,7.130020863310534,0,0,0,0
338.0946407682851,3,1747,21,232.85160713737153,0,0,0,0
52.807301261831576,2,1454,9,53.24728269191421,0,0,0,0
15.289085834923174,3,1471,1,20.298584393139947,0,0,0,0
234.76275716965418,2,359,16,338.7282696427483,0,0,0,0
410.75736221108997,6,287,17,586.3858266730945,0,0,0,0
70.37669493447981,5,1624,0,73.46883734964707,0,0,0,0
574.6901914112055,4,1563,14,435.7462994639207,0,0,0,0
289.77069692409896,1,1376,17,379.6656729378103,0,0,0,0
57.94104551643432,2,416,6,45.68677810508783,0,0,0,0
2572.4870657694023,9,215,13,206.00470291643296,1,1,1,1
726.8925015887924,3,1296,13,483.75655137048795,0,0,0,0
322.5978911050255,4,1130,12,374.2762479994703,0,0,0,0
32.489972724076324,3,1430,19,36.77528907163951,0,0,0,0
189.7106000412953,3,390,8,173.04744640329042,0,0,0,0
87.0400369647078,4,934,8,84.25207797143534,0,0,0,0
174.87706019692723,6,1248,17,241.71038462674184,0,0,0,0
58.442888384391765,4,1789,8,65.03728715090058,0,0,0,0
325.11485741555066,2,1578,11,476.69065481374577,0,0,0,0
7266.157020934942,14,757,16,329.89056629137247,1,1,1,1
373.4841226289441,1,521,17,342.9163086173956,0,0,1,0
10903.811013836394,9,138,21,400.00744461872625,2,1,1,1
15370.150013388362,9,8,4,1125.9702837619004,0,1,0,1
4943.558401327635,10,863,2,741.542989309277,1,1,1,1
529.7270696737523,2,49,18,774.1635366336549,0,0,1,0
32.30335941262578,5,1491,3,35.37054024397509,0,0,0,0
416.1529660948393,1,982,19,495.0088472828396,0,0,0,0
114.24351075574435,4,159,18,111.72993350952362,0,0,0,0
6087.3575068971395,7,2,9,360.51947626476186,1,1,0,1
39.413976219518126,3,117,15,28.99936754291427,0,0,0,0
352.68612883989096,2,645,7,263.5497371080685,0,0,0,0
61.62386908965977,3,1443,12,43.26154923910677,0,0,0,0
229.4026306338249,3,912,4,352.20119161478294,0,0,0,0
605.8437214691305,4,330,7,842.4803248907921,0,1,0,0
105.19959567672534,3,254,12,129.29002071674043,0,0,0,0
260.67113584306156,2,805,20,416.2693170256315,0,0,0,0
540.9463971578613,3,480,23,583.206331224802,0,1,0,0
421.886127958146,1,1163,12,306.09632307663713,0,0,0,0
52.3990729786513,3,107,9,51.34243076040328,0,0,0,0
33.94214815658546,2,577,12,32.7480005694802,0,0,0,0
197.5734504773501,5,1278,13,305.50323244630283,0,0,0,0
12.213478441383355,3,496,8,19.337835385100217,0,1,1,0
424.7555830842612,6,1616,7,550.2887891566046,0,0,0,0
145.22104839778547,3,969,10,224.4482006052263,0,0,0,0
442.24517849542974,3,841,14,550.6785104400949,0,0,0,0
824.2721765551095,5,546,11,853.2291968810156,0,0,0,0
58.72131422145475,3,166,0,52.737587376416876,1,0,1,0
532.7185487386353,2,1621,9,502.10805709873324,0,0,0,0
503.76927381309144,3,487,7,424.5888981678648,0,0,0,0
169.17292819301923,2,813,15,227.06197840351723,0,0,0,0
47.568196476567,2,1023,16,64.92000973420318,0,0,0,0
131.7762946802555,4,1556,7,155.13896943345614,0,0,0,0
150.28769633227122,2,112,15,155.95644713424124,0,1,0,0
885.1504611426822,4,1539,7,1249.5108416934818,0,0,1,0
269.9927719780784,2,1235,13,177.30103247107598,0,0,1,0
76.08569268656477,3,456,9,117.96434752129521,0,0,1,0
439.4054695586816,1,1535,16,270.32636251117344,0,0,0,0
193.0030805063837,1,787,19,121.53444205216483,0,0,0,0
148.81779032917393,5,1345,12,205.30095766846648,0,0,0,0
252.0795061963678,5,1393,9,167.18198364612277,0,0,1,0
232.14424721888966,3,145,12,264.08516664224754,0,0,0,0
21724.13656331559,14,21,2,538.6015041030736,0,1,1,1
128.69107809056777,6,215,16,158.28811795709467,0,0,0,0
1080.4152521398175,4,184,1,1453.672860112047,0,0,0,0
74.21439200903784,3,205,21,44.74392354650862,0,0,0,0
3098.260347728938,11,2,4,1050.2368620169336,1,1,0,1
356.56057499874885,4,1144,19,380.76265589128076,0,0,0,0
115.61285603898001,2,162,18,135.76015770463044,0,0,1,0
756.4228715453696,2,113,10,1017.0144262987914,0,1,0,0
475.0477218499523,1,1267,9,391.40279127987895,0,0,0,0
860.8065661267412,2,1141,10,1268.5660833466122,0,0,0,0
29.653963362292455,2,450,9,22.810996593764138,0,0,0,0
6533.502019970988,11,5,4,590.3904987201844,0,1,1,1
610.4760043496608,5,863,17,615.1408297444498,0,0,1,0
77.99314325236475,3,1394,7,47.32918723190752,1,0,0,0
587.5539392770017,2,1180,9,816.0749542341694,0,0,0,0
294.47450871851174,6,1141,19,463.06747765392805,0,0,0,0
54.75782252980715,5,630,15,70.99573125872308,0,0,0,0
211.15796243171815,1,47,10,289.65369252393657,0,0,0,0
159.72415995558376,2,669,3,137.05357653932793,0,0,1,0
230.20901620598534,1,190,12,186.33046956878056,0,0,0,0
113.26139155152637,2,266,6,115.12356340501671,0,0,0,0
225.88253335665883,4,1752,13,307.34745097583084,0,0,0,0
453.3574120555597,1,582,9,695.4992755948515,0,0,0,0
194.00917599132458,1,244,9,263.26753639004176,0,0,0,0
225.03897566039626,3,628,7,200.0293817186192,0,0,1,0
247.79040999376844,1,626,17,365.73305943719674,0,0,0,0
282.5060361004945,2,119,7,242.63206670453124,0,0,0,0
222.830213435109,6,1145,20,264.3567369675516,0,0,1,0
24.387774236997654,1,743,7,31.9978989520475,0,0,1,0
60.425961061572636,4,165,7,73.7924339887551,0,0,0,0
75.28493950462948,3,684,5,49.13264060682076,0,0,0,0
859.7307691388148,3,44,19,983.4446741555391,0,0,0,0
415.3726013947008,3,275,12,518.2662907013375,0,0,0,0
149.2644231871536,4,1499,18,202.93440625082619,0,0,0,0
111.12521067513096,2,1665,0,153.18890357458508,0,0,1,0
133.67186579809783,2,1576,8,101.71044813585364,0,0,0,0
7461.822870831448,10,22,18,764.0423719131217,3,1,1,1
55.82528378376924,6,762,10,75.24456025986835,0,0,1,0
85.03880455014858,6,330,8,129.1847790542828,0,0,1,0
4713.3583711940455,7,594,2,1030.106255657895,0,0,0,1
13076.260551394318,11,13,13,719.1697504810597,3,0,1,1
136.85496424539326,3,1123,18,177.5618562560518,0,0,1,0
59.16584913113821,4,1651,16,81.15249743807097,0,1,0,0
79.8011245390245,1,1563,9,98.4779237689302,0,0,0,0
37.21576083219142,3,1328,5,41.245551839596416,0,0,0,0
44325.7489137787,14,6,14,587.4675389727565,1,1,1,1
141.12622787598585,3,545,15,121.44365837313947,0,0,0,0
7566.967268570677,9,16,14,958.3336906110206,1,0,1,1
107.03637874096849,3,645,10,133.73929329897734,0,0,0,0
42584.3780242794,6,21,3,264.88308054625304,1,0,1,1
197.5945742406998,2,1112,21,170.8947891123145,0,0,0,0
325.0450752178571,1,1407,13,494.0320782076534,0,0,0,0
176.57355657231585,1,723,6,161.41607799946365,0,0,0,0
2500.0,14,17,1,904.5582960093293,1,1,1,1
69.17218724888994,3,77,5,73.59352025671619,0,0,0,0
379.0256056895213,3,534,17,389.9354386899151,0,0,0,0
253.44240084873775,2,529,6,249.87987802888713,0,0,0,0
370.5636259331591,3,1142,17,371.1150620876404,0,0,0,0
44.15933380722678,3,341,8,30.08697010077588,0,0,0,0
24.466685386456668,3,1684,17,30.50989269066809,0,0,0,0
207.6387805989919,5,1703,11,309.52850228099436,0,0,1,0
199.88578185379296,2,548,15,199.92854765693497,0,0,0,0
40401.075109278805,11,18,0,333.86186005649756,3,1,1,1
371.6713873299462,3,1631,12,591.313946620515,0,0,0,0
105.12073828474685,3,245,20,114.8465565701976,0,0,0,0
719.5317865582498,4,1284,12,675.2387106859194,0,0,0,0
451.37255476683487,1,921,21,311.04717564511134,0,0,0,0
285.59484290867226,1,441,3,257.2989251133737,0,0,0,0
201.01068485829117,2,204,16,180.00848626367292,0,0,1,0
70.6909709338513,3,252,5,51.88195439470531,0,0,1,0
252.26416924294261,1,910,17,397.32382033386244,0,0,0,0
304.012853125902,5,522,13,343.69294547063254,0,0,0,0
59.93317180441242,2,91,22,80.5816913050149,0,0,0,0
647.3588448173513,1,1189,16,778.553579452583,0,0,0,0
88.41865296963596,3,1772,7,113.10061949038527,0,0,0,0
204.47761067368555,3,1235,16,134.38434570445344,0,0,1,0
213.583588064306,5,386,9,222.65209560452152,0,0,0,0
1080.351685615506,5,1603,7,729.9443948371572,0,0,0,0
79.28282069617956,3,1010,13,52.889069571839485,0,0,1,0
1399.7148337684505,3,889,14,934.1615175656638,0,0,0,0
396.99850946527016,2,134,14,510.2823987568484,0,0,0,0
73192.13630073775,7,184,17,329.59955404282726,2,0,1,1
11160.783088868297,10,18,18,409.93914411628793,2,1,1,1
171.1320543643678,4,95,9,212.08078527648624,0,0,0,0
367.3794367259663,6,213,8,345.55686533949165,0,0,0,0
455.23208424050756,2,1014,14,355.83345967644357,0,0,0,0
233.58969089349853,1,269,11,159.49512653500705,0,0,0,0
449.3119175954239,3,1058,20,413.7929443189523,0,0,1,0
71.37918079348955,6,511,14,59.97720339679294,0,0,1,0
29487.68660041223,12,1044,15,1074.7968164604733,1,1,1,1
176.99150614643636,2,1159,13,112.94639415896877,0,0,0,0
593.0060793420075,1,738,23,583.0285874682861,0,0,1,0
976.1875550176308,2,395,7,821.2696193745244,0,0,0,0
22445.98568607548,5,1082,1,548.0059329703847,0,1,1,1
256.96002557595233,2,653,12,298.28527038693426,0,0,0,0
373.4336144666916,2,479,16,422.8352422598426,1,1,0,0
437.906219602943,2,115,20,339.52839356203776,0,0,0,0
83.0902557908987,2,1310,9,125.39350229134608,0,0,0,0
2915.278815948818,11,878,18,327.5263439030402,1,1,1,1
211.59626329765877,1,1745,15,290.6095871738217,0,1,0,0
193.58079501165756,1,1568,13,242.16786009367826,0,0,0,0
27.58582185317282,2,743,18,18.527491675047358,0,0,0,0
48.46097374652513,5,368,9,36.007889888552725,0,1,1,0
471.47830185840866,6,1372,16,719.7241116277806,0,0,0,0
348.02996308083533,3,1076,16,553.1703586748055,0,0,0,0
202.29521795691574,4,1156,12,263.19607140578216,0,0,0,0
2500.0,8,2,11,378.2487947413244,1,1,0,1
82.98985628059833,1,1648,16,99.1372647015724,0,0,0,0
151.1013062744209,1,744,21,225.31410636612037,0,0,0,0
2500.0,10,5,4,989.7944936352568,2,1,1,1
192.27033138912378,5,1398,0,211.02908580391895,0,0,0,0
24.16945046837496,3,57,9,29.489735712021254,0,0,1,0
2500.0,12,461,1,79.32770898993539,2,1,0,1
286.6724692524972,5,1116,7,284.4728093136365,0,0,1,0
124.38821595770277,2,1592,16,119.13787516830307,0,0,1,0
734.3586992269883,4,1576,12,1129.332985568286,0,0,0,0
161.01692492914407,3,1038,11,152.93193478416515,0,0,0,0
26.597791872189045,4,86,20,36.34172093983566,0,0,0,0
249.3503276950381,3,821,20,309.7785295121903,0,0,0,0
577.6878623389788,1,1081,13,412.0388480719351,0,0,0,0
305.57087188599564,1,388,17,244.34129756642025,0,0,0,0
80.57671234878524,2,596,12,80.29619924801452,0,0,0,0
170.73475364188107,4,1471,9,226.41554398345707,0,0,1,0
80.81591683946672,1,809,18,64.47920756311173,0,1,0,0
598.7016081238966,1,1683,19,530.6199364245323,0,0,0,0
156.56682053042084,5,992,12,207.87383610930027,0,0,1,0
607.0074127846002,2,574,21,519.3431861527212,0,0,0,0
1076.716294720727,1,457,9,1093.9318237929065,0,0,0,0
67.0619698154473,3,307,18,77.72778760000827,0,0,0,0
28.41824644524507,3,1388,9,32.419642625542586,0,0,0,0
103.38382880910892,3,1341,12,121.79465449690177,0,0,0,0
120.04026501906824,6,1461,7,104.57939774887377,0,0,0,0
64194.39783238465,8,313,0,443.43502032322283,1,1,1,1
145.7222931183374,2,297,23,215.44655239432674,0,0,0,0
514.0162094635921,6,742,14,454.38179421066343,0,0,0,0
109.86626516786565,4,1283,8,146.3872261817301,0,0,0,0
65.93250824222699,3,841,9,98.24020302026713,0,0,0,0
51.12283003158522,2,126,15,64.18797327732223,0,0,1,0
137.84388890885077,1,482,15,183.13460609322217,0,0,0,0
802.9591798899464,2,1242,11,1041.4360167320287,0,0,0,0
170.18353392895324,3,540,14,239.37379501753676,0,0,0,0
254.73469412776842,3,1222,11,328.49878437335366,0,0,0,0
247.3180097003928,1,1304,7,348.56539896628374,0,0,0,0
439.66837156415426,3,468,7,401.15566974387144,0,0,0,0
264.1827976111216,4,911,20,406.9770599418667,0,0,0,0
31.012687856892512,4,982,21,31.36865194532793,0,0,0,0
926.6749198777011,2,543,21,947.7898239946111,0,0,1,0
266.1124408489546,2,384,15,166.28295364094737,0,0,0,0
32.21972210039591,4,174,11,31.000412459868123,0,0,0,0
243.57248813479117,3,903,5,313.00920947288057,0,0,1,0
626.7951831246381,2,306,3,720.4844338235079,0,0,0,0
66.07084381842571,1,126,7,91.12838299108564,0,0,0,0
179.59866933378467,5,1503,10,286.0310586390786,0,0,0,0
41.5333133592396,2,1430,15,60.95268835703942,0,0,0,0
43.56677076954495,1,850,19,64.57540540403696,0,0,0,0
245.20825192980993,3,331,15,380.5649335732461,0,0,0,0
141.35775896827164,2,843,10,195.46194652530616,0,0,1,0
313.5217442202137,3,1023,8,209.91533964547796,0,0,0,0
50.80948906286777,5,1108,8,78.22651439302017,0,0,1,0
245.2821391185825,3,463,18,277.76422649688385,0,0,0,0
101.07263754724552,1,1061,17,154.69305281254407,0,0,0,0
211.21070575336185,5,933,12,313.5793242252155,0,1,0,0
197.40634900538183,1,53,10,293.29424334540954,0,0,0,0
543.6130380645487,4,410,19,763.8039848564501,0,0,0,0
256.99292636551917,5,583,11,285.7781954028793,0,0,1,0
281.40950891497357,5,909,23,302.53952252613897,0,0,0,0
259.08416521343185,2,447,9,239.74626721859855,0,0,0,0
5095.963720841236,9,534,2,1056.7784297972798,0,1,1,1
106.26471952624733,2,277,16,122.16755744077054,0,0,0,0
546.9806391031462,4,631,17,411.0872901228679,0,0,0,0
281.0037040669911,3,696,18,390.0440402681745,0,0,0,0
327.5297349322416,4,394,19,368.83254878850346,0,0,0,0
258.12759824962666,2,125,11,352.98924527084273,0,1,0,0
84.8173152243226,5,327,8,119.19141045825386,0,1,0,0
13.52009446732584,4,885,15,21.397452443821496,0,0,0,0
454.82802270305103,3,892,21,455.8620615001358,0,0,0,0
40.73272243848759,3,37,9,26.72950221676125,0,0,0,0
514.6376995272285,3,1254,19,512.7285823686271,0,0,0,0
250.40501682205007,6,1313,17,239.91135976166677,0,0,0,0
34.91342796883289,2,1360,14,40.51607425449541,0,0,0,0
245.65474115940106,6,1190,20,275.4248166500183,0,0,0,0
2500.0,8,8,1,1027.971864063091,3,1,1,1
67.63247545472268,3,948,8,49.215180411287214,0,0,0,0
140.78145739862086,2,1693,8,118.09359121458733,0,0,0,0
48.30574698750878,3,380,10,43.07499945573178,0,0,0,0
88.26624928183193,2,763,18,100.12014935470444,0,0,0,0
318.84179924155745,2,1217,8,477.7465869363668,0,0,0,0
39.862174236400904,1,1417,20,38.31106478505708,0,0,0,0
1115.35084394115,2,880,8,1346.288855499142,0,0,0,0
284.930869296381,6,715,14,225.36323273597853,0,0,0,0
41.19479104350201,3,123,8,62.10895595286015,0,0,0,0
25.094367638210898,4,783,19,23.797083118391793,0,0,0,0
431.7684288224086,4,594,19,643.1434056125643,0,0,0,0
218.15134692716447,2,461,14,198.4747100020915,0,0,0,0
643.6021792777417,3,1666,0,505.56546939446906,0,0,1,0
180.71306469727494,3,1625,7,144.41173691655632,0,0,0,0
647.6194423928249,3,1020,7,861.5694466107994,0,0,0,0
634.1859419266656,5,474,20,839.3792637116333,0,0,0,0
72.48343443238313,5,1108,15,71.08593439922534,0,0,0,0
155.01901002241345,3,1308,8,246.7981756397051,0,1,0,0
88.66865789879098,3,1262,15,53.476389475514864,0,0,0,0
1074.659332084927,2,101,23,894.7320407802931,0,0,0,0
294.58316215661176,1,1055,4,282.79325629870647,0,0,0,0
369.557553640434,5,1438,15,589.6895094167522,0,0,0,0
195.27014769602295,2,1724,14,275.31113088666325,0,0,1,0
236.67054907473738,3,447,13,330.71087522456935,0,0,0,0
39.31097127469434,5,614,17,29.62330477803587,0,0,0,0
128.28211528737808,1,165,8,86.93008273222105,0,0,1,0
661.561610661344,2,548,21,945.1842147234807,0,0,0,0
307.0491889158682,2,1589,12,391.9468359005014,0,0,0,0
489.34675429485475,3,1444,5,351.6519059665916,0,0,0,0
261.31809578886316,5,1630,9,412.0949299863289,0,0,0,0
152.31188614348233,1,350,12,213.44665304996337,0,0,0,0
13.621465343009836,3,1390,22,14.396196342556651,0,0,0,0
33.202395283347045,2,894,18,22.464287670878004,0,0,0,0
13.544930512024948,4,576,14,19.53835966375786,0,0,1,0
44766.23515260105,7,524,11,356.83797968427973,0,0,1,1
42.94034452346416,3,1031,22,28.095987699395987,0,0,0,0
137.83678834014188,2,1615,20,159.08625381483463,0,0,0,0
16.238290320616247,2,432,7,14.378567475573012,0,0,1,0
171.26029720571367,3,202,10,205.88839801477042,0,0,0,0
453.90176778544947,4,1633,18,715.4900193112433,0,0,0,0
22017.351179247526,11,15,1,372.2328141182321,1,1,1,1
404.0366646516653,2,1081,8,328.57346680839953,0,0,0,0
206.06257515434598,5,1288,17,307.0792031094145,0,1,0,0
372.200842296945,3,1024,14,322.13538150249207,0,0,0,0
200.61370865256612,4,1515,11,279.06295766343493,1,0,0,0
22.05114835506188,5,423,10,22.222463512034597,0,0,0,0
36367.01278453913,8,306,0,791.9645151036844,3,1,1,1
108.98058054407464,3,271,18,84.12212583765303,0,1,0,0
500.8957030385551,2,74,12,690.2330697600971,0,0,0,0
38.121014042601594,3,1259,6,28.529560011534574,0,0,1,0
11189.600580460212,9,619,1,461.6965416276508,0,1,1,1
738.6602085964299,6,831,19,851.9680398919065,0,0,0,0
215.18294793841622,4,519,6,175.4169936740048,0,0,0,0
135.16289122396472,1,700,3,158.4448533977842,0,0,0,0
442.4180525456256,1,210,6,530.1876464600086,0,0,0,0
482.6760082708344,2,639,16,715.1112100020132,0,0,0,0
72.92467544030508,3,947,14,88.9852421378913,0,0,0,0
85.8531828390958,6,1711,14,128.923932412889,0,0,0,0
247.5157541240748,2,355,15,264.4081884234598,0,0,1,0
445.6665227018312,6,974,8,473.0323812492199,0,0,1,0
94.97276606158421,4,1607,14,91.06823657590184,0,1,0,0
106.43385654112707,3,1124,12,169.6364532868245,0,0,0,0
342.0733946911001,2,1475,15,381.0328508403152,0,0,0,0
14881.651072186593,7,4,23,967.598839006057,3,0,1,1
18269.73130315371,11,424,2,912.5575985885971,1,1,1,1
598.6752808932154,2,1731,13,753.1473753198776,0,0,0,0
406.73566072908756,6,1569,9,606.3317877893202,0,0,1,0
16282.833108356983,11,1051,4,156.160056372866,0,1,1,1
4896.992448582767,7,24,4,180.32918940067512,1,1,1,1
145.0613696648839,6,1404,11,207.87693768628768,0,0,0,0
5778.218992497925,6,154,3,189.735766947025,1,0,1,1
65.45166752051976,3,1035,9,56.50894927688246,0,0,0,0
16.526862934218297,4,638,8,24.948414940774786,0,0,1,0
13085.913781273568,9,11,1,79.58646834393497,0,1,1,1
800.338392443431,2,306,18,1277.5844543979133,0,0,0,0
40.90196434245557,3,299,9,47.97009313607367,0,0,0,0
774.6498409302247,5,283,21,880.0902165055035,0,0,0,0
2500.0,9,1160,5,492.05285408080147,1,1,1,1
22.28646161893041,4,686,2,34.24738425668526,0,0,0,0
215.49562197159509,2,250,6,259.3420679031138,0,0,0,0
463.38523805329226,2,126,12,464.5859604498323,0,0,0,0
241.1383879176768,1,1257,17,368.6040481251177,0,0,1,0
11.745476042656058,2,1698,14,10.192630905598905,0,0,0,0
658.3958893688139,2,1605,6,955.9251798975994,0,0,0,0
619.8900317746425,4,869,19,627.809148511579,0,0,0,0
105.9742313125382,3,1278,15,167.08205529843835,0,0,0,0
32.45666719804227,4,189,16,27.28959046208271,0,0,0,0
237.2770346512279,1,1353,10,158.84100334527713,0,0,0,0
231.49765641470358,3,1555,11,242.39446171614256,1,0,1,0
741.8152792360377,5,719,13,860.8180952364877,0,0,0,0
317.81251542614757,2,258,12,238.88328864082823,0,0,1,0
41.73928484933082,3,699,15,35.88201200212096,0,0,0,0
668.0628766060515,2,1105,12,994.1835331244239,0,0,0,0
440.44199051951705,3,1060,10,679.7608952814961,0,0,0,0
213.43424801505694,2,262,19,249.21620414990255,0,0,0,0
20.223490513991806,3,1437,22,22.24962988046188,0,0,0,0
738.3773327311052,3,715,21,1138.0904273183978,0,1,0,0
370.24897179208784,3,1719,9,323.88619515301366,1,0,0,0
390.7691605063202,2,133,16,388.0026298029273,0,0,1,0
28.782306146661163,2,268,11,27.33706899528058,0,0,0,0
133.94566626630132,4,624,17,179.72224404050408,0,0,1,0
505.85899600502967,1,1003,10,441.1017407348242,0,1,0,0
148.43915481465183,3,885,10,198.22225941509643,0,0,0,0
68.672952062256,4,126,7,74.58985718705651,0,0,0,0
60.94807448871957,2,337,15,63.13963321704595,0,1,1,0
185.0782355555253,3,510,10,142.9552199224372,0,0,1,0
203.94845453543508,2,128,12,173.0461821416949,0,0,0,0
9645.658643208406,11,26,18,427.8830396654616,3,1,0,1
93.01309826551311,5,1363,22,129.94561150786126,0,0,1,0
100.34328582680186,3,1738,12,145.66021755444228,0,0,0,0
808.6932610179061,6,977,9,632.9774725172138,0,0,0,0
149.45391400625437,3,547,16,208.71452575157213,0,0,0,0
680.4308809934347,6,56,19,1044.689148962527,0,1,0,0
32.877141769886265,3,1778,23,47.22865725853198,0,0,0,0
617.7877879759194,3,483,23,440.32525827394153,0,0,0,0
174.73534936157034,3,676,19,174.42659551802117,0,0,1,0
742.3169160917328,2,1110,9,596.5464530474455,0,0,0,0
44.57408607827217,2,410,0,52.90670463111796,0,0,0,0
181.45490882044663,3,518,13,154.073368767032,0,0,0,0
390.03857278078993,6,889,4,359.8320117479694,0,0,0,0
85.63075622977911,2,701,23,95.9833927839757,0,0,1,0
5167.488832286223,14,1163,2,390.10787352022174,1,1,1,1
319.2833561087458,3,1691,14,255.27101322352743,0,0,0,0
12116.681934202883,6,219,14,1148.390798314662,2,1,1,1
942.5704625794395,2,1736,17,1383.78368713819,0,0,0,0
10468.88237704561,7,865,3,611.3192815613626,1,1,1,1
755.3247650547085,5,1407,16,1081.0130815468492,0,0,0,0
53.791218738573505,2,564,7,79.49171006890242,0,0,0,0
56.16077690744479,4,1699,5,35.19194121067583,0,0,0,0
319.80299137673654,4,758,16,459.71439682951717,0,1,0,0
35.145796339616844,2,1493,17,52.55646024321174,0,0,1,0
109.33108135211431,3,1753,19,156.96424781476634,0,0,1,0
175.64130753321336,6,1110,9,107.81090235262259,0,0,0,0
158.61010277350212,1,371,16,127.30982542029216,0,0,0,0
332.98039187221764,1,708,19,315.49854370591436,0,0,0,0
2671.779502811116,9,1,13,1118.8467420331,0,1,0,1
191.99570460177773,3,1025,18,244.8236750259352,0,0,0,0
17710.197160045183,13,213,4,1028.8355547211731,2,1,1,1
19.065432886060826,3,545,7,19.64882522019174,0,0,0,0
14.2732300146168,2,435,5,9.943724387247821,0,1,0,0
252.2079017338211,2,1745,14,394.7071649971015,1,0,0,0
305.3648364202719,2,1775,8,412.60434984670877,0,0,0,0
20.766131195606874,1,1480,15,13.147410295399734,0,0,0,0
119.86744184886881,6,1136,16,177.55012070481231,0,0,0,0
140.55794051537535,2,292,14,182.4256252905498,0,0,1,0
9292.836197504903,9,1117,12,721.4805257943244,0,1,1,1
11392.173720193652,7,4,1,426.22604229911366,1,1,0,1
90.12463571688234,3,701,16,76.52708114901758,0,0,0,0
367.66746853163,5,830,13,554.1717654016145,0,0,0,0
65.94991872290903,5,1179,20,101.36752272370624,0,0,0,0
308.8619920846596,3,191,11,311.94655255794646,0,0,0,0
50.15529408317692,3,1487,11,33.44161822708335,0,0,0,0
7635.1261315264765,7,17,14,492.61242549869627,0,1,1,1
3160.3753147573734,6,1193,2,817.1039302152216,1,1,1,1
77.7934781216906,4,376,12,55.664502581473236,0,0,0,0
29561.553481902443,7,18,0,161.47944590757953,3,0,1,1
159.43364889473855,2,845,6,184.7471158450652,0,0,0,0
104.50588290091058,2,1707,16,97.02754132420546,0,0,0,0
417.91633912279934,6,1738,15,342.91105981146876,0,0,0,0
245.318004881901,4,256,11,203.83173187726555,0,0,0,0
330.448733328013,4,1286,14,485.1694867422981,0,0,0,0
1364.7768823719202,1,1667,11,1912.7430349464464,0,0,0,0
29711.81088428992,11,613,9,56.28915681297955,1,1,0,1
549.5751473318226,2,727,19,483.3532028863469,0,0,0,0
503.98668479992386,3,1054,6,555.3789092148451,0,0,0,0
331.4173762524768,6,1738,12,367.9053054834415,0,0,0,0
431.86037313436617,3,1617,16,552.2873421555055,0,0,0,0
11099.947046154013,10,160,3,455.08114050931437,1,1,1,1
105.22788619892758,4,1133,18,63.15516230855524,0,0,0,0
112.97714496560812,1,1341,18,145.84524024799677,0,0,0,0
11209.330551159492,6,28,1,366.00800952003533,3,1,0,1
42.328787087721324,1,1605,15,43.268101181922226,0,0,0,0
260.9243329836341,3,1310,6,377.9789029414005,0,0,0,0
136.94452371366953,3,77,13,118.868387228897,0,0,0,0
227.3498959078663,2,1462,13,297.7446224055655,0,0,0,0
324.4106336667795,2,1458,18,321.9175420505562,0,0,0,0
245.6161902386281,4,191,7,298.8731519371063,0,0,0,0
305.78305950914347,3,835,16,217.64684365315233,1,0,0,0
298.58239591220394,1,1623,10,448.737194080653,0,0,0,0
127.23550971176414,3,591,10,130.24882499184386,0,0,0,0
56.75124010886648,2,1142,14,61.67956461535553,0,0,0,0
212.20713288217476,1,936,23,226.03639558419678,0,0,0,0
103.82154962102231,2,755,6,81.49623876570872,0,0,0,0
558.8662648149045,2,866,18,527.0400641295063,0,0,1,0
326.40622812224734,3,1019,2,381.3811011849791,0,0,0,0
137.30691365322005,3,1163,9,206.98947953831117,0,0,0,0
110.45864526780697,3,900,5,161.54634644541122,0,0,0,0
33.89032108177621,3,1387,13,38.652137495747006,0,0,0,0
333.1720157063566,4,1206,16,237.88469673397998,0,0,0,0
26614.922083465743,10,439,4,1168.9662791507621,1,0,0,1
129.9531000289206,3,658,11,180.8995851202104,0,0,0,0
836.6558712531075,4,273,9,924.0818533853254,0,0,0,0
2643.209193906624,6,19,16,650.2717170525297,1,1,1,1
38.76365449298232,1,946,4,32.41749615590451,0,0,0,0
134.31735419628916,1,1096,11,152.91547656005233,0,0,0,0
430.1305777522028,2,794,12,440.8443719363704,0,0,0,0
67.71397890934145,5,230,14,91.22116239787486,0,0,0,0
392.7756909459385,1,772,22,601.1958239264195,0,0,0,0
168.8370417708188,1,754,13,123.5885314902372,1,0,0,0
7911.156569575372,8,391,13,359.52492969363584,0,1,1,1
256.39936206996373,4,1059,16,252.02438926202257,0,0,0,0
44.33490502129984,1,1279,13,58.70828354232844,1,0,1,0
88.42795629153412,2,1525,8,95.9580902772433,0,0,0,0
12.642219725411355,2,1773,5,17.54121960532046,0,0,0,0
60.105282910409954,3,1303,11,85.03896198914993,0,0,0,0
63.00829373583846,2,1206,19,43.935891255083874,0,0,1,0
279.9251025083782,2,287,10,380.9862989404572,0,0,0,0
119.5970410414185,2,229,21,129.7148665003957,0,0,0,0
323.0450329037478,2,1318,12,457.0823697234038,0,0,0,0
643.8393646758166,3,755,10,639.0346806956095,0,0,0,0
85.34769148255565,3,450,16,75.00600037458013,0,0,0,0
508.5974340551271,2,293,4,476.25510416326665,0,0,0,0
941.0257023585233,3,1544,15,1391.3755542690487,0,0,0,0
43.19601553805659,3,316,7,32.619598257136715,0,0,0,0
503.52459265367264,4,1144,12,486.5483672250554,0,0,0,0
107.51314837781484,3,370,12,99.81107595374945,0,0,0,0
86.4152214364146,2,1558,17,77.0545180414238,0,0,0,0
278.4436656185388,2,628,20,191.86112748545764,0,0,0,0
17565.2680785368,7,316,3,989.2761166093023,1,1,1,1
363.828424941185,3,679,9,276.4090852874117,0,0,0,0
90.1415010915666,4,1424,20,136.54940355938106,0,0,0,0
28244.463998278297,11,11,15,1122.0801849970806,1,1,1,1
241.1487028687249,2,1516,11,320.9658566199214,0,0,0,0
44.06149302188146,3,1533,13,52.5485550468155,1,0,0,0
272.13859407703524,4,1265,6,291.94405017054027,0,0,0,0
11.94747776557669,2,1695,0,7.318431514628936,0,0,1,0
24.012800777287943,2,399,15,28.367997648747142,0,0,1,0
318.64774985992136,1,1497,9,191.31216417086455,0,0,0,0
187.5255147250043,1,545,9,243.71429402682165,0,0,1,0
461.1811269367515,3,855,11,399.0871755258851,0,0,0,0
29441.435431343743,9,692,16,149.64241436684347,1,1,1,1
1166.133853157101,3,487,14,854.5733859229239,0,0,0,0
13547.171691672396,5,12,3,574.3938628331776,3,1,1,1
88.4857894335644,2,1645,12,137.88159356980523,0,0,0,0
228.17043227374094,3,231,20,321.88577741468976,0,0,0,0
8857.032315225497,7,1177,5,323.46162795738616,0,1,0,1
15.522221254682155,3,733,11,19.7093326791989,0,0,0,0
219.4347181420367,2,1748,12,160.2601166932871,0,0,1,0
396.56509153081834,1,1537,13,305.57417233790164,0,0,0,0
127.76053627637624,6,231,6,171.92918771592494,0,0,1,0
415.70202934120385,1,1507,13,656.0670184273499,0,0,0,0
376.2508369320041,1,730,20,525.0099600359622,0,0,0,0
624.5523901928253,1,350,8,451.0114302136473,0,0,0,0
600.0062507767617,3,571,8,729.2908113376919,0,0,0,0
73.2726774807634,4,733,16,66.22767690863417,0,0,0,0
748.070982978455,2,1185,5,952.7155639388718,0,0,0,0
39.28607544686325,2,1612,7,45.76406933048278,0,0,0,0
467.22213152554036,6,1056,7,677.8425514243087,0,0,1,0
92.24227729664767,3,1410,22,137.85027746594199,0,0,0,0
52.84556682272765,5,1270,12,79.68157843821697,0,0,1,0
859.4889556531272,6,671,14,1011.4060800789009,0,0,0,0
70.59555220249345,3,1633,9,71.6233327456342,0,0,0,0
273.31250690228825,2,198,12,353.0196656153642,0,0,1,0
55.92500530371695,2,954,16,81.24648946507416,0,0,0,0
115.1817151174039,2,98,9,168.37799432911507,0,0,0,0
418.64641305569546,5,1614,13,584.243388927085,0,1,0,0
715.0306824273041,3,629,16,569.2791926462185,0,0,0,0
201.7212908062541,3,1466,11,315.6132073936459,0,0,0,0
20.292454411981822,2,129,17,13.834640633644494,0,0,1,0
24.23053645218646,4,1789,6,23.56934554318079,0,0,0,0
48.279633515208786,6,1069,10,54.61597318151289,0,0,1,0
375.54927758480625,2,948,0,403.1549755069019,0,0,0,0
384.4644841785566,2,1535,10,442.04492220755986,0,0,0,0
187.04882632739924,4,135,7,246.44423925398345,0,0,0,0
144.42784582650495,5,1644,13,107.8750790414084,0,0,0,0
643.7543199264818,1,1253,8,936.780497137641,0,0,0,0
49.881737562046595,2,752,8,44.03796589954929,0,0,0,0
669.7087037228498,1,242,9,451.2220450356686,0,0,1,0
383.64215197758864,2,402,15,547.9346720959403,0,0,0,0
185.76544407805198,2,162,10,223.99050624237898,0,0,1,0
306.8224517786181,2,548,12,482.5914204057029,0,0,0,0
63.14043878988845,6,397,7,91.07034414149079,0,0,1,0
554.1293676640527,6,298,12,855.8309385599637,0,0,0,0
956.1694932303085,2,1669,18,1023.9845352872837,0,0,0,0
165.18654546588027,1,328,12,173.39796563429718,0,0,0,0
5403.083998329005,6,82,4,200.72291989107387,1,1,1,1
15.602186633045953,2,1193,6,15.294574664285767,0,0,0,0
254.0170665081402,3,1604,10,277.41277220148794,0,0,0,0
1003.3752757988099,2,1252,0,603.3264131603994,0,0,0,0
848.2940973539229,5,1117,15,1046.5258072044887,1,0,0,0
336.44024453517255,1,1142,7,289.51914137624254,0,0,0,0
223.05269896116567,2,1150,18,199.5733691486663,0,0,0,0
25.35906050718664,2,1075,7,35.41442148716739,0,0,0,0
1102.2511196389726,5,745,18,1334.8359147438503,0,0,0,0
70.13640147177699,2,729,14,52.280799662009166,0,0,0,0
11391.104203965857,9,101,3,983.7920653844714,1,1,1,1
677.5344810998316,1,107,6,1065.7337490418054,1,0,0,0
4841.534540365891,13,631,4,713.8036826349318,2,1,0,1
234.4704199922509,6,964,19,294.5544125079159,1,0,0,0
3119.359389345687,9,52,3,878.3209270056393,2,1,1,1
219.48020803873584,3,515,11,272.5764337806894,0,0,0,0
45.26640742566511,4,1470,10,47.83540189465187,0,0,0,0
5164.110870779287,6,23,1,189.73597920156064,1,1,1,1
46341.0827407362,11,27,4,134.7250887492947,2,0,1,1
339.41410797384134,2,1123,9,459.6239266477486,0,0,0,0
170.51057307614445,2,180,6,133.53667365918557,0,0,0,0
7865.818231857492,9,995,3,152.65283731551486,1,1,1,1
284.4586263261954,2,1128,12,217.90046488256615,0,0,0,0
797.4239325426297,1,632,14,980.2804753718036,0,0,1,0
73.49525761105275,3,189,8,48.1132475397988,0,0,0,0
346.57269240867,4,642,0,435.56779718443636,0,0,0,0
236.7996090247626,3,765,6,320.99336059925076,0,0,0,0
236.635820275129,1,568,8,354.9945687342761,0,0,0,0
114.60160094256575,2,1414,6,102.80124610761949,0,0,0,0
160.9636487562138,2,916,8,183.70992998366967,1,0,0,0
66.0904585271173,2,869,11,76.872343796792,0,0,1,0
738.6520008609806,3,1228,13,855.9261267617293,0,0,1,0
346.2637811430483,2,1486,3,542.2188677694718,0,0,0,0
212.3117100014564,3,269,19,313.27306265554375,0,0,0,0
104.34703765284911,3,595,18,88.52828550031437,0,0,0,0
104.77877743388548,3,93,9,163.76671521961075,0,0,1,0
32.31794521631718,5,1289,18,38.84839119395893,0,0,0,0
55.98497873078948,4,1298,9,83.67080066470949,0,0,0,0
74.1338610247668,2,365,18,105.59934031095248,0,0,0,0
505.35669611874056,3,634,18,757.2071062811108,0,0,0,0
818.6685887146971,4,1634,13,983.5627213189792,0,0,0,0
216.42564492103273,1,325,15,216.76104360507472,0,0,1,0
65.93421792611254,2,674,0,40.921963615066616,0,0,0,0
284.1140282818986,2,949,17,183.84337063834536,0,0,0,0
1681.1598102749908,3,500,10,2254.327235576664,0,0,0,0
218.42291011069358,2,610,20,207.81753953114722,0,1,0,0
200.37286640341918,2,312,1,313.8607484109176,0,0,0,0
320.43754797363687,2,255,7,314.7261526585463,0,0,0,0
457.0793526576679,2,277,16,604.9787305221412,0,0,0,0
66.29494326675574,2,403,19,80.30078475837892,0,0,0,0
337.96283626555964,1,658,12,514.0305588901864,0,0,0,0
1142.4387750977614,1,580,12,1197.7190483850318,0,1,0,0
761.9873850259974,3,431,12,661.3356272853899,0,0,0,0
500.0721046530254,2,1519,9,370.8316047955881,0,0,1,0
118.6331503223209,1,1626,18,160.37103842186053,0,0,0,0
304.23345141299666,2,1317,10,480.81294658541725,0,0,1,0
521.9229355751418,5,357,11,332.37450259319144,0,0,0,0
640.9813690382604,1,1701,17,552.4332035631875,0,0,0,0
215.6308302331632,3,606,11,207.7358378521651,0,0,0,0
89.18916885717545,5,904,9,126.63153846246932,0,0,0,0
20.33813092663088,3,270,10,13.362985566813753,0,0,0,0
59.195058402508046,6,1449,7,78.87094160832511,0,1,0,0
109.62158363759744,6,95,5,119.1339044897881,0,0,0,0
100.1070249426569,1,1415,13,152.63184426358333,0,0,0,0
164.22538384936732,3,473,3,259.12892418039456,0,0,1,0
1244.5367435723872,2,338,17,1310.6698411480872,0,0,0,0
343.21674023347924,1,651,7,228.5658253623215,0,1,0,0
323.5425077414948,3,668,14,348.9296587819411,0,0,0,0
159.63662055176005,2,1652,9,124.86839940615961,0,0,0,0
3197.169237997948,13,18,0,1112.225411188157,0,1,1,1
165.8732744427657,4,272,15,138.28980431456154,0,0,0,0
508.65712515849975,1,1142,11,724.1033481935917,0,0,1,0
73.64244256170021,1,292,14,108.00808921372659,0,0,0,0
257.3381043914806,1,402,17,350.2450354499148,0,1,0,0
281.15437710292053,4,1634,18,256.61513352690815,0,0,1,0
64.90711598473214,4,475,7,88.02295895277322,0,0,0,0
22.933024925869944,4,452,14,34.238686021504094,0,0,0,0
156.7219993532074,2,248,14,246.1066366417094,0,0,1,0
26.012371372164264,4,174,11,16.624757740194934,0,0,0,0
354.8185710859397,3,531,8,457.427494843904,0,0,0,0
78.20728001489857,4,1224,7,59.85140387727973,0,0,0,0
968.242740038381,1,1236,21,1052.8876211750703,0,0,0,0
13126.727275951875,9,19,1,275.41642580604014,2,1,1,1
49.31422392746198,2,62,5,33.50275481564505,0,0,0,0
35.16351285393402,5,714,8,52.59925263791014,0,0,0,0
862.5735174767069,2,149,19,859.1982058611314,0,0,0,0
276.6481830210445,1,1377,9,426.91199178011635,0,0,0,0
91.98521283361374,3,312,22,126.3394818608728,0,0,0,0
832.6490199457251,4,683,8,585.1803978172113,0,0,0,0
61.38023477180561,4,372,12,87.3395950387929,0,0,1,0
222.15561331704714,3,342,10,253.53230773535108,0,0,1,0
658.4504902267281,3,263,12,421.70881728233434,1,0,0,0
790.4306370352436,2,1721,21,958.2283113618041,0,0,0,0
34.52227273261539,2,539,17,38.653857725311596,0,0,0,0
636.8541177131199,3,1740,13,462.39252864524514,0,1,0,0
326.9335230055848,3,1096,8,311.30506077636795,0,0,0,0
176.90003513706233,2,1547,9,150.9913148516018,0,0,0,0
356.53406380399974,2,1467,16,226.26925440785317,0,0,0,0
322.98836338378413,2,488,15,490.6587798767735,0,0,0,0
386.1674756604068,4,220,8,312.2513909752939,0,0,0,0
986.9384426780792,2,805,16,1045.6084236762638,0,0,0,0
205.60459393955045,3,958,13,126.66659248706353,0,0,0,0
158.59052824120323,2,351,12,112.03992071363484,0,0,0,0
390.07786036955946,2,260,10,465.8761643271858,0,0,0,0
126.19395607637225,5,33,21,138.00236512707062,0,0,0,0
368.18894873499875,4,696,11,396.51440674283,0,0,0,0
26.116318229146657,5,1091,4,24.595398406039457,1,0,1,0
61.673950702027355,3,1055,22,68.99179367820649,0,0,0,0
300.3500388822262,3,1665,8,255.00158015810828,0,0,0,0
291.7961582775319,3,1109,16,201.43013977318898,0,0,0,0
65.28953750507708,2,822,20,102.86018461686083,0,0,0,0
127.63290532009104,5,1469,5,98.07836193753224,1,0,0,0
35.906491049201264,6,370,15,24.910288912634815,0,0,0,0
23.44176644417955,2,386,8,20.308337164973086,0,0,0,0
272.3583512311055,4,71,6,282.0899917167622,0,0,0,0
156.70929307417381,3,1609,13,218.37417506177457,0,0,0,0
121.01710296916339,3,1041,14,110.13185815817192,0,0,0,0
2500.0,10,650,14,1090.3092256206335,0,0,1,1
363.4567040370632,2,485,18,416.39243510534703,0,1,0,0
256.411964341808,6,1039,18,305.27456558633787,0,0,0,0
286.46966890398147,1,440,23,355.39327313244786,0,0,0,0
456.8598634756608,1,1788,11,321.772102082804,0,0,0,0
155.02090368070282,2,768,18,190.07326692027425,0,0,0,0
302.85652226989436,2,214,12,283.6295316750555,0,1,0,0
24208.429797978,12,21,2,839.9402057363566,1,1,1,1
202.30372626272361,1,842,9,226.70159735716985,0,0,0,0
63.404502319684354,2,1562,13,99.01123193463488,0,0,0,0
64.1787185450325,4,525,11,52.829073084358036,0,0,1,0
405.22556679354216,2,1460,14,366.3863800634184,0,0,0,0
126.01370782284117,2,1055,14,163.80197645645598,0,0,1,0
125.63595094560053,5,1139,1,91.13935736755757,0,0,0,0
245.08510686415772,2,734,14,321.4876546111709,0,0,0,0
2500.0,8,972,0,1140.3298140281454,1,1,1,1
4967.680521599068,8,671,8,776.1358097790742,2,1,1,1
326.3449261997766,3,1422,10,454.54369274408054,0,0,0,0
74742.05592785358,13,216,3,493.58231359425235,2,1,1,1
55586.69687988415,7,14,12,1072.938878583302,2,1,1,1
204.5639585747751,4,695,8,268.06519315355763,0,0,0,0
57721.313783675825,12,213,2,1088.298242134731,1,1,1,1
38.61723241049163,2,122,3,47.218051336821716,0,0,0,0
705.8868273029697,1,228,19,460.1526736827554,1,0,0,0
2500.0,12,9,0,126.47398032691204,0,0,1,1
581.2579964411067,4,1743,18,438.4151944617236,0,0,1,0
208.63100639083464,3,217,17,142.44331518862174,0,0,0,0
253.48899309799526,2,1558,6,215.36412366100487,0,0,0,0
595.729575679267,3,1152,6,702.3849374227543,0,1,0,0
24534.795233438155,12,20,7,148.98336351618832,2,1,1,1
916.5477154301693,3,1273,16,1309.6863485547635,0,0,0,0
306.8207877443685,1,1417,9,376.9181965350476,0,0,0,0
881.050843692049,1,1019,12,1204.9148855904145,0,0,0,0
284.5004044365163,4,1465,8,416.21983004620284,0,0,0,0
386.68863690087045,2,1314,17,271.787712437341,0,0,0,0
12.502417807529945,3,641,10,17.455173561585937,0,1,1,0
117.94304033053194,5,1574,9,161.16686312836663,0,0,0,0
163.64674184267437,2,1167,9,119.63146234673827,0,0,0,0
86.13932539733668,3,1291,15,117.64460201051844,0,0,0,0
192.66426277183695,3,1129,13,129.63652502666667,0,0,1,0
108.01239157105859,2,1257,14,129.37405929107834,0,0,0,0
10112.499456842404,3,18,11,787.8576746086558,1,1,1,1
52.541943337635715,4,175,17,76.34638346205298,0,0,0,0
185.38397710820766,3,901,17,145.249003247349,0,0,1,0
122.98649330917287,2,1600,14,139.61866577312517,0,0,1,0
145.91893122669947,2,1706,20,177.25476554146465,0,0,0,0
332.3811180275214,4,374,14,272.928645240754,0,0,0,0
252.0997417651699,5,249,8,301.0479115409431,0,0,0,0
280.6916338004507,3,888,12,340.7385765878937,0,0,0,0
38.289728058711226,3,1609,8,32.77913977461316,0,0,1,0
4548.566129909079,10,12,14,612.15963475126,2,0,1,1
307.38619410912634,5,434,0,199.02288001608912,0,0,0,0
684.7545903867796,6,488,18,499.05940262888896,0,0,1,0
70.02840678797463,2,485,18,56.57521946267093,0,0,0,0
33.41590966025174,4,238,11,33.36939205548923,0,0,0,0
1222.0658163400587,4,871,7,1276.6728081706285,0,0,0,0
685.1925214924642,5,156,17,623.5297019528145,0,0,0,0
216.09008015072013,4,1430,8,345.08825255273166,0,0,1,0
6002.989366526787,15,477,0,968.1282804709195,2,1,1,1
318.06133022732774,3,467,23,279.1815488985155,0,0,0,0
367.8312200751436,4,888,10,485.4529420829059,0,0,0,0
446.37153991846054,2,248,20,620.7551336046598,0,0,0,0
145.5143653923105,6,44,7,189.45460018693862,0,0,0,0
56.98167239680293,1,1039,18,62.250083358949105,0,0,0,0
9156.428631616369,14,1094,17,1014.5216118730576,1,1,1,1
8362.721646826822,10,531,0,891.8467246126276,1,1,1,1
32.67451409273832,4,340,13,45.83336448834373,0,0,0,0
15.266392268843173,2,1247,6,12.519123382604278,0,0,1,0
34439.00011181387,12,8,0,553.8646981942607,1,0,1,1
73.59561842568135,2,46,17,96.91068874158304,0,0,1,0
88.90882246510861,5,1475,13,99.51260953913427,0,0,0,0
291.43429639627516,3,772,12,230.04064973444548,0,0,1,0
2500.0,8,934,9,875.3109078244614,1,1,1,1
30517.896445038627,9,16,5,1020.5644978065925,2,1,1,1
9181.798212506923,4,11,16,795.9694688540486,3,0,1,1
158.2858115208877,3,178,16,159.4700027938158,0,0,0,0
136.04567025619656,4,204,17,161.4559183858259,0,0,0,0
297.1853168798656,3,1356,18,181.8183894013146,0,0,0,0
197.06835601458582,5,1225,8,193.40304672475762,0,0,0,0
160.94628787076556,1,1644,16,185.27933742984354,0,0,0,0
345.13482859270584,4,808,12,280.8904284779858,0,0,1,0
472.16898041280973,2,138,12,601.2392041775471,0,0,0,0
34.794609827225166,3,446,10,34.360884083591316,0,0,0,0
1048.8738679747075,2,1182,9,719.7461050442961,0,0,0,0
291.86236952832724,2,464,11,261.8589521701546,0,0,1,0
324.67081496326136,3,969,12,195.3934410611426,0,0,0,0
431.018707014126,2,1608,15,498.75606451174036,0,0,0,0
160.74656124893684,2,376,11,252.9253921680871,0,0,0,0
55.98673491112254,5,521,16,45.36474842597586,0,0,0,0
52.40621761558657,3,410,9,33.522249231640515,0,0,0,0
174.94729796709504,4,1624,20,171.8801368438634,0,0,0,0
52.62604308224868,3,947,17,83.59455275841157,0,0,0,0
339.8772241748176,2,1083,18,457.54914500405295,0,0,0,0
255.78023394138228,1,713,11,174.8798148402658,0,0,0,0
66.7951382270966,3,1325,23,62.174668966067635,0,0,0,0
5722.980234074675,10,551,0,270.55659780756315,2,0,1,1
281.0130008457566,4,1348,19,185.60343252587498,0,0,0,0
15.65006530562965,2,1297,11,20.22732209652834,0,0,0,0
101.9770034039856,4,53,13,112.25179307714562,1,0,0,0
10.060225883198138,5,1574,13,16.038429455443435,0,0,0,0
676.4223098120876,4,990,10,658.6165756451475,0,0,0,0
140.0988269447389,3,1102,9,188.23101968866584,0,0,0,0
106.31301234345169,3,1336,7,65.94830202285497,0,0,0,0
485.2514296354016,4,429,9,408.3413431558768,0,0,0,0
137.50085515881207,1,1087,11,95.50161540612822,0,0,0,0
505.7851609210767,2,1454,12,571.093576386258,0,0,0,0
40.98950514222557,5,431,7,30.399526363548226,0,0,0,0
166.7796185264849,2,769,14,185.45961873529143,0,0,0,0
37.295874281606025,2,1340,18,28.693939085261686,0,1,1,0
580.8287142029076,2,1724,16,760.5015271841297,0,0,0,0
60.93676785530764,2,1020,12,85.69877291301404,0,1,0,0
50.48525634110462,4,1107,9,39.80697812089291,0,0,0,0
230.35664907946585,2,1776,7,164.1563191230846,0,0,0,0
21.0916229787698,3,1779,12,26.307953450458893,0,0,0,0
58685.33688158824,7,25,2,573.912201312932,0,1,0,1
491.63030366264996,6,152,8,435.27276285717335,0,0,0,0
36.85378544552419,3,1196,10,50.810648588590176,0,0,0,0
524.7030755104776,3,526,21,373.90296591219305,0,0,0,0
124.93906593593722,3,535,20,139.14755551255055,0,0,0,0
121.87993467443073,4,1539,16,81.3521432435253,0,0,0,0
245.47132533079966,1,1419,19,349.16785988476767,0,0,1,0
98.61601213815297,3,511,8,118.67497253744799,0,0,1,0
145.30768069320365,4,953,8,132.07095213010496,0,0,0,0
67.93290528067038,3,1027,8,51.481839754169556,0,0,0,0
115.08150404776448,2,1087,8,144.699728117537,0,0,0,0
806.6666267700963,1,1597,10,1157.4204327289517,0,0,1,0
27.65568003656571,5,1217,9,33.473605937885914,0,0,0,0
231.29904161411383,1,463,21,235.5257851636671,0,0,0,0
90.05537267884121,2,1778,18,62.18705624747554,0,0,0,0
449.34867003202044,5,190,19,406.5183996598164,0,0,1,0
474.04056823032573,2,597,16,687.2348496406926,0,0,0,0
240.12904200504818,1,1342,16,276.07082821112897,0,0,0,0
196.33758972298403,3,1586,7,311.3857658914505,0,0,0,0
480.4448931857413,1,1494,11,437.9402659933929,0,0,0,0
56925.87952349499,16,459,5,482.3015824107041,2,0,1,1
151.44230667968276,2,1191,18,212.24141735841405,0,0,0,0
219.17266513015244,3,1033,0,154.84365263758968,0,0,0,0
81.03811114528663,3,709,11,71.28833648539498,0,0,0,0
363.9928059310434,4,1553,18,556.1046776095314,0,0,0,0
36.38318748531556,3,469,7,41.96388507020472,1,0,0,0
119.73633231712012,3,323,4,89.28490008343564,1,0,0,0
82.8441756169432,4,672,11,121.04646930604663,0,1,0,0
178.0043720193007,3,1387,8,159.26845085455014,0,0,1,0
104.00287450313783,4,1234,9,138.83533085917932,0,0,0,0
342.4980783803758,4,1733,11,447.80441005397495,0,0,0,0
31.672518374241374,2,1236,17,47.489548929276054,0,0,1,0
1005.8408762641131,5,1405,22,1039.3675164289668,0,0,0,0
60.10031862913296,5,1411,16,38.208360827689724,1,0,0,0
887.2787819788708,4,376,9,606.7812856502134,0,0,1,0
516.7526566322506,5,1473,10,349.70310629320784,0,0,0,0
261.281010586991,2,1636,8,328.4003139856179,0,0,0,0
1071.009245653815,1,1783,13,848.5298523477426,0,0,0,0
327.75971161212124,3,1774,14,207.86643077390758,0,0,1,0
23.306896011555686,1,798,15,36.09907693094933,0,0,0,0
650.2003621540332,2,1123,17,985.8451203843941,0,0,0,0
110.98278783290087,1,1474,10,91.63704607888116,0,1,0,0
266.45977975950655,3,1515,10,163.73412705325438,0,0,0,0
1714.1816910813918,2,1359,9,2185.4784910706894,0,0,0,0
40.97862021388809,2,963,10,50.42404571502831,0,0,0,0
83.70566774255734,3,933,12,128.62966118363178,0,0,0,0
801.2733510991892,2,1656,13,1005.7595373747632,0,0,1,0
340.1934206420339,1,33,17,204.67430418579823,0,0,1,0
45.90355490484569,2,1520,16,64.72826337123125,0,0,1,0
117.02565360627793,3,536,4,180.69718869802207,0,0,0,0
593.967283597925,2,234,8,757.8459693461756,0,1,0,0
140.54485394326687,1,917,9,173.60396098260819,0,0,0,0
97.54714132590634,4,730,7,63.55564845440458,0,0,0,0
183.9860113332578,4,385,13,188.58083430079654,0,0,0,0
180.79069510270685,3,1594,16,165.40348311059464,0,0,0,0
588.0601284527949,2,167,5,610.8150376355471,0,0,0,0
192.45697508771943,5,702,18,148.31226141076354,0,0,0,0
2998.8850492041306,4,982,1,802.8731302368274,2,1,1,1
106.13096533094117,2,1034,10,158.778898827859,0,0,0,0
16.37905023859777,4,583,12,18.02129839840409,0,0,0,0
111.7079694845251,4,1164,10,94.97392282737518,0,0,0,0
77.12396662274216,3,252,13,114.87381466041187,0,0,0,0
34.431535118735184,4,805,7,48.286519029879216,0,0,1,0
372.87819056097874,2,210,13,542.4924458781278,0,0,0,0
224.98227807853337,2,1142,17,252.50329097062055,0,0,0,0
174.0303445071319,3,452,21,224.1248956138501,1,1,1,0
9740.73293877414,8,367,12,923.2647405594589,1,0,1,1
67.77305158627414,4,1661,18,88.83550801752172,0,0,0,0
210.36721330322274,5,886,12,272.9991864282689,0,0,0,0
199.47723515638023,3,1191,11,267.94582183428633,0,0,0,0
371.3554990837275,3,31,11,387.01156331530706,0,0,0,0
22977.924313771266,9,1043,4,394.2400413973818,1,0,0,1
527.2285160080975,3,823,11,509.93321030117596,0,0,0,0
6377.7738337593255,12,386,4,317.0882888709935,1,1,1,1
32741.725179383724,10,86,21,212.3555525009462,2,0,1,1
357.09812085673445,3,1182,11,459.88450487400996,0,0,0,0
1002.385328081078,4,1418,16,973.8014452024453,0,0,0,0
94.6522766044565,5,1688,8,88.0576951437302,0,0,1,0
93.91475315762204,3,1548,18,134.29097597191551,0,0,0,0
635.4925077909694,4,568,9,422.84086056066496,0,0,0,0
97.86786812020193,2,1360,9,109.09673198292779,0,0,0,0
200.68698668143546,4,281,7,283.66178823283946,0,0,0,0
101.10964310236108,3,1452,16,83.55638812866917,0,0,0,0
23.728804143466967,2,855,16,20.94868994753538,0,0,0,0
166.31182728369262,2,101,6,172.2014914355737,0,0,0,0
4221.025724168657,10,711,3,1154.2988365029503,3,1,0,1
498.8752945361455,4,1431,17,428.59501389950964,0,0,1,0
174.64953374254372,2,961,5,116.49630585593053,0,0,0,0
197.6463172877972,4,416,9,288.0580313176785,0,0,0,0
225.82365755967706,5,418,12,326.6850691226571,0,0,0,0
68.7784854523163,4,1410,14,44.491282767061506,0,0,0,0
90.27072352220607,3,1408,14,87.29710299120124,0,0,0,0
284.47309757596724,4,1279,12,385.53815678798355,0,0,0,0
88.0426132588051,6,813,14,78.5290876057307,0,0,1,0
181.86773815791747,2,1754,11,131.668915079979,0,1,0,0
812.1827866984017,2,1328,10,1221.5206670974126,0,0,0,0
78.87376453473827,4,1464,21,61.3150660123191,0,0,0,0
79.92505091560531,3,889,12,71.14077131003735,0,0,0,0
8596.555960299414,13,23,15,998.0378738194951,3,1,1,1
62.03922261106463,2,826,10,54.63403476102352,0,0,0,0
80.53058478702182,2,909,3,121.99770594021106,0,0,0,0
248.08487693643548,2,541,21,343.6981582652342,0,0,0,0
801.5430015973983,6,774,8,1063.1465897426922,0,0,0,0
74.97634780104362,4,1702,12,78.66416382448794,0,0,0,0
62768.58281935415,11,12,4,394.0927290940306,0,0,1,1
32015.830326371673,8,570,2,1105.9763940871571,0,1,1,1
49.56552776131526,6,1038,1,33.38620564019944,0,0,0,0
130.95156865278494,3,1339,9,171.7049751109431,0,0,0,0
249.18912726802154,2,263,12,244.4626385222653,1,0,0,0
417.93885092664414,4,1686,6,588.9377814738107,0,0,0,0
529.0147705990264,2,1148,17,740.851399842178,0,0,0,0
44.04425909870584,6,349,9,45.60932025253442,0,0,0,0
119.67731709165977,3,193,17,106.2557928537809,0,1,1,0
46782.99568283388,11,3,1,1061.9332370317238,2,1,1,1
146.30693726928934,1,1549,8,105.34292366221034,0,0,0,0
163.1531972485597,3,1114,5,226.1667685837478,0,1,0,0
41.71433472233225,4,1104,14,27.441131381058554,0,0,0,0
177.4444340650406,1,1598,3,240.07887419335057,0,0,0,0
275.69877360578573,4,686,14,183.27949964314078,0,0,0,0
16293.06107452836,11,998,3,272.42227544477294,2,1,1,1
33467.344296697134,7,144,2,124.44344338594185,2,0,1,1
360.07358167250396,5,1203,10,339.4342259291761,0,0,0,0
326.8703447418386,2,560,15,270.1903152903316,0,0,1,0
159.48590589455574,3,1642,17,246.86877278218213,0,1,0,0
211.8553012215307,1,35,19,280.6255094885738,1,0,0,0
117.11101940243486,1,1580,6,99.79329557376255,0,0,0,0
407.70754068044903,2,226,11,323.82462916518904,0,0,0,0
218.86374631931955,4,1754,6,299.59854929703,0,0,1,0
96.41572023469443,5,866,21,81.05582087345256,0,0,0,0
488.3782135959461,2,1199,15,701.0331802100919,0,0,0,0
443.5421134024752,5,144,16,659.9928225826642,0,0,0,0
2500.0,7,1084,17,1011.9757024985398,1,1,1,1
192.92923315567026,2,155,10,139.47599963113328,0,0,0,0
38.33604649632308,1,696,17,47.804481928368595,0,0,1,0
36.39884387840095,5,1505,15,52.0277097600895,0,1,0,0
118.87171813065665,2,488,19,101.97793028806987,0,0,0,0
358.37903841929835,2,207,7,365.20594480296523,0,0,0,0
649.1574372768819,4,1075,10,837.2503446078504,0,0,0,0
317.13376027332515,4,1690,16,420.4521947279812,0,0,0,0
26639.200260704092,10,4,1,335.3201375809544,1,0,0,1
115.91056104150363,1,1148,6,147.0874586358501,0,0,1,0
13109.210086603876,8,10,13,936.3465759707312,1,0,1,1
950.9042900880847,4,1081,18,1030.3134593059654,0,1,0,0
16.436943497528432,4,659,10,23.958729528994912,0,0,0,0
14163.819907911915,12,4,14,994.7549857402391,0,1,1,1
99.0136690696505,2,111,17,110.4927308198152,0,0,0,0
159.51574413302797,3,817,10,215.32987053596136,0,0,0,0
302.0782931646766,4,41,10,479.0743222243041,0,0,0,0
29.928556679941327,3,109,14,24.013704638172285,0,0,0,0
249.99923634357796,4,251,13,337.5927252341743,0,0,0,0
14.674576391204532,4,891,16,9.628940892513839,0,0,0,0
167.43091207639625,4,1431,9,255.07446705457951,0,0,0,0
390.8472667546663,3,828,15,274.7058553313537,0,0,0,0
804.6049761218803,4,1385,14,574.8057395952752,0,0,0,0
183.19793980669226,2,101,22,269.0858304148582,0,0,0,0
143.3600947965744,5,1233,11,205.28722742958396,1,0,0,0
60.8478032634708,1,989,12,94.00504765957004,0,0,0,0
301.6927706936616,4,1521,8,383.80294809670363,0,0,1,0
471.59678576306317,4,549,9,699.7894048982206,0,0,0,0
542.6851441407338,1,729,9,721.549408171884,0,0,0,0
145.79393665709537,3,1051,7,190.7312389033069,0,1,0,0
250.98410475554704,3,1097,23,376.65533711649135,0,0,0,0
222.02508426623004,3,961,15,288.91050236776243,0,0,0,0
238.5103939699371,2,1115,5,271.2181038340103,0,0,0,0
276.17862728003075,3,161,7,260.0616347216776,0,0,0,0
26.962871389217906,3,1407,13,25.093282165555745,0,0,0,0
1046.3825100773238,2,620,8,1368.5082900584855,0,0,0,0
104.37766471713965,5,226,18,80.43411831139503,0,1,1,0
70.17509055801497,4,918,7,66.39527176472676,0,0,0,0
19305.45052211811,7,17,1,207.78517507643642,1,0,0,1
232.5668180723695,3,202,12,319.9870845461482,0,0,0,0
286.31598878875553,3,1765,12,217.62273089911375,0,0,1,0
1141.6859890916292,6,1315,21,1340.64269508438,0,0,0,0
11871.501608400727,9,9,8,1001.6639255170742,2,1,1,1
142.38041810935977,4,693,13,123.72832249521483,0,0,0,0
31.314686367417067,3,1437,10,30.433010987319143,0,1,0,0
216.1744388090108,3,1296,18,167.28132616389996,0,0,1,0
36.358093883958404,4,347,0,33.53128269879437,0,0,0,0
402.44199142321565,4,850,20,643.4100958803872,0,0,0,0
318.87816158924187,3,1050,6,312.69491943142583,0,0,0,0
6487.798779990978,8,1,2,192.5489297775994,0,1,1,1
27485.973987814745,5,187,14,1143.4336860828764,1,1,1,1
47.730146660566035,3,1727,5,50.487169731966134,0,0,0,0
6950.5712157424705,5,19,23,59.68401403581395,2,1,1,1
83.15584180665081,2,791,11,87.22480199182083,0,0,1,0
69.03141266182274,1,1404,8,80.87505541393043,0,0,0,0
54.588693644939966,3,1078,1,75.0172345711584,0,0,0,0
11105.53210624407,13,21,16,640.6494992844788,1,1,1,1
24253.08341210528,11,1116,4,528.7940162812287,2,1,1,1
65.68270226370613,4,855,14,76.87252223082997,0,0,0,0
95.61813806629748,4,254,0,118.09749222020805,0,0,0,0
59.99420103918925,6,1666,14,43.94252704082746,0,0,0,0
118.94940893342479,2,228,8,181.13707639522391,0,0,0,0
189.56128945007114,2,1241,11,225.68114919958617,1,0,0,0
48871.664455602004,9,24,16,1148.0916825099448,0,0,1,1
228.18735746252082,3,1751,10,261.33316705686997,0,0,0,0
216.31387155845215,2,1349,6,284.50644440148136,0,0,0,0
102.90033658832179,2,551,9,63.383837640726924,0,0,0,0
395.03815868577317,2,186,16,527.4545876086864,0,1,1,0
466.5835790276604,3,578,9,411.94742588435395,0,0,0,0
12.321139204865595,4,360,20,12.759012746144633,0,0,0,0
247.29362013805797,3,90,16,234.8369414380225,0,0,0,0
45.01973146508628,3,141,14,48.05602469512785,0,0,0,0
10.368727307596265,4,1019,11,16.022630734055834,0,0,1,0
144.7671246227858,4,1253,12,222.46576420435593,0,0,1,0
165.26211121902605,2,984,14,226.12869157902915,0,0,0,0
29064.26087683572,11,266,1,364.6557658215739,2,1,1,1
335.4325253628598,3,1138,15,394.10153114335844,0,0,0,0
28.754094737546126,2,1233,16,17.51716018907267,0,0,0,0
214.75508253960524,2,783,10,237.10322210083345,0,0,0,0
408478.8380653463,4,18,1,352.40630519200647,1,1,1,1
77.50413487373196,3,853,10,66.6584374519621,0,0,0,0
265.8403881153382,3,795,17,310.3765404188814,0,0,0,0
221.4454303003549,5,1173,7,244.75361484558246,0,0,0,0
108.18618233343261,2,1367,7,112.58480999834038,0,0,1,0
547.3903970175808,1,765,12,568.0365097014843,1,0,0,0
293.8553023809694,3,770,12,192.73541455099522,0,1,0,0
68.5608997250904,6,1798,13,79.78376347254861,0,0,0,0
164.49582361858086,1,976,16,148.11156566672025,0,0,0,0
288.74974803386493,5,895,9,456.5508986916522,0,0,0,0
370.5736779910648,4,979,16,376.08613350049353,0,0,1,0
151.45963086499683,3,352,14,100.27140597159517,0,0,0,0
1091.8201164989748,3,868,17,1295.681816922367,0,0,0,0
226.86549177203608,4,60,7,237.47033341423918,0,0,1,0
174.44255636106834,3,1603,22,258.3711766637388,0,0,0,0
578.5243372768131,3,309,11,582.5511541229663,0,0,1,0
416.524701273248,2,1466,12,397.10513915078377,0,0,0,0
280.44930510323104,4,545,14,248.9634815380432,0,0,0,0
220.10583727814532,4,1551,15,207.84796298105684,0,0,1,0
10.391582812010437,4,1032,12,6.934091069317146,0,0,0,0
21.266565290001264,4,1765,18,27.385359237339774,0,0,1,0
244.8868915332776,2,166,15,279.9967375667748,0,0,1,0
297.0217499992704,1,823,14,469.21630837812774,0,0,1,0
302.24024372524804,2,1760,18,221.52119573445194,0,0,0,0
143.87354414327936,6,773,3,211.30863295145332,0,0,0,0
54.073553670852874,2,1470,11,36.36428761035528,0,0,0,0
112.0969876427585,4,1598,13,78.75757024016873,0,0,0,0
114.68797197289517,2,1342,17,108.1689628232496,0,0,0,0
2500.0,7,522,18,158.40565411669076,0,1,1,1
37.54108872985632,3,791,11,53.4630787981098,0,0,0,0
34.08652178080197,2,308,9,21.522855424837292,0,0,0,0
281.81409368191436,2,1310,15,449.00269690982867,0,0,0,0
64.1100343467834,2,746,12,49.91511354317009,0,1,0,0
70.84874049958268,3,1530,4,96.75806488951024,0,0,0,0
15.30824747582432,2,57,23,23.515385440929233,0,0,0,0
171.14086177245906,2,1725,4,226.5296216213318,0,0,1,0
40364.37664547337,7,2,20,429.3831752496482,3,1,1,1
223.48770741408896,3,988,14,162.2799914560492,0,0,0,0
123.67703756340653,3,592,9,160.4206829258408,0,0,0,0
20805.164325036407,9,874,2,959.48424675664,2,1,1,1
369.25086571074746,2,1730,18,409.13053889956035,0,0,1,0
128.02618554158516,3,1772,11,140.86738848612208,0,0,0,0
67.39720704020834,4,787,12,107.82486939137432,0,0,0,0
15339.278072002604,7,5,16,996.6412718819015,0,0,1,1
10107.174927765736,4,28,0,800.0479404358318,0,1,1,1
117.24686585860042,3,332,18,72.32577129169783,0,0,0,0
12.874633034363544,2,1650,16,11.053743444763674,0,0,0,0
38.25952690656552,2,786,8,45.943095363443646,0,0,0,0
51.91618819266995,4,810,17,65.70765490850005,0,0,0,0
122.79692527746744,2,1181,12,123.90567679702855,0,0,0,0
51.64852074290832,4,1396,9,54.6414213511263,0,0,0,0
824.2244239617328,2,516,16,1000.2915293961869,0,0,0,0
137.4215332286337,3,1647,22,116.78816698464536,0,0,0,0
221.17427422538887,1,645,18,239.80224055762056,0,0,0,0
258.9611535632211,2,1003,6,206.38803286265633,0,0,0,0
431.568942497869,5,806,15,458.1513324695234,0,0,0,0
465.3955771524663,5,1783,20,456.6757914972406,0,0,1,0
45.59712648116535,4,113,6,67.66701910938059,0,0,0,0
142.2376777776861,3,1613,17,181.75289301019825,0,0,0,0
142.03691436589156,2,1381,4,196.0904538680979,0,0,1,0
11502.80380722123,8,22,4,419.28745052057417,3,1,1,1
478.5370319952689,5,755,14,736.8234678272353,0,0,0,0
311.9095345023578,3,627,12,481.3016710336632,0,0,0,0
94.9001511530019,2,1760,8,67.84968973097567,0,0,1,0
72.1510237509175,2,1435,4,85.14028406253968,0,0,0,0
285.81536876776727,2,956,17,364.53404193155956,0,0,0,0
76569.16191075918,10,159,2,922.3077245554426,0,1,1,1
61.3271558301058,1,600,9,77.98655027752099,0,0,1,0
254.29295227020512,5,910,14,190.30074737104238,0,0,0,0
41.052063609251505,4,1428,19,30.973070942600266,0,0,0,0
24.686756706209366,1,976,16,35.40637852717575,0,0,0,0
77.69863218919998,1,963,17,68.79599739310063,0,0,0,0
661.6469239263239,1,1446,13,462.7472259644026,0,1,0,0
44671.70440314479,10,16,1,1036.7434391123857,2,1,1,1
138.71102982003737,4,154,8,220.32481487754194,1,0,1,0
266.67956915152,3,1576,11,200.93166892396985,0,0,0,0
214.13905190883048,4,397,8,136.57407436836374,0,0,0,0
207.09971313541374,4,82,10,253.3784802751401,0,0,0,0
44.34180690041597,1,827,5,45.70734238039425,0,0,0,0
619.2698599198626,2,1037,8,973.4694290195733,0,0,0,0
230.09545035256002,1,784,17,314.9796643107629,0,0,0,0
635.8486003708383,3,1162,17,500.0959574266548,0,0,0,0
326.5224859114378,2,915,15,395.79243495592647,1,0,0,0
15393.345845680218,9,26,3,551.5993429890502,1,0,0,1
360.10227790444014,2,997,0,496.1061274405152,0,0,0,0
343.70511103608266,5,62,5,480.2467402258161,0,0,1,0
29.047739501136093,3,84,10,26.129272803651336,0,0,0,0
323.01686821800655,2,1531,10,262.45917805048754,0,0,1,0
12634.576457758048,10,13,0,876.5274384611834,2,0,0,1
87930.44921678894,7,1100,10,662.3099049383846,0,0,1,1
425.52399563307915,3,1735,11,462.51784785734066,0,0,0,0
464.62202741161053,5,584,10,563.1955765316051,0,0,1,0
207.42806317951897,4,470,10,207.66029291849338,0,0,0,0
27.084514647579773,2,183,13,42.744902463168145,0,0,0,0
189.6628798272074,1,1701,15,191.86039665362534,0,0,1,0
165.12687384485054,3,1102,8,105.14089898068852,0,0,0,0
181.7731282301974,4,1411,1,187.15971553515283,0,0,0,0
95.526815205901,3,144,10,89.00227697323994,0,0,0,0
25376.933487565082,13,7,3,781.676590168635,0,1,0,1
9137.699488946097,5,4,2,976.9826557095514,0,1,1,1
521.3451333221806,2,570,5,530.3507718982303,0,0,0,0
5897.163028714964,9,38,4,321.2145788472876,2,1,1,1
49400.79347397833,11,4,2,492.7056889475354,2,0,1,1
312.55006101357475,3,279,10,353.7788292337656,0,0,0,0
165.94966749165474,2,43,8,194.24118953158379,0,0,0,0
578.3500762171162,3,490,9,557.57154987885,0,0,1,0
15.053667568895058,2,394,12,20.161045417931835,0,0,0,0
235.91521940373963,1,51,7,283.704739134213,0,0,0,0
311.24862642444094,5,1556,19,387.7822529481049,0,0,0,0
31.992871575985262,1,1593,7,34.194862742431056,0,0,0,0
26.53664577307477,3,191,6,25.614334399742322,0,0,0,0
547.1835388732115,2,460,12,441.24522272751807,0,0,0,0
160.1401489208501,2,1619,9,158.0207195337553,0,0,0,0
5488.396042587681,12,972,17,350.24293300735434,0,1,1,1
51.212818434826374,3,922,13,76.14625559323562,0,0,0,0
256.88322690702887,1,1207,21,407.23022497766544,0,0,1,0
109.68045550648876,3,91,16,106.10294938410219,0,0,0,0
204.6245317549541,5,1386,17,169.17805567886901,0,0,1,0
57.64625584166439,3,544,9,74.78519364514601,0,0,0,0
674.8342163676916,2,676,15,906.0473212068813,0,0,0,0
68.72446564611343,1,238,11,68.6809059620621,0,1,0,0
12.09745008210408,3,52,8,15.638539427639742,0,0,0,0
177.286406027792,3,1569,15,243.70727104816686,0,0,0,0
33.43296527406763,1,1111,12,40.72636749718404,0,0,0,0
178.12098887577665,2,513,14,211.38256959349593,0,0,1,0
162.04050723807515,4,341,12,148.64506606259297,0,0,0,0
492.0967063259381,3,1055,1,444.90821244704733,0,0,0,0
58.309808332339934,6,77,10,83.59339251075438,0,0,1,0
320.9581954211705,1,480,12,273.8457559691628,0,0,0,0
155.29536794689508,2,393,3,104.86091487140253,0,0,0,0
46.65303053952887,2,1398,17,41.86147245013403,0,0,0,0
108.10729773579696,2,212,19,117.36733101118688,0,0,0,0
462.15309458979533,1,743,7,278.61160892397066,0,0,1,0
677.8073612505311,2,1071,10,647.0112802275584,0,0,1,0
50.60304357764866,3,166,6,30.529409365080344,0,0,0,0
838.8823989451988,3,1320,17,533.3408199090411,0,0,0,0
36.74922535898733,3,1099,11,58.033996725965096,0,0,0,0
388.7736960816136,2,1681,10,425.71122227395074,0,0,0,0
182.26318982971253,4,812,16,206.49035087500332,0,0,0,0
382.78423301461515,3,1535,9,359.99270888852794,0,0,1,0
645.8382232493526,2,197,19,641.1033585496066,0,0,0,0
144.49382861252656,4,782,12,153.59309906067057,0,0,1,0
102.59482538859,2,1223,10,154.40882367933048,0,0,1,0
108.41561381822814,3,1508,19,164.7828431545162,0,0,0,0
106.0851303798836,4,1472,15,80.97002264717187,0,0,0,0
199.59329925832833,4,407,21,302.17307442114566,0,0,0,0
132.46636343304323,3,1089,3,81.75009834515241,0,0,0,0
29316.756436101845,8,494,2,887.4945172178373,2,1,1,1
183.09607390704798,4,610,13,229.23984520528964,0,0,1,0
153.9374214408517,4,439,15,234.35602466319472,1,0,0,0
893.8610964348736,2,1469,16,852.0284656074584,0,1,0,0
406.2752202530295,3,1187,1,368.2921992105099,0,0,1,0
55.34387850715127,1,87,9,68.7442529763799,0,0,0,0
2565.202837935199,12,24,3,522.4042759620783,1,1,1,1
170.52314715391373,2,1043,7,271.27336850202835,0,0,1,0
2500.0,7,718,9,909.8865195159548,2,1,1,1
55.19181898258123,1,30,17,68.99302165798782,0,0,1,0
12584.651784884338,11,2,0,658.770686146696,0,0,1,1
386.7153833699967,2,31,9,345.3284555526394,0,0,0,0
227.15363090564315,6,1619,13,331.49887235470663,0,0,0,0
96.58373160510195,5,314,8,138.3750943903841,0,0,0,0
246.46572474837382,1,538,5,232.59363962274563,0,0,0,0
84.84139562382981,2,183,19,117.85364457085512,0,0,0,0
215.51430683138452,2,123,8,261.54764186586124,0,0,0,0
23228.90059915037,5,26,1,611.5801282788728,3,1,1,1
809.985521946648,2,1372,8,824.4973030870725,0,0,1,0
473.9633697578216,3,1527,8,501.4564360362638,0,0,0,0
152.10608920626723,3,1597,11,126.76797248736379,0,0,1,0
15.556753714000415,1,1170,16,20.487269354173733,0,0,0,0
222.2163319557822,1,293,12,137.64187852133247,0,0,0,0
442.0289152861205,2,789,17,418.28859792414585,0,0,0,0
179.49915734316613,4,766,10,142.53247881846934,0,0,0,0
461.8564972381444,5,616,11,467.87949980573603,0,0,0,0
5090.5128758187875,10,702,2,363.85003139761557,1,0,1,1
59.90957668853701,4,1538,7,62.1659382221416,0,0,0,0
5770.8527958543655,5,4,19,1166.313600731931,0,1,1,1
143.01983853815125,4,333,7,147.36776629224227,0,0,1,0
729.5945339978279,1,455,9,495.2222457216789,0,0,0,0
209.94414441650892,3,183,10,131.94886548772806,0,0,0,0
144.9624786148108,1,956,7,121.00977502487463,0,0,0,0
98.47061264196287,3,1784,8,99.24915227074827,0,0,0,0
192.98878039620638,3,1790,10,174.33901327508454,0,1,0,0
1004.7690447104206,5,1090,2,959.0644754104823,0,0,0,0
2500.0,8,1043,4,766.7593333114984,1,1,1,1
105.28001863298222,3,1222,6,66.28939727919253,0,0,0,0
416.75125778917896,2,928,8,651.1685441202983,0,0,1,0
363.1992006985281,1,1366,8,438.42889370575284,0,0,0,0
92.4507100335623,2,1119,8,117.58159089789204,0,0,0,0
62.48164158634595,4,1068,18,42.61509990259694,0,0,0,0
420.4949470920331,5,756,11,374.52161237061694,0,0,0,0
55.4359308258963,5,1312,15,83.77296462899872,0,0,0,0
130.78821307369705,2,1459,14,168.57763801567043,0,0,1,0
112.71562939169752,4,1323,17,134.03140215235777,0,0,0,0
132.6594966234871,4,579,14,96.85118118775053,0,0,0,0
325.7374356523323,2,520,10,322.5499996413485,0,0,0,0
556.1315021115156,1,881,8,528.3371164354478,0,0,0,0
10219.197989651118,8,571,21,680.28670896992,1,1,1,1
323.047119863468,3,1653,18,452.6170087479368,0,0,0,0
297.9005381770229,2,801,20,403.5193492258483,0,0,1,0
49.46097029120213,3,647,12,57.25564368993598,0,0,0,0
16.867464471110026,6,779,16,22.87858591426936,0,0,0,0
262.07203109962524,3,656,6,407.25286895867794,0,0,0,0
295.3145276805741,6,1128,10,178.55906990267889,0,0,1,0
30.22454835537795,2,336,14,19.87687311724251,1,0,0,0
414.4211934160649,3,104,19,555.1351010329599,0,0,1,0
198.50769195694008,2,1679,9,274.34045517812467,0,0,0,0
12.12185311583943,4,1581,19,12.607121568559375,0,0,0,0
59.788206346962504,3,971,13,94.51917828018169,0,0,1,0
609.953146920289,2,973,17,503.7456142297806,0,0,1,0
36.46249715253287,5,647,7,41.40170455457662,0,0,0,0
357.24350132205774,3,1252,13,234.09891734188548,0,0,0,0
61.621963815634224,5,367,5,92.30411640199249,0,0,1,0
134.78965659119896,4,1254,8,100.31152892138495,0,0,0,0
382.0934756356441,2,1286,8,244.5424692015289,0,0,0,0
18295.462033707347,10,385,2,491.23634676513916,0,0,1,1
34.01268365166331,6,616,4,45.26255629402542,0,0,1,0
79.40614273876777,2,1445,21,59.55023376728526,0,0,0,0
51.055247806241695,1,800,16,33.718169973580025,0,0,1,0
260.12593693294286,3,1294,9,200.8233177570753,1,0,0,0
18.498726707121683,1,278,12,12.456325978936711,0,0,0,0
113.96334285835383,1,686,8,139.37828576624327,0,0,0,0
7560.816926736658,12,700,2,500.3522069084814,2,1,0,1
608.3813161351544,1,1787,6,610.6861834438461,0,0,0,0
134.95198496957758,1,768,12,133.28895547106472,0,0,0,0
466.00114421581424,2,658,6,313.21911695419925,0,0,0,0
140.95580907266742,5,1416,9,219.73618194573555,0,0,0,0
12650.282512127034,7,21,3,374.6777756050722,2,1,1,1
33.18462016666939,1,635,18,46.47994378557544,0,0,0,0
58.09201217903947,2,1082,8,61.231300041384905,0,0,0,0
98.2237411863032,2,913,15,116.26430704059904,0,0,0,0
89.05339775814149,4,250,19,115.75488308484626,0,0,1,0
159.27700118342182,3,1724,20,219.15575132781944,0,0,0,0
134.84942117916685,5,548,12,165.81966563308308,0,0,0,0
46.67290315383183,4,725,15,44.128668339541136,0,0,0,0
193.11761758904873,5,578,20,288.6817236867196,0,1,0,0
315.5858201509961,4,86,1,448.05877638279804,0,0,0,0
2500.0,10,7,0,746.1160241947251,1,0,1,1
121.39338015028746,4,111,11,191.64269919175265,0,0,0,0
581.2440578356724,4,880,19,750.8707037083154,0,0,0,0
50.60544748010404,5,1155,7,31.505256097629317,0,0,0,0
159.94885285438465,2,1011,23,137.47278962899296,0,0,0,0
161.8884734246334,4,796,9,173.76628416494077,0,0,0,0
561.2489015946426,2,87,10,719.7414798474416,0,0,0,0
73.77501109961887,1,609,9,57.52664577962149,0,0,0,0
473.1081516964966,3,1536,10,717.6513526896214,0,0,0,0
448.22265891199703,4,1669,14,542.6974573996458,0,0,0,0
135.55208274437868,2,1624,7,129.32958156887537,0,0,0,0
80.86404327287387,1,490,18,118.14761025513978,0,0,0,0
39.93759560410368,5,1121,8,32.39105478928243,0,0,0,0
287.4806383071804,6,1065,12,392.3803789753843,0,0,0,0
170.4995471717676,2,394,13,161.69791681661056,0,0,0,0
505.913105766539,3,1099,10,313.3659543506197,0,0,0,0
138.91330570521572,4,314,15,93.80552602419377,0,0,1,0
188.2813293991258,1,849,18,247.42221107860877,0,0,0,0
47.895718808437984,3,1666,9,36.797287594734165,0,0,0,0
196.21656256834046,3,985,18,213.43325763810498,0,0,0,0
228.73067598226072,1,1347,11,149.98796013593022,0,0,1,0
2500.0,7,193,9,444.0294992060611,3,0,1,1
1399.6117704428027,1,1650,14,2227.5870469905835,0,0,0,0
9366.350728979638,10,672,3,525.3533615714648,1,1,1,1
642.0485016866944,3,76,5,886.7714780938672,0,0,0,0
358.9830463289136,4,937,14,319.4233965055177,0,0,0,0
89.92752364281111,3,1065,9,116.7227769215944,0,0,0,0
397.63277316412655,2,754,13,359.4606780434199,0,0,1,0
416.17075499135586,5,202,14,255.84543495022325,0,0,0,0
173.45221219500317,4,387,17,150.93022281115125,0,0,0,0
32.91222743144979,2,643,5,26.91549847659882,0,0,0,0
392.87834372349687,3,1570,8,325.50032181592695,0,0,0,0
62.43216874083389,2,615,16,96.99979966844658,0,0,1,0
457.18656854822933,4,1608,11,654.2983801754573,1,0,0,0
724.9697905880109,2,862,11,1148.0484341240754,0,0,0,0
79.21926135947578,2,871,12,72.66240067011147,0,0,0,0
136.66192105672977,4,1240,12,125.01656490255505,0,0,0,0
57.24419365497828,4,1247,12,54.186616717771244,1,0,0,0
49.73800391695629,1,540,23,49.94760177700302,0,0,0,0
317.60922515061355,2,808,7,340.7198386116554,0,0,0,0
13.43343078966456,1,1177,10,11.874836027805937,0,0,0,0
29.99415618489302,3,1131,9,43.48318425377708,0,0,0,0
327.76885810636475,3,720,21,288.0320293875129,0,0,1,0
316.92226389135044,3,513,12,357.95448994395554,0,0,0,0
311.14955065371817,1,533,10,419.52583818200196,0,0,0,0
290.1718776289108,2,226,14,375.27138159507416,0,0,0,0
182.38308009868058,1,794,22,285.69280951082453,0,0,0,0
327.94153245747486,3,884,6,469.610747828958,0,0,0,0
538.3753059841973,1,147,8,727.6743915474267,0,0,0,0
217.86715762241673,6,154,18,216.23860726822534,0,0,0,0
37.03824941631865,2,661,8,42.668490770220856,0,0,0,0
1123.5540107306792,3,224,20,1276.5553138470184,0,0,0,0
418.91261650542737,1,699,20,609.7328592070936,0,0,1,0
248.6732850920633,5,1330,8,196.55807778797555,0,0,0,0
95.06174122465292,2,628,14,87.79622464609709,0,0,0,0
15.081730251061138,1,1531,11,12.098346318374887,0,0,0,0
10284.482913650962,11,492,2,402.06645647006565,1,1,1,1
211.76721661550647,3,1379,9,143.900773683175,0,1,0,0
440.4519908852508,5,835,7,546.8725088789998,0,0,0,0
505.15163583411277,5,84,19,766.6234885199714,0,0,0,0
67.69118597193395,2,1495,7,50.118025088732914,1,0,0,0
68.76804847994495,2,143,16,109.61689407833258,0,0,0,0
126.22536338712197,3,106,6,82.6801688450407,0,0,0,0
247.79313612653544,3,1225,16,191.24673288656967,0,0,0,0
36855.75435999032,7,1187,13,637.5480676072108,1,1,1,1
617.0897192829586,1,138,13,445.79735886326534,0,1,0,0
77.59940946116281,3,423,13,55.80906518700071,0,0,0,0
8424.921658704807,7,27,10,62.63945574874879,2,1,1,1
94.11728935513968,2,1683,18,125.66177071120495,0,0,0,0
183.72548275339818,4,195,10,185.80859181912956,0,0,0,0
292.6219366115517,5,313,19,330.8964616252004,0,0,1,0
539.4843381747909,2,1302,10,659.5598289108148,0,0,0,0
208.58469123167055,5,853,7,240.53549440432573,0,0,0,0
311.6677920775417,5,1067,14,258.94191468334617,0,0,0,0
48940.344052240864,5,359,16,811.3058082521704,2,0,1,1
47.54595843695185,1,1208,9,72.16477894585105,0,0,0,0
383.50064839959305,4,883,18,237.92360330878734,0,0,0,0
106.67758276571128,4,1136,14,163.37340543130003,0,0,0,0
